V1,V2,V3,V4,V5,V6,V7,V8,V9,V10,Time,Amount,Class
0.6503109138801002,2.913020980796972,-0.6122240683922686,-2.6103581950882773,4.364234818035182,2.175547618673276,7.474623243575491,-2.649484198226861,6.061396599970721,-2.1305576759017564,2.0104857272691845,83.8,0
-0.010060980274986364,-1.6752422197147938,-1.8355969905737375,-1.7389280288314493,-0.4783697690860267,-0.016948740532009808,-1.9449544745537277,1.698062461509196,-2.704362226821932,0.7551508871027532,23.274951175063308,76.56,0
3.62825140975958,-1.993501947911255,0.6943842726163618,0.7357723477215941,-0.8687802343471392,0.48045544475957097,-4.7049413385368615,-0.8164663990929462,-0.3751338774745361,-1.399282655338265,112.90592355256308,7.54,0
1.222024347428477,-1.0447770657749231,0.45859949303379643,1.1926235754972274,-1.5495341183579359,0.05253062474604138,-3.3527609816777524,-0.4164415200363619,0.7055488762588622,1.0348856340927983,233.90652363289703,167.3,0
-0.9510425453768313,2.0472365112636934,-0.2026163394419943,0.5655873309285875,-1.3534581756341595,1.5367283222718526,5.657442070091735,-5.908735742148899,1.2375388140760357,0.706629774737089,254.67645651461268,55.63,0
-0.18255951204001652,2.130866127520644,-1.1980787160846582,-1.563963779502743,3.654805327138268,-0.2684358187820068,6.108268973430932,-1.050049576980879,2.783887180453645,0.9488571838319981,270.45017708651784,30.39,0
0.6275734023519238,2.248648273484262,2.694828869226545,-0.8361085523452703,0.06230757389072927,-1.6117025654936596,5.220172651681436,-1.7079016754781655,-1.2409950766792353,1.7873232211046366,344.2409658553423,92.83,0
0.8153945369611831,-1.768985907272735,-0.7493770681564536,1.0031723709477423,-4.421666429835939,2.8501357898728594,-7.945907618626869,-0.33815679881165106,3.506835034407097,-0.43569013071532536,556.1159508193562,20.34,0
-1.6689477981595098,-0.35052733005212566,-1.2720927106747257,-2.477765142010913,2.432536079924313,0.6075045668966924,3.8249639143401577,0.8669837848554394,0.5996943788576966,1.6331000457387894,660.082635403161,77.87,0
1.840994287220524,-0.7251812959189712,0.5550912257777889,1.862200675097768,3.0407617524051336,-1.4991393658936203,1.4296017021411829,-1.447133711481177,2.2292218358577385,3.086182478952826,753.9729955734103,3.63,0
-0.818440187894351,-2.0736397641815345,0.7486608407252976,2.95599407594091,0.02613419453086574,-0.41773233455344927,-0.7738749782016989,-1.212834089114121,1.0138631728508067,3.808834762319275,800.413575195374,119.88,0
-1.7955364970733294,2.25164644618451,0.7270125688602402,-2.48196676473162,3.0909066019106315,0.7705168858189878,9.883284346130713,-2.393202443325628,1.19231585624903,0.6208945984511822,853.6287054659816,39.64,0
-1.638548868183341,0.8330977319534261,-0.6688603766018442,-2.1628673225123816,1.0494287989658113,1.8631097253351203,2.6133933775636637,0.44971363195890723,2.8309063725190855,-0.6313380298513589,874.641688626589,66.81,0
3.5298369663534483,-1.2566661741832579,1.881140059546968,-1.116076706445131,-0.6793885185383801,1.6739323774395636,0.300786570254938,-3.5368694753937233,0.8476773200035135,0.3254725890335807,903.6772202153209,17.25,0
1.2150672796715647,-1.0802767440013268,-0.27707797195179196,2.421439248681124,-1.9770008236579368,-0.5857489111027375,-6.59740351179,1.2446585740598763,-0.06230659772452252,-0.8122461494163535,918.1685954901795,74.47,0
-1.2046935157203518,0.5728163879993591,-0.1807200198270944,-0.7578337888530584,-1.6939514150654467,2.1962036535623417,0.38424019069353443,-1.071097640143823,1.0325345472588492,-1.7824705314942366,951.4020949207179,97.17,0
2.6696956699811656,-0.7252868680349938,1.709943817985117,0.1223690861868677,1.1374258526138155,-0.736487630736541,0.47896160546943134,-1.136469159286742,-0.5225198135765567,0.49829979938822244,954.2218389584946,42.66,0
1.1531225055616137,0.5372555895615323,-1.7708681020464052,0.35208056309951186,0.41179795676881514,2.125971403080757,2.3980582073593557,-4.867342344984429,2.7127625579166814,-0.9010937290954408,995.0965340754074,63.51,0
1.7636144096945863,2.065990920279452,2.9350032444483567,-0.37407293217145177,2.6860679042135938,-1.1959136982237686,8.41228584807691,-4.2835843436383225,1.257980096813738,2.7368135530482443,1102.2987006588692,40.61,0
-1.0310522046032,-0.20958218555638197,-2.113757770114044,-0.6355847567084426,2.5477777360396554,1.8601525796807028,2.325465843645298,-0.9035761076507569,4.084671174833563,0.26572378957307674,1103.4786326688427,146.94,0
2.256716870449809,-0.7920398995223303,-0.24982853939330107,1.6480157626321528,-0.25814838929021966,-1.0518923688511193,-2.364601656520455,-1.1870204474193478,1.0546735833789944,2.4877355337325566,1188.5118715554015,45.78,0
-1.3990483359147512,1.0515104144441785,0.5014519707635428,-1.911460721550493,1.610988109730784,4.446637152070238,6.905390685411567,-4.311975446797797,4.26875372325388,-2.7912147938138108,1201.3281557897535,120.86,0
2.5051113576065522,-1.0931906249068017,0.18417681772272365,1.4314388272910614,-0.602121871790384,-0.3033764097192512,-4.077730111587401,-0.2741901043836992,0.20614286989714292,-0.6182812770236323,1306.8647962229584,106.05,0
0.869376716545561,0.2595232428090404,2.2278678103582017,0.915886336449059,0.42321596156734054,-0.8425269193814905,1.2063476445254155,-0.815401527341189,-0.7648325013978747,-0.20442454960558298,1324.3448417861366,35.35,0
-1.0132871321163408,2.126067499393562,-1.5055784541807475,-1.0331403394012981,3.7680273363874974,-1.9533334662197424,6.64689384525384,-0.2715923220041154,1.3215781642703037,3.4297602384229906,1355.026885387226,18.0,0
0.2714383542047485,-1.9673310803681119,-0.07003004441796157,2.196457293089554,-1.521261721432286,0.6572399984526051,-5.724403319506822,0.7761510604078399,2.1578692611662076,0.6959941222770176,1437.6860168587796,34.87,0
2.799501484523919,-1.741818579516738,0.03291193421999128,2.0961654954212925,0.8275027551367393,-0.8460906882232782,-3.213067904154169,-0.7979721613047606,1.0226003688360281,1.2693718360579822,1445.2442283209066,114.75,0
1.463785528893017,0.022849615607920093,-2.4829361017538565,-0.13549326962849795,0.7477821856396885,-0.5730524623394446,-0.6053589194112947,-0.6592057798202919,-0.02234136118339669,0.5334055519675172,1531.5756676074259,17.79,0
-0.4573320750294275,1.3805972442423058,-2.3027349079522343,0.0368057634655794,3.557674731479396,-1.2424924159693937,2.6515017632542306,0.725324698399346,3.023877548149206,1.641108288786161,1561.8474569016882,49.31,0
2.6493701058519497,-0.7206495787100128,1.707681787636941,-0.21852973141553433,-0.39628590758024307,0.7057880395942164,0.542133826784106,-2.904340988580252,1.4008604209859916,1.5983821971437533,1564.559121088105,81.47,1
1.3248738466042829,-0.6571957732291913,-3.413761338197326,0.15554829617487842,0.7907232172858265,1.852881037957817,-1.2566312663224108,-2.271626608710339,3.63797049065301,-0.09787471582057394,1589.250519353603,29.35,0
-2.673620318115944,0.08970740146561018,-0.9035968111503948,-0.8357417306620016,-1.4561337794804752,1.374275784048559,3.511047103276294,-2.249989910729317,0.035969561495933,2.7622140542086133,1612.5039061217215,67.81,0
0.6592994162054275,1.141700689782585,1.5486113801229333,-0.44370033525620767,-1.7671547599974757,0.3324097590411224,0.8661131213881256,-1.5347076379367985,1.0941373507101821,0.9556254565936,1688.4024340349363,19.32,0
-3.4208891184468184,1.4892765559591545,0.5808418429739812,-3.0856822627123206,-0.0032580274086004835,1.0327007677815816,6.728309507836026,-0.3761886392187116,-0.0006876076369914941,2.085221883780318,1714.836290889997,8.52,0
0.5140232638503157,-0.46627542979564396,1.5011076176020506,1.2241608805528141,-0.6778238536689768,-0.07412915820333901,-0.6152043890023474,-0.961844281714654,0.6089339753524337,0.9820815887698306,1724.3326065800516,103.81,0
-1.2490661296124053,-0.03884366022484975,1.3218406883140543,1.880955132539835,-0.664314136786913,-0.11811103282140305,0.857317523645581,-1.2486672479868688,1.9546753259273215,2.8616423393577195,1750.6685999940557,7.77,0
5.069020326298098,-3.082376220222505,1.0613049560630214,0.1292476936021446,-1.7185818726479034,2.1215189012884634,-4.632088837651988,-3.3679158802493467,-0.11688956714596666,-1.4271450625621331,1777.1608976875825,21.58,0
0.6066787701691221,1.4103494702172987,-1.65556848623764,1.3573563577536563,1.7874656127858635,-0.6898235652873197,6.990949938474261,-6.235107041131209,0.18841927859735264,2.7815264646855127,1868.1552521619274,126.57,0
0.2779398318395352,-1.870533409602762,0.4140785457259256,1.8003038273860916,0.2441611582072578,0.8326399817825028,-1.3960460951598461,-1.335990398729069,2.5091324212808113,1.8995102145898524,1872.7461757955566,28.65,0
4.208917578631946,-2.7112930554675483,1.0211402086287822,-0.5236586913736887,-3.287747295729557,3.6213171081023905,-4.514080781854084,-4.142765174137547,1.2923998823050402,-1.405313993414639,1900.0791921854266,235.88,0
4.120779538381239,-2.0529672133786443,1.938000162296353,-0.5733724320249798,-0.1858255440058747,1.543350200949167,-0.7694019295466584,-3.322798428830029,0.36902968384999024,-0.258718959138015,1906.2024932702386,254.42,0
0.2625185053840614,-1.6240553073885264,1.2958852055939467,1.3614129745370276,0.5195039252597717,0.3044828964025666,-0.6416103883805749,-0.6523870242073704,0.9782838582687826,1.1380925508065631,1953.078322583083,21.3,0
-2.409689916431259,2.0327970840014418,-0.9045885361724478,-0.16627623930209368,2.2873503455749242,-1.0412955501566266,6.029634272669626,-0.6410213652409207,1.6754845518553978,2.936128288786594,1961.909815810015,3.72,0
-2.881921778265711,3.3581068533123317,-0.030645046311942092,-1.4812258922069885,2.761459878085364,-1.2441392528902362,9.654551558287404,-1.1486870870496977,1.6743090647487469,3.648092668565527,1973.0275408639236,80.36,0
-0.4143020180733079,0.08828278940175105,0.6402847545130702,0.2603143290394948,-1.2339239886720994,-0.6834220372775618,-0.18509040730984935,0.014226593153262135,0.783892813290761,3.366365951738117,2008.0292961197897,39.98,0
0.7770826113117519,-2.1021877262644866,-1.582172094008047,-3.363156201176113,-0.08658290341936536,1.773070405842874,-1.2258874948232885,0.7931963229571755,0.4146183095654279,1.510984798945869,2022.9023343002225,101.39,1
-0.1385756691907758,-2.166791019476093,-0.36924914933975916,1.6660878219914719,-0.6747692532837064,0.9927660945551079,-3.622748186615299,-0.07913072581413072,2.885272573892557,2.163006068600617,2091.418578911363,80.91,0
1.8468672084396838,-0.10452392518109377,2.146282877959984,-0.7265529255235508,1.4751884256621515,-0.12080110664450466,3.4485222422898283,-2.14639953082996,0.5657595749026889,1.491340581993297,2092.3445205885514,3.06,0
0.6369050850064164,-0.20608578109943743,-2.961065012061615,0.14649892302684275,2.720931669959171,0.36765955043536136,-0.2745626780042998,0.006375375927652138,3.2785228953601617,0.06941404629597425,2094.4698584647576,133.71,0
1.5901838340366257,3.850328160624455,-1.2702167058329923,-2.1201340793033445,5.000494670530194,-3.4936017509014308,5.051465545064991,2.1743610261347253,1.4321844592727273,0.7491109901669131,2100.293226400264,10.7,0
-1.1380332480712905,1.3726026169496257,-0.5619153219737842,-2.1908877066958077,1.6521581698758054,-0.3043712507291358,5.885808408648025,-0.8161911804735678,-0.2222319164836235,1.94895656832525,2100.69011129244,9.85,0
0.6491600972455491,-4.222476246649634,-1.321172562077983,3.827717398790406,-3.2243788143964194,2.3172019826335024,-11.058791033102354,0.4391438368091518,2.825673828581561,-0.5823350087522394,2143.4174687199957,13.56,0
-1.156193279308952,-2.108049899290275,-4.630174263533144,1.3499096803601356,-1.3766572104559485,0.17997400887512122,-4.606941580954073,0.35646740264720855,1.5615431161891369,4.3267225169364245,2178.579451811162,210.66,0
3.0132804763113694,-3.3277672951354833,-0.9196232796088433,1.8099045167621708,-3.3097845642605854,1.4896533651541375,-10.481703147370553,0.45710832748354635,1.4682261477455052,-0.730097692033207,2246.732382655187,77.79,0
0.28305430938578535,0.4285373365688212,-0.9385726780105935,-2.3144935126931583,1.6976005213174423,-0.09687030704945476,3.8550128761691784,-0.6288072409859641,-1.0402822267812306,0.6873716836866001,2262.722098464052,106.06,0
3.643592291389021,1.3789284064803833,3.1910611992915197,-1.611417134865361,3.0338413605421604,-1.4806911677982053,7.491409177968997,-3.7137046773292153,-0.31748814716692286,2.04517753322787,2375.2317331604595,33.95,0
-1.5094843400521363,2.8768011883920903,0.08975528449010639,-0.18905249480908148,0.1366546906017384,0.27824309774247236,5.793728645177616,-2.8175941193406926,1.6523690541616385,0.6664562197780151,2473.6799808679643,27.65,0
-0.6018997416694982,2.3526936801839984,-0.9431389697948037,-1.116668209065523,2.5254010684947663,0.17397023891736904,5.832818258464253,-1.7171023917715535,2.998904989761245,0.8085720850531283,2485.113881256292,18.37,0
1.0100421603111838,0.8498573553911362,1.5491448346617003,-0.21272426005768397,0.3403467140783485,-0.6779809869389065,3.8744684806716987,-2.721716593450309,1.998341247220618,4.379728711905067,2487.194835221814,43.59,0
-1.6433111187281932,2.214348520294937,-0.7333316681392743,-1.723766082314107,1.0102990623372352,-1.5131223509028418,5.52602329234158,-0.02932638445478364,-0.31093191946650567,3.3753679091427258,2513.3182274099972,53.17,0
1.653789498367049,-2.2787474906891627,0.4577254590457206,1.298358602537652,-0.9773482629489989,0.6771723832148272,-4.385824867952698,-0.3007031938442305,0.7892831259369706,0.34641312113033074,2539.017559576024,65.94,0
2.3681922386587697,0.4160250891757713,0.7286412817613908,-0.5586544836228116,-2.417827294014912,0.7186434867660791,-1.6785923309913915,-1.87612515033947,0.9067289904307317,0.1755432323481575,2611.126232261286,20.32,0
1.940262581069046,-1.7089187180938068,-0.023314359545622,0.7800766554477955,-2.3124916739902943,1.5134437919859949,-5.239229616031557,-0.8607232796647144,2.015499543216145,0.12115990477413552,2660.237284258105,194.0,0
0.03852411596017702,0.07327524205180724,-0.7309461442130647,-0.4213626578897869,-0.08866344120519298,-0.5579781289237187,0.5694752196258619,-0.16635675634371627,-0.556596058917368,1.5806931311226502,2670.9033361882916,53.51,1
2.1787637485601206,-0.51429090277368,0.15336569989855375,0.4988504938444779,0.5536235439517176,-0.6787458809600824,-0.819055391396858,-0.9865769721275688,2.137710419836636,2.8556301898218486,2866.376838733543,220.13,0
-0.7639119418905533,0.12412240595550839,0.6454702049551353,-0.721790711421642,-0.25187144913711734,-0.08225062162026427,3.05993595111505,-1.248310169068219,-1.160479835883564,1.885789288617886,2867.1806533129143,20.53,1
-0.8707740691528651,-0.3760448112545617,0.989835097238285,-1.1465870750287908,-1.4288074710447864,1.321074422831755,1.826778009098949,-1.442831171431103,-0.21357358810110583,1.2965989146544055,2928.5564929195957,25.23,1
-0.4812024678782938,0.03347094986137078,-3.2315040272275244,0.7389939133121357,1.248791790632368,-2.457366724402583,1.0947989973843046,-0.04416096316548168,-0.6098728973940739,4.937209505260464,3033.0483897534755,27.36,0
-0.9909025160674969,-3.210096252424348,-1.53984976579699,4.096092002972955,-2.7603964287104814,0.8843478946980389,-10.189034213192398,2.248710702727263,2.445018078646009,0.46036295569560204,3088.6159219339065,39.76,0
-1.8116403482852235,-3.70179854091269,-1.270178237958401,3.3233395857666714,-7.010538474770846,2.630067672415432,-14.393211409914116,3.207895587633236,1.6246860303136166,-0.984135799260637,3111.5328077585373,55.96,0
0.47998239361647044,-1.3630398560909414,0.062429647073716676,2.399016368125727,-0.6998794476511172,0.5201101866556055,-3.7223451695344627,-0.4297463326117089,2.6115235733421938,0.8203601514800526,3129.43976424124,38.18,0
1.6405181351143687,-1.2786179107968898,1.8233763167369101,1.3366642736036756,-0.011438035491631582,-0.47807269823133297,-0.012980590943356827,-1.9136676203214638,-0.6440160728133935,1.512861527481885,3131.8342927020976,35.83,0
0.23615641307476432,0.40669003069974385,0.4895357284681662,0.9935933301993711,-0.4330080556844317,-0.5900889895741066,0.4903496676280626,-1.2262110726462545,2.2667579809100253,3.3203537061460673,3148.731472587793,86.77,0
1.093763755505106,-2.5327945660565225,-0.7200557266207932,1.6630931196345666,-3.14160639542714,1.3234705924588521,-7.5774441513124176,0.20181308877402704,1.5487410514448081,0.644510292214264,3150.5902864752898,76.27,0
-0.48427979892887374,-1.0741343715154357,-3.099787133981587,0.0919799009897313,0.24629882872098485,0.004230675174706372,-2.30374071426493,0.9828523981947517,0.994410376581799,1.8695368077826897,3177.9089074022513,117.44,0
-0.5478323109291581,-1.3946002404290123,1.1160046602549556,2.2373338863670997,-2.9242693406926197,-0.3787397174702859,-6.132253362298287,2.187994312459578,-1.7393319764082844,-1.0525181195291902,3303.2611174632243,19.7,0
-1.9802952603172825,3.1325522346199444,-0.10829360084244621,-1.1840161609782163,1.6290580508370178,2.6308804869850646,8.109848228363663,-4.080425747200575,5.893762834007004,-0.05933920731822062,3305.4854003631954,62.13,0
0.5960054012055076,-2.751143809375013,-0.3984542214780318,3.43768548665879,-2.2486014043088622,1.0553494358117652,-7.9828656459190555,0.35806460479885494,2.160487664252452,-0.09713600852200033,3308.233189853378,58.2,0
1.5536168704622577,1.0742395380176468,1.3635719881028125,-0.49041301906976487,-1.4913831355479472,0.2862548580134241,0.6724727839111929,-1.9453215113656652,0.941536653209421,0.5114738630947459,3310.0679032565017,31.01,0
-1.9840265406141426,1.4199061331231633,0.8787796908132928,-2.589205000111959,0.16051841241462816,1.7931752136606223,5.358285353158781,-1.0327995118844486,0.43817079918792323,-0.8509846686423088,3316.4254350241954,44.27,0
2.111653203374998,-0.9224064999131565,2.057953255519802,0.5816652095268184,1.5618954514123708,-0.09512712523889623,1.8706843699964226,-2.287546768007916,0.4566681960878415,0.8526555036166296,3339.8146225614587,25.48,0
-3.4615389416215545,1.3437633244607319,-0.025436811245110547,-2.1214470456718395,0.8562289101669229,0.7519797832063342,8.87575714558717,-2.514417138397075,0.2805151387430387,3.8411541922914805,3405.980923954126,10.94,0
0.32961660522672576,1.3407964303392947,-1.2825241545342052,-0.1652686680575146,0.6453553622877659,-1.1018171251656934,1.611598932571362,-0.5106300828824826,-0.26889976161189066,0.6527174346527316,3468.3029759911165,16.64,0
2.4701433541258666,-1.3051844104458385,-0.0222969309396448,1.2445214446260973,0.8078957953828498,-0.5343115544727345,-1.8764379145777172,-1.1070925494206978,1.7628916730696962,2.118956250122333,3557.000614314663,8.25,0
1.5582132734753746,0.18886048016566614,2.838876295283014,-0.5153421813004031,1.7329253873870951,0.034746662044928094,4.7198503527925455,-2.7462182419235033,0.7980972006893599,1.2738130590584302,3619.289266141734,75.69,0
-1.076638227518023,-3.0611652731026027,-0.05647270993715092,3.395379641380429,-1.4951126162065695,0.7351055225982606,-5.993986442028644,0.8371036369431846,1.764140257673534,1.5247380127065757,3675.3541949468977,71.26,0
2.019128765906092,1.1036477299116554,-3.3020138770282346,0.6596263302857208,2.874555905672587,-0.7977962033302619,2.5924540328435985,-3.016143153935336,2.7616624241428047,1.7464106224850369,3771.082962804586,196.52,0
0.3322592245618087,-2.1360257106546174,1.2042280270929226,3.022349218496298,3.031797650112436,-0.7726817364662876,-0.11971461594623617,-0.3334692555451557,1.5909174819446434,1.5351655908332336,3786.6232123215477,86.03,0
-1.2795339751388948,0.14178790123955465,3.1192183160043028,0.7158057585771193,-0.8425032386542868,-0.5783857965093993,2.24587427023446,-0.4382276329941418,-2.06444387232835,0.6063893138376819,3822.9497042107255,4.47,0
1.5001722119158405,-4.703583247579031,-1.5712688929989502,0.12308356055551128,6.3488699521713015,1.4888627085124675,0.43907175096026513,-0.23374820540960672,2.3364507804408463,0.3740149090939858,3875.1936472031252,9.29,1
-3.994267382673266,-2.4381367092384325,0.813200326274895,4.554455173136526,-1.674314413936275,0.2201381497756067,-6.552216217368907,3.6032860786495533,0.8107913165217662,-0.3990997048542957,3882.6964777162866,130.05,0
2.044117755490327,-3.0665718554185797,-0.23444920548794168,2.1301862111376337,-1.93043425988783,1.9486140945239148,-7.449337463313736,-0.6199181484181507,2.695754255872223,-0.48249495980632084,4021.3904951507097,39.07,0
-1.172306754129298,0.14292343144895103,-1.345903295048347,-0.9014724338188055,-0.17850511166401883,0.16973186827943076,0.7560575506344983,0.3883920356947024,-0.044976795576957995,1.1619364988029117,4035.2422455105257,58.3,0
1.081179940328623,-2.492582691023161,-2.8319474917721115,-0.6760659620651066,0.6271165675684299,0.9472363709508533,-0.17594154652209595,-2.0659165654547618,-1.6007223797803896,1.2676728850329653,4077.209890747433,243.64,0
-0.7065719431532846,-3.564934445342204,-1.711469701588317,4.721873836133725,-4.12140657436078,0.8582520609245597,-13.876640279642523,3.668835763203142,0.942947128169299,-1.9988387231627427,4084.747668806929,50.4,0
-1.5210990230348038,0.1869321012488786,-1.263133588980913,-0.3237988189710015,-0.9800734208500674,0.6311804680711856,-0.06357473861846864,0.12094232150886941,0.4955120042719532,0.7400634781628571,4096.699829772776,154.22,0
1.396227596410476,-1.8297615268186385,1.8545730742938153,0.8400630146171644,1.198495416239684,0.05189371418813627,1.6019993509460266,-2.3774859104467208,0.6570654138788674,2.7539466681582283,4180.3368004261865,6.63,0
-1.6350407272436005,2.4509598453235375,1.214321691089208,-2.4755763690292474,1.2943239265841977,-0.9482306111956504,7.715613451266608,-0.5641774072056309,-2.087316670289109,0.9423998690253776,4201.798999355224,14.78,0
0.6316968528761029,-1.2340597607606312,1.2473084259648066,1.5434557787877823,-1.0979494579760771,0.3000378011405975,-1.8008872702431982,-1.1397622369310842,0.7272546497147303,1.2309447439523784,4216.45505296977,38.78,0
0.7311316804857275,-2.584093962808871,0.2831609468910019,3.9913672196458103,-0.10161916681860539,-1.2658233710221476,-6.904291047486598,2.1806328396534536,-1.463974918825921,-1.5361711636448794,4248.619164080901,58.13,0
-1.3643957812083598,0.07734905199168174,-2.438635299404708,0.5512033740864899,0.0015214442298427944,-1.7994669373525598,1.2099971044462572,-0.17117512613653152,-1.1278245482666547,4.491519183707701,4315.103213826171,111.11,0
0.7091333461826961,-2.4931418631958713,0.5286692424326465,1.2228633643223348,-3.235766410838267,1.7970749275453335,-3.476166409137373,-2.438365699624367,-0.8887912005159202,0.4623621124390269,4353.4219321548335,101.05,1
-2.5391845325001206,2.204249630956088,2.470308769204084,-3.5540836833507012,3.2820096248882447,2.3547934854802928,11.032075634105373,-2.005676855122483,1.1294911710898796,-2.2663283772591196,4380.608462191058,33.01,0
0.19921411604576034,-2.2800450502002887,1.2068505818313535,2.6920427332904344,1.0639903581080175,-0.5140194734404061,-1.4954959268062344,-0.2898029214941491,0.3171179479426447,1.50961958553071,4386.762258107592,4.16,0
-1.490830721331561,3.038895907718174,-1.194293931239112,0.16707569292567181,1.6865122236764307,-0.6050489835352019,6.53119747291501,-2.665843657226567,3.200184446784371,2.8067375209634635,4392.425101379648,106.0,0
-0.19080095313188983,-1.5917778523930695,-3.217985987988901,0.5173194741176428,1.8883329456259048,0.857125339392305,1.0407790527815275,-2.0719608640293385,1.5929590688598578,2.174692930956481,4397.372911713752,61.27,0
-1.3090012502938806,-1.2483369681806336,-1.1782369788109548,-0.1256865512729547,-2.179597952667007,-0.27669313613860813,0.08334826797825062,-0.9121584563542805,-4.004937529733275,2.429375440451714,4430.948971352087,15.39,0
0.7035856514724087,-1.7841489475739152,0.014368441820293953,1.7126595444203225,1.1343346095115523,-0.27258319410299425,-0.7315901749008132,-1.1015815552011992,2.9605385842416982,4.19064490293335,4452.986666479877,45.39,0
-0.1529482552336099,-3.5667815036094437,-0.43694826701044254,-4.786836947181197,-0.7572418681649518,4.410946349089807,-2.891595170904675,2.148825051591919,1.4023630196227774,-0.8215466956593742,4460.297520871351,398.94,1
-2.015435584336544,0.45605154630649003,0.8816180604450651,1.606410173124344,-2.7464535262077803,-0.1803161724500664,-2.4571181879704884,1.0898133149748488,1.3992631065348649,1.6936306229448996,4526.791234340796,96.65,0
-0.6104609567734971,0.09428158367016959,-2.0035014877565267,-0.4241906410898355,2.8722051323143556,-0.7656343597474882,1.7636006010062115,1.0411143992636762,1.107153344252586,1.2845693203191961,4556.213193125146,150.39,1
0.15579168914716335,0.1329448242569552,-1.2247261453043123,-1.9939904885351711,1.6526890997261336,-0.22626356097074787,2.2550396340994854,0.44919947384306513,-0.8172399040602605,0.40348122251316454,4581.154461592249,24.67,0
2.0485434548371595,-0.8464287451959646,0.6739466934799165,-0.387608914883494,-2.548825602015308,1.8159106617674692,-3.323825933093952,-1.5169693477238217,2.5357506842189483,0.5723872942757416,4584.7648293960465,237.59,0
-0.77969291007732,1.399943813958518,0.12850529176104875,-1.8906024356054647,2.9140925270414804,0.6820043531427468,8.414315885452941,-2.9792241416852665,0.3557561163892433,0.430966179019455,4682.187504601947,71.77,0
-0.10149130510067428,1.578084165164797,2.299389072666092,-0.1540091569042643,-2.572776034776023,-0.8402662613052707,-0.05804411960210709,0.3344139947613147,-1.9256716478034628,-0.5229435612138196,4694.5303877767365,35.1,0
0.2608412912750724,-2.1889327950160915,-3.560593877205348,-0.45680615130194524,0.08951294109660657,-1.9735736681450673,-3.072947754898996,2.1317542583387583,-3.1962631146659373,3.8860483738449476,4758.345193443636,22.39,0
0.4839184613700577,-5.8797707442132445,-1.6924680109577865,4.139761600887591,-1.4249853656235771,2.3359539998284844,-11.160640607887714,0.9857760076654165,3.640081126309989,0.8962780389117089,4951.1394854187,86.37,0
1.797661851311981,-0.9150672539559683,-2.7064377622090827,-2.6096358711447945,4.294382482540845,1.0623204800765196,-0.24345507324367335,1.8577008284780518,2.7917403184728933,-1.7614687563227105,4973.646466944974,19.03,0
-3.110977963614993,3.0103442779710265,1.6962325991716432,-1.5191232539549433,0.4458404036378325,2.9577096281620596,8.441823452489432,-3.4230286290186043,3.567608188138679,-1.543044506922346,5040.5351579017,13.25,0
0.7620334886855162,-5.329697265863945,-1.7184191995705937,4.638199143954889,-1.3562873557374058,2.003472484079061,-10.904584728992527,0.5224914206466325,3.695418508265898,0.5519438817555662,5053.930508371821,50.05,0
-0.6263809210354268,1.2962605244160583,-1.2525091356121782,-1.9344115270294946,1.5097025257513819,1.3544921812093558,3.935597170425852,-1.2158327506892204,2.9915100851014973,0.3749173193406895,5179.43632999875,23.26,0
-0.7565846700113894,0.10167015516303746,-0.8797064590903148,-0.2579078812867881,0.6121825453464824,0.9634734626208876,3.707125894786886,-2.7833238983644852,0.01662836119841704,0.6148419487035602,5188.493720919078,65.43,0
1.497832957183464,0.47200530455132395,2.417655156235946,0.7952598660847309,0.2916181259118964,-0.6895183936166206,2.943881115559073,-2.8135566636857807,-0.8229439549772526,0.6433722646213842,5201.949118115913,9.16,0
0.4923416669689358,1.1852638555300938,0.9725691186618224,-0.22536633489092872,-1.4286357915224723,-0.6132257359757045,0.41801356144661,-0.6165347880463816,1.2356435093844085,2.3934338166557145,5250.883915613409,70.16,0
-0.3007480643287883,-2.5995971246147374,-1.2915841069230471,2.549649988211776,-4.434083159628049,1.7445834879421482,-10.220017409411195,1.553562557861425,2.2611842496543733,-0.05738647149039422,5264.12499418831,22.65,0
3.0023756070335783,-0.34039921290986364,0.7816580132481352,-0.9875197456674021,-1.0801513061219905,1.450832558116157,-0.4422552623804955,-2.916425061705816,2.7548354548883136,1.3356834302543987,5270.443189467741,1.02,0
0.6874589684009729,0.2657418628758529,-0.07326203288290711,-4.031300523749316,2.227788778712314,0.04514705636022287,3.622479831002888,1.2512008191405384,-2.2286265599277493,-1.1258026888912895,5296.752381163288,9.82,0
3.754236213609059,-1.2265952602723953,-4.156329326255819,0.29905655053736857,2.627909695458203,1.5906463526810393,-2.852424486765581,-2.0535546505252276,3.8594805710051885,-2.0430597728872746,5349.160670862561,177.3,0
4.243731295713836,-4.684676631416974,-1.1859850888345909,2.1344726406917673,-2.6748395161130354,2.2675277824791515,-10.928711542931074,-1.0070096950223892,2.1651382071012257,-0.4881079046760317,5379.969522443563,132.3,0
3.377054991497136,-2.0959708570912197,1.1438394075434375,0.8574171908043009,-2.6213250472509975,1.5744650369953088,-5.370077248439088,-1.884574834633872,0.20556075761501602,-1.4209158694860409,5382.5632346979755,18.29,0
0.9153979969593524,-0.41949600649864827,1.4458150141841228,-0.9284155200941873,-3.032779136399347,2.1527603876059294,-1.286041250728168,-1.971827766418305,1.7175375730701399,0.61848054575478,5388.445738589991,98.94,0
0.30717745917364847,0.5235510919226991,-1.3297023576776743,-0.5379320946851293,1.355485212489433,0.5271872104748485,1.4364034185601413,-0.7852934289393193,1.2204462555148767,-0.7738823871116447,5430.963286667678,61.97,0
-2.8282547347077656,1.2594896080546276,-0.754083304102764,-1.5017986295606431,0.1083486420041978,0.4010542606452134,4.212861637175775,-0.15494402835852783,1.1989807812804913,2.6099705064184553,5458.085825870944,230.92,0
-2.592460164457812,1.280586568208848,0.6672781574070428,-1.9775896471787022,0.2417288563743233,-0.1313137540168856,7.579990706955549,-1.8171185205102756,-2.2926320124409707,2.5392286044007375,5485.322656452434,31.41,0
-2.7957683268610936,2.550402346317208,1.098348794987773,-0.4923830052177206,0.8939346783481091,1.893860335544415,7.410156825740936,-3.0341460425298727,2.7924727145434947,-0.8595970168281382,5606.227476953907,75.36,0
-1.5338145261593934,-1.772238544409536,-0.4521729718206142,2.394219070189474,-3.646472989164277,1.7100598839287884,-6.369444431308463,0.44692746058778154,3.6036471723820127,2.0030130925408836,5620.523816088331,5.27,0
-0.9087986851853402,-2.0021395865240743,3.6785923674774903,1.0541332631373486,-4.43432767442069,4.029139892756628,-2.5425163992784485,-2.625820278388958,1.1970486025981133,-1.7801752223732845,5643.4857035608875,235.87,1
1.1884171134627155,1.7768475636458287,-2.201078191286161,0.09349242545110203,2.291256432214341,-0.7649202124847134,2.2154615591049196,-1.3236536659473552,2.5541980514349256,0.5002891232909326,5735.120468387251,216.75,0
-2.586991509270428,-0.05572596220124293,0.4397253980323923,-2.7622538049327217,0.26788325335312724,2.538639840126834,6.22340342135256,-2.0791800804661675,-0.2717684887098768,0.4826170633046608,5737.4971991481425,51.33,0
-0.8808123358009493,2.7387376812137187,-0.5113236801679528,-0.9454669254962714,2.5715820612360547,0.8821777045152817,7.238246386545944,-2.9647775827974243,3.802263716210278,0.30624057832901075,5794.404722342677,23.07,0
-3.7112220168787493,-1.7763230115591737,4.054382877828516,-2.0684959011567514,-1.9374117348992945,4.150027820679958,3.2205356753850327,-0.80421371321578,0.7062717366419149,0.034261386583178566,5808.430111671239,76.54,1
-1.8888597119642425,3.144834853143361,2.1712363916431063,-4.409509514173765,3.441841889209536,1.7622881391244092,10.282294844388149,-0.6184563380507699,1.9884064049923715,-2.318441345400232,5819.282589507383,80.03,0
1.382919193628609,0.9824540841755172,4.782862217411818,-0.19705882504438477,4.429022285684833,-1.2320962002758122,9.770263703139728,-3.5642862684156853,-0.9896775880419302,0.6351200495545771,5865.865099626039,68.29,0
-1.965139173875758,-1.2346376226232114,-0.8421841422821877,-2.3950047760302597,-0.869366132936938,2.717279162114594,1.542289557161195,-0.5924755964268285,0.02027577852225504,0.3508301214218822,5942.336448709739,31.44,0
0.37392644260616237,-0.6338367113762537,1.10921709085672,0.3205841445026615,-1.654340482118835,0.8650162437083235,-1.7193224377335419,-0.6203235978731094,1.5854134164941778,1.1283127383350835,5991.022090336318,196.96,0
4.173034797212594,-0.44786255123629737,1.4930154776422626,-2.1214875570342,-1.2984448380596891,1.2378824185873456,2.19586459939971,-5.0236186394674345,0.8708820459467463,2.8012903115749337,6032.716298995474,2.46,0
-0.22331305967734583,-3.0521655617586543,-1.991329322729694,2.3312319848824448,-6.757043162998853,3.244809649968898,-14.148518143398842,2.131333429381672,3.5183803751270264,-1.1614425546639522,6101.802133673311,24.53,0
-1.2953097383832202,1.5234264738590968,0.46851018701440195,-2.0645324705532353,-0.641034121138164,1.4004644934990609,5.353087686181577,-2.481141766983174,-0.2536326386634198,0.07346636609259927,6210.824912077032,166.05,0
-0.8619030063334879,-0.605394524899007,0.44472941659744614,-1.1188456537923308,0.5209806804590666,-0.1632832935695834,1.9739210643389702,0.5209544955565457,-3.4624013971794927,-0.7156986233324703,6224.051800758481,235.97,1
-1.0389877955230582,-1.3380212039520407,2.0552889138201103,1.0704095666277464,-0.24002192596320193,0.17868528317223872,0.5347880845311379,-0.4140342545677135,0.33923829668621797,2.193987981745037,6248.513754678894,273.4,1
0.5626909372358113,1.7796481434550664,2.7228604038107043,-0.008391179778660662,-0.23664502411887367,-0.16708832725192424,4.534052123348589,-2.9483265890594703,0.1732936959255763,0.42120497812717994,6315.782604150795,50.66,0
-1.7819210983574396,1.1997006498575769,-0.6251067985812321,-0.4311003422967128,0.6174413110998449,-1.5866203431032064,4.600174740309046,-0.5976006355761341,-1.7864734916211922,3.0910745831214546,6336.822574116226,113.85,0
4.3820960964126705,-5.665069431898184,-1.3891739009216777,3.1079534966545697,-0.7734541963000835,1.8253022882782803,-11.132266059321312,-0.5165385184320832,2.314614496887659,-0.5719312579662827,6338.857459495317,8.08,0
-1.0197972910003401,2.8395809372919674,0.5823786198971403,-1.2483345893973565,1.7097082090387206,-1.7947586787684922,6.445157207268837,-0.34479819240892906,-1.3000608834276988,0.894580856867019,6345.451440141894,187.23,0
-1.1612198928043522,-0.8375449484368611,0.5947081673846141,2.75477427543737,0.11294955863091682,-0.9000593626395957,-0.4960563995450392,-0.3315647615879148,1.0802749997583596,2.86007775191282,6374.064502863267,104.03,0
0.7443399783034147,2.08859875060663,2.452352867125221,-1.5271752327384243,-1.4285088538529844,-0.2689425465419882,4.315675148332075,-2.4780962351671665,-0.06660641873706519,1.9493694658810088,6394.919278837125,14.0,0
-3.272593786993294,0.8410315829252397,0.9757409056153468,-1.5390368447822111,-0.8128124716349805,1.7693591526531205,6.2316577519768925,-2.3326994440269293,-0.7043657116265272,0.8272714224781603,6453.767015864251,81.91,0
2.8134127627890657,-0.7772435973658653,2.060684203829862,-0.17240306394599614,1.9846047052137314,-0.9729314624917162,1.8909538609410403,-1.419889190148968,-0.2279033993493782,1.509985926470646,6492.284420931195,32.59,0
0.7554893879680784,-4.805460859209191,-1.1242453887225938,3.857457121163904,-2.42827598125204,1.3335663413547085,-12.10586127385393,2.3136349419813764,1.50576016676112,-0.7685114229011674,6640.0731006897595,34.45,0
3.4814973400413667,-0.9562071920103233,0.9420697300458797,-0.24756941975608981,-0.952446662482722,2.008416930036013,-0.7393663499601735,-4.028550374523629,2.983087953520731,0.6899148369673109,6727.097662675335,100.4,0
-1.0569265987485839,-1.7967176493681958,-0.360043040022334,3.0862689728424537,-2.920077460712836,0.7727555146845935,-6.092827460254732,0.37037937220377204,2.4348437560100953,1.8060200061473015,6728.489283628617,214.92,0
-1.1018961583236606,2.350002523433461,1.786295441234178,-2.733200268602214,2.141838372916515,2.6642586177818615,9.725141597339944,-3.968238891413856,1.5961848725858123,-2.5242643197778656,6735.626610243336,9.8,0
0.047868757477801505,-5.28018654155337,1.0550193453301844,3.0728775898857346,-1.2412276286951587,1.9588945213062527,-9.3814809375284,2.4135193484003197,-0.19244170795806825,-2.6687367706936955,6738.510972944722,36.48,0
-0.38465820575041243,1.3642168204161247,-1.3038494286325064,-0.5103755707472488,0.5019840361730523,1.212853018847819,1.7445972175440756,-1.2966118774989073,3.0308743537114338,-0.5530057699942454,6785.75478095752,43.62,0
-1.9892534973303193,3.9849581200740993,1.2851802549573974,-2.3282537714781055,2.7671574052439283,-0.08379593233392023,10.172870502991211,-1.6341935955146027,1.8866510286594758,0.3481859239574867,6793.137764541896,31.69,0
2.7680143565335857,-3.212777544960154,-1.1299833218586826,1.5417972299395528,0.31239525758997067,0.9485493550058752,-4.7033205113794905,-1.4494734596640475,4.0492974692733075,3.3416764513860118,6798.5638275184665,30.33,0
-0.910714665820975,1.2153434880875096,-1.302087804681049,-0.9172584622011762,0.34023763115517147,-1.7195782002858413,2.5488978909542923,0.4540750040130015,-1.2867107509359532,2.839160661811546,6806.908862119192,4.49,0
1.401946548887322,-1.037270670037339,-0.3504528326875349,0.7185316107321704,-3.321621431736092,1.620331519428717,-4.775705954299408,-1.4923581719451573,2.809907273342661,1.3922272368802935,6812.953004477819,76.2,0
2.7125408164721385,-3.8619554394941975,0.14492902140774067,1.6175210104981157,-1.85326938584972,1.6683007323967116,-7.308699259500417,-0.7221875647020903,1.1009431111382062,0.04389431263870647,6818.607283547402,38.25,0
0.5531342633414251,-0.3022096344587484,-1.7159688500166812,-1.9805125862990285,0.7335496568039118,1.2674514367809828,1.3533746482492326,-0.9932471951774265,0.5639801590678907,-0.01659168182938764,6846.133020196115,15.08,0
1.242500391106116,-1.1674515697439485,1.5369902615019018,2.0146907069844793,1.4555622026756039,-1.0984506160738619,1.6449074591624127,-2.2796142714753875,0.019711688801366534,2.6909156972292676,6922.215771960006,111.05,0
-3.3621429033541217,2.2497820514921982,2.322693885515333,-2.9716288832415065,0.17170375810941008,2.365338165958608,4.880179485584755,1.30681125046454,1.5363733232737666,-3.2923430174202437,6930.8682760769725,106.45,0
-1.9123619174376452,3.399269405217487,1.6262643833727735,-2.2254063726405526,1.9256756540212083,1.1463216286394384,7.828456313844747,-1.0989222951894893,2.3080848800883587,-1.9135778770292373,6956.582919995307,44.31,0
4.435695721995513,-1.8991541005423267,0.742747488886397,-1.7807544911511948,-1.403613427470995,2.636246554705807,-2.2089811726572672,-3.334811312511468,2.3646859943357423,0.4246531183611518,6972.622881356109,24.04,0
-0.20389942884237722,2.5365145955548773,4.318720893303238,-1.7940947465904826,0.5821270572015158,-0.5354084513395372,8.183934774743653,-2.352828619682446,-1.200811232954249,0.6511335351875535,7037.9370407180395,67.06,0
-3.226527877522288,2.185793699682016,0.5618749514650445,-1.331799166220844,-1.5063330708774174,-2.1541499103518222,4.89544383948971,0.7281422618610476,-3.4897821657737493,3.844565893102597,7045.944460663205,23.09,0
-0.33750950717588446,1.4389064616263578,3.082653987601348,-0.4897902874097073,-1.7466856326810642,0.0880804626851763,2.577228346402721,-1.2190569941306142,-1.1171182745412769,-0.3948034159599718,7062.096890847548,18.5,0
-3.637109831592711,1.3851433431429776,-0.6202253828953022,0.4005818874095921,-0.10144472460265663,-1.0825069873366526,5.8702474560274185,-1.6023565260949084,-0.6146202650979113,4.722104958273503,7183.790043907755,86.23,0
-2.2175395558204634,3.9140784932535224,0.8982595222051686,-0.3058208536681698,0.11722368320060006,-1.022242193265158,8.088030364141918,-2.716645663650497,0.20489297507894566,1.8865967812247928,7201.077224092001,3.68,0
0.9654503563911417,0.7628767027491206,3.406596453711825,-0.9268703193111225,0.8377492933919894,0.3688322252125435,6.452499725286452,-3.813836438814936,-0.14309770753871232,1.1920243647564286,7242.949448569301,7.47,0
-2.8286060150498895,-1.267213615441026,0.3624773880208627,-2.66751075321503,-0.44940310427187113,-0.7327837628886043,3.4002609796917036,1.689874691975736,-5.961332501174724,2.5803181648312616,7249.171408986746,1.44,0
-1.1973185671331201,-0.32005434505996044,1.933885169314578,1.9919414317915025,-1.814628148005783,-0.8881223759209949,-2.9989764327108626,1.9377668543664366,-1.9730034826630023,-1.1342718874461326,7261.8638696188345,11.79,0
2.6154159051508628,2.354402288851195,-1.2401174212519177,-1.3543733404913,3.6895808571634876,1.3405063262962107,4.012144906802476,-2.6602702544857495,4.604454116130521,-3.2912102484699144,7273.703169163334,5.65,0
0.6266185242307257,-0.4802326422448845,2.6022591044250762,0.4857552101375242,-0.04520344735960369,-0.204255676504673,0.8720385956005203,-0.7781692351555438,-0.4552623682408721,0.5250564703355154,7330.573130150885,356.76,0
-1.7405520071102094,1.0194436173945878,-0.6502110164396364,-1.1479121219516257,0.6302411831896175,1.2408545870459127,3.35561086999407,-0.780654159054239,1.9879154899548035,0.3129307155370099,7458.032785059552,23.15,0
-1.019420475319129,0.5466158912106769,-1.564120353722434,-1.3539894993102801,1.9136646130234296,-0.20133062874381058,4.469859706547779,-0.9003373954013217,0.5697651884187995,2.548862598294309,7460.421545723617,11.51,0
4.4756920295961145,-1.2834093056718028,2.7749431291289093,-0.6424717937337168,2.2502412340100078,0.8531163918147571,2.614985908332181,-3.854009108415523,0.7036355479643854,-0.4855664302659026,7501.685677312751,18.92,0
0.297591953899194,0.35265625439887094,-2.642772310617278,-0.23362912447897788,-1.021912118174157,-1.242914253691731,-4.653135600198403,3.0833188688474573,0.32150593020847973,0.7474312819164084,7558.111694986103,179.8,0
0.1406374727433961,-1.4593427050230727,0.38118540573332826,1.247118488066067,-4.5246939066099845,1.3999346529854524,-6.829458468622847,0.4943802973213427,-0.07660130760885275,-0.9249079971596237,7585.9100887112845,48.73,0
-1.221827372925309,3.54686049994658,-0.6159510693207075,-0.04518038720031503,2.7329510440027853,-0.8003108961343888,5.140266852281897,-0.3039528477480651,4.038562761257776,0.34102929376542257,7760.67246644242,30.5,0
-1.4963913637040243,-1.0092865858128242,0.6150008339247266,1.6465815173094869,-1.819622356467562,0.7678953339133532,-2.856131785447255,0.48518505873365125,2.3635826234013084,1.8551266597248113,7813.78619434953,135.33,0
0.34596809634351433,-1.8361508549812822,1.0637786910582603,1.6912026092688448,-0.615545776390539,-0.445064504679164,-4.134614672067093,1.6330759829963108,-1.2836466356310945,-0.7666005198187396,7815.275523740977,33.66,0
3.3016930313750326,-1.2875473894907017,-0.7733987765545047,0.1797177824452274,-4.158422540292566,1.5175697688742371,-6.338712375462902,-2.0316543788308468,1.7444635204049903,0.9991016218261406,7828.532888609293,27.52,0
3.640811227489073,-6.905803173181799,-1.912563985387298,4.385645516472995,-2.1352516934496926,2.924032672559666,-14.034666846551568,-0.5998145774238498,3.0909868449330986,-0.8079911638777679,7853.13452300392,16.1,0
4.943523184868084,-1.3963068882405867,0.5058646614982758,-2.454658450080743,-0.4060039356297861,2.53392694461724,-0.9323261838352243,-3.5256059115383565,3.042228055839392,0.5006398985088463,7888.103222811909,31.84,0
-0.07829285507379846,3.0283198089666286,4.051727456772415,-1.1484669255644233,0.30791737049953705,-1.0869407909927824,8.418698945924685,-3.030313645698483,-0.984801079174882,1.559888314494413,7904.22344280222,25.75,0
0.8501866956069779,-1.5287339491652339,0.5045188749698928,1.9871779670309513,-1.344693540790578,-0.2500292756920159,-3.2154946015745978,-0.673736027491126,0.4454543566590725,1.8839744423316682,7949.2565413588745,74.52,0
0.5349738952883587,0.23596242993351058,0.6567024679094111,0.3170978893566756,-2.383923797876015,0.776183439515825,-1.9973151654346406,-0.8828955277073586,1.7783052834503064,0.7615949750572479,8026.631318015607,23.22,0
1.41155792649097,-0.5618941943789226,-3.7058349185902517,1.3621579671682102,0.4281497518893832,-2.72047147443523,-1.9619271918294305,-0.22563171630044454,-1.8649226124836162,3.5585984857941466,8096.00979356982,56.96,0
1.53838861725061,0.08628387109151747,1.4612558154278725,0.7491895984654737,0.7201956600294406,-1.060707717479757,1.6353191174433082,-1.6735692032332243,0.02202588866348465,1.7244659486711935,8115.719058729512,5.43,0
-0.15464927863995992,0.5857763702369161,-1.8897780328892053,-0.45968498252136536,2.586432022239397,0.6543044815550462,4.139255080138209,-2.261525764628129,2.4781658546906855,1.0648467374218578,8319.082057059475,14.8,0
0.22619473682003832,2.049466457468423,-0.004747106889792296,-0.7049207306724147,0.70993602034955,0.07114896861296986,6.199476468919277,-3.8962146476565036,-0.48804079951729706,0.18741570261626084,8326.542941561589,35.01,0
-1.5521816725654034,1.6679313277982386,2.392697150270067,0.8482743306719616,1.1942492359962955,-1.232170762024547,6.000871451399078,-1.6901357785187408,0.6364397893593396,2.7355330299491145,8331.040315104081,180.65,0
-1.4627207301474852,-0.069335021987323,0.22113804520601155,1.4071838133088892,-3.088103891240696,-0.20265148381362305,-4.590515265519367,2.0279801010830636,0.9015483938625105,1.1010839948785438,8573.363712951112,31.78,0
-0.4409007956024382,-0.9230697763687927,0.2919288371645944,3.3150720459517484,0.6671175152404976,-2.3735384680223355,-1.2948609309692192,0.4532631844660233,-0.34713323384769823,3.1664315510208754,8636.376152392486,71.91,0
0.4431419664412486,0.2940716990712443,-2.2727697618953493,0.6429033046467021,-0.08372557690119331,-0.8150516197789257,-0.8364316286685095,-0.5179906775934,-0.012765579157474338,1.151421478782729,8679.054780974666,20.14,0
1.123334523717223,-0.1869613138656866,2.1697646908901365,0.2882770563167202,-0.834419160824446,0.7041048089022602,0.46506418822518725,-1.8693097624866506,0.47863522544889525,-0.1476553281837587,8681.992097411312,9.83,0
0.35184697115858365,-0.19822189834358273,0.3680589923989457,0.046004820754269815,-4.5347595935588405,1.8195797657564012,-4.7228209081449295,-0.4966203668521457,1.8037244719471555,0.05883570226228252,8700.39826030424,4.92,0
0.6864027794534029,0.8927405112831891,-1.841034769787056,-0.48738347035191376,1.4029704880178535,-0.8258387713149034,3.96159030175731,-2.5702600564440186,-0.33258769324384496,2.2020091351119038,8739.032340826747,24.69,0
-0.5643295362522611,-0.04921348851033858,-2.511339400748021,-0.882952279894358,1.413092750023844,0.568874509209046,0.936900119350002,0.006223973394370086,2.3515545982003223,1.5390689348258486,8747.56320809601,12.15,0
2.0866066972498754,-1.7737163719862954,0.6491631457972924,1.516351233182898,-0.6620995726370799,-0.13501140170019457,-4.069903442404265,-0.17690568567521914,0.15581314531971435,0.17225217142816984,8836.193913195006,13.43,0
2.677891464869384,0.4284966536425989,2.6754335703981225,-1.544354592461942,-1.499881687364617,1.4391723211232337,2.102583872065246,-3.6256772150585737,0.06340218345490001,-0.5691214252868761,8863.577103954052,93.97,0
1.3961767217809586,-0.6723245158211695,1.9277390464328787,0.6993901788591717,1.4369653618161546,-0.8566025408578208,1.3287336348653351,-0.9299596776524296,0.34557155892506664,1.6792021612758203,8886.38057007846,2.04,0
0.9077332483957645,0.6248391297235311,-1.4804514153796895,-0.5964689015100546,2.5693652007790106,-0.33774389577974007,2.461433803902925,-0.7868260526586063,0.6535733815190492,-0.3502570373066811,8895.52821599816,54.04,0
-0.8938000234919403,-1.905981540984513,-1.9720619510509985,-0.7514477857748239,-2.0084787446754255,1.0466008962154203,-0.7651015825975434,-1.2229105752646572,-2.2658135272462636,2.128313690401205,8928.355102495678,32.02,0
0.59720429671796,-0.15547948224883235,-2.4173785570148447,-1.1398906170250733,1.2044489549461381,-0.3977284996569734,0.08164953069215537,0.47070570984739035,0.23472772748240578,1.1902444264037872,8930.60141793541,46.91,0
0.6740409278888198,5.189624451801377,-2.088012029788888,0.7133048458400739,3.6774971795614073,-3.686945290883646,5.262172532942214,-0.38035203950162466,4.22695489776066,2.711903316696336,8955.10716291537,54.78,0
1.8965109520047612,-2.272242303448838,-2.12751989061375,0.3585009390095233,-5.021368954894213,2.765113192944501,-10.26393097613462,0.18599035882354298,4.429405754094106,1.163933031172906,8957.226087889174,25.44,0
1.8073841646455544,-3.2394934955161125,-1.5520813743004327,1.7671529689574856,-2.6524930307556946,2.500995574902777,-7.310013438056111,-1.7550179900212557,5.261321702370018,3.079300479025331,8978.096601377581,23.73,0
2.044143754156621,-1.3455305358859397,0.4341798548164595,1.9709044613831472,1.7240260843719062,-0.8554385600434093,-0.36206275546669286,-1.623701120642942,0.9975670929374508,1.7548129316037147,8980.637814974432,86.93,0
-1.8701582139532538,-1.0392950911830328,2.0550071096479208,2.896935342844079,-0.7120093053012648,-0.6184013516130598,-2.4508572365086017,1.7221210689243729,-1.3077868182601482,-1.0445946101020214,8983.760021747854,134.26,0
1.3503364903295092,-1.7012012990580239,0.8671037831865196,1.1297741423858696,-3.090406633903559,1.560857478789277,-5.258489618441561,-0.825931856773434,0.9951557755739718,-0.4644586507853292,9030.161540624908,14.9,0
-1.8284410170104932,2.5325925729624097,-0.9506871726112504,0.36368494361530423,0.73568580105848,-2.0261692164996994,5.377319966221382,-1.3390488051962826,0.1003421366811208,3.803012593447884,9046.947488395232,7.68,0
-0.035737467521509636,-0.832412052956812,1.3475068379855564,0.13306126426724918,-1.7332925401235628,1.4402713441940374,-2.058707413738155,-0.15441120116248164,1.2226463560844028,-0.32348426885782366,9117.836558139334,149.25,0
0.757854437213706,2.492990530244239,4.413218791438553,-1.5530335507584465,2.8668249573886655,-1.9891761066966045,10.404800064213063,-2.7992548550422205,-1.9754503030845134,1.8024537133897156,9218.533879681521,28.99,0
-1.5441009702392212,1.759646182349348,1.416235265414,-3.787978469793621,0.8379996044059523,0.7669359599911391,4.564334793321627,1.6877545443925412,-0.8086307248266096,-1.8944509201030497,9388.575617397782,53.09,0
0.9087364037879144,2.594520508188011,2.3930399864555083,-1.131353325201104,2.0306959914133986,-1.2566641031578698,9.622189180035345,-4.53512675551258,2.3745297557256135,5.559758975982583,9440.827776168013,29.96,0
-0.9691517358210924,5.436736852619239,1.6464224855172347,-0.9055775778912595,2.675240431024428,2.4900432229127776,10.51269101539457,-5.082155135320212,6.7340788672503225,-3.4278806813928258,9462.811188447015,9.74,0
-0.3068878183360153,1.4825080085810995,2.5608290070696675,-0.7347558477489617,-1.229254586488468,0.6252808487048185,4.078331802162073,-2.581181321937132,1.0563612399727118,1.5278768135506802,9608.634146383596,58.85,0
-0.5572012263148849,-2.033547975732005,1.0467048422474665,1.472348738933222,-3.3969656513361635,2.9503614312986306,-5.143843989352442,-0.6577335394711423,1.8911861743162839,-1.5336797628421976,9707.226165637461,49.41,0
-1.1174149707538008,-0.10486016360474393,-1.9109428523105931,0.9848436989042004,-2.2920751287044294,-0.5190700891281441,-0.7565339291634202,-1.2194184329986169,-1.3769940146231505,2.7343176453524833,9729.206037821494,15.75,0
3.500591515652147,-0.8167726046242183,0.8428913961692692,0.476168275255602,1.445273659370017,-0.7406276212471599,0.4099972564491711,-2.256913871619818,0.660726916096444,1.5670682437110122,9741.685821280205,40.08,0
-0.8245141967230716,-2.2169785015082946,-0.5992717433259813,2.630930159831495,-5.000693111760571,1.9532337115839369,-8.972920969204083,0.6980370325770597,2.2252189830501923,0.32478075632145387,9778.001382152459,104.63,0
-2.667949536521563,3.93036139159905,1.095793657805129,-2.670344369056188,2.627274157711233,-2.2736245718554713,7.411743779581502,2.754406492409489,0.09276123206076503,1.4282481732703642,9845.92402514524,59.02,0
3.464297482044134,-0.3181082430738691,1.757495375086877,-0.22469491265187647,1.943750908547802,-0.1549033747320441,2.529042386223483,-3.0145345556179537,1.2904092420137727,1.1192257527649436,9859.055814936746,7.63,0
2.1060014962436844,0.053410978375058926,2.2387065943201696,-0.6136473279373613,0.4902351882403575,0.8265542022791216,4.274962411702987,-4.362917430930768,1.1676336547494717,1.6943858417335185,9864.608732233606,52.62,0
0.42624366696997307,-2.434450434070487,0.5177928457502603,1.3425813952908534,-2.3342453558541245,1.2787263861833027,-5.466987011397975,0.2807848506915622,1.4399659211560185,0.924207541023746,9946.153730876133,79.85,0
-4.039749148685191,0.5736904719371874,1.7007769180990193,-2.6942517748895174,0.8224115457458063,0.6500602317152592,7.9363169473598925,-0.24044149166931883,-1.1552374551822975,2.88947778135744,9961.5022039915,262.84,1
-0.8689516209855619,0.013742098276657178,1.2445250961989662,-0.4609291783360985,-4.256640800028329,2.733639812166975,-1.519488304802844,-1.8271782911320087,2.896613438275338,1.1900665789827283,9976.117114100254,65.47,0
0.015492517566013109,0.017004074085292142,3.159210759758535,0.22542049159128463,-0.3664973275220802,0.755386756338627,3.0172710910866307,-2.3590953794153826,0.22028353493422492,0.426177383251789,9984.480940172154,11.77,0
2.9123926241442035,-3.3084368750970623,-1.421308237866178,1.3219432267210458,-3.9973269588007567,1.5091255011433045,-11.95147694384102,1.5691011452458796,0.8973011596688693,-1.3790481024371752,9995.214510154892,81.5,0
0.8759742439601415,1.3316057360071074,-1.8474167331506095,-0.6181975017842261,2.4141705094605275,-0.21103190578033384,-0.4974534695823846,1.6359557149151263,3.1063444549152175,-1.6777979396385394,9995.520864469352,74.53,0
0.37033446630804245,-1.950074983646449,1.460254500699986,1.9836170268859201,-0.29366723333160527,-0.20129200336677808,-2.4944875075169692,0.10602452695962605,-0.5390397670035927,0.4368062341163351,10036.848182664868,2.61,0
-0.6825193933347165,-2.747330488641172,3.1886383347535463,0.08509795551391397,0.6913721238144932,2.028785075457019,1.399011033461119,-1.0936149979047598,0.8322637902377574,0.7804327446995635,10038.289319484444,109.99,1
-0.07491265563166083,2.668150811568872,0.09391671870240836,-0.24382326660677023,-0.32837852203800777,0.7783056206719026,4.9614510150648,-3.9160338674145754,1.1777467800929693,-0.712558108846123,10050.703863346216,27.32,0
0.956133102123542,1.2867379090173345,-3.3823574042451314,1.273397696532248,2.519346925480849,-0.13005441566805107,1.5893573294916774,-2.429524527210411,4.786375676284149,1.477542240977907,10117.600573359605,72.95,0
-0.8554179545814429,0.005770171964901705,-2.080781833360067,0.006823195514101821,-1.9225847810536036,-0.0699124014974229,-0.20711901588505952,-1.1825244365889604,-0.6306226897109899,2.742959042594783,10285.868220094948,16.83,0
2.5633995814429795,-3.5678979710750065,-5.313838221794607,0.03821347692203192,2.0719836080271063,0.7698774221195861,-6.1584581838642,1.043742178446481,1.6785182249442745,0.4372767111525324,10392.596801415684,59.09,0
-0.4504088151577833,-0.588101843564218,0.02252870629062964,0.9534131677195895,1.7260921000635532,-0.22786007318390375,1.9058745860857094,-0.9104376837432688,0.7873062205962552,1.423684660212773,10414.205042036116,159.11,1
4.235478097674736,0.014502253387332464,2.601020476134101,-2.3964739066712792,-1.2944848700059606,1.5302898160609204,1.631410929398623,-3.9116905891086953,0.021195235757147546,-0.4348685437902622,10428.840113569424,104.9,0
4.143229311842173,0.21823145111237685,0.8401056713111898,-2.0160147946014444,-1.6354044017100573,0.8623356206808221,-0.14684209322441014,-3.1165879451483196,1.3885037441420391,1.481697531683663,10554.271462920457,166.37,0
2.2090996773604665,1.5577797907898234,1.779666476874791,-0.9252191105705034,-0.5400703462470009,0.12367329763984718,3.5117602457936137,-3.556247762637136,0.9826647993530718,1.1859041980971707,10601.215564723458,250.6,0
-3.3668102056292017,1.1567461213537487,0.3912569012703271,-1.9986682143113688,0.9773255484792484,-2.4291597882920875,8.884795989977667,-0.500605417077509,-4.747177686377046,5.610660953068581,10680.502007097672,1.7,0
-0.9907216490777397,-0.32192430457606536,2.1911399074346782,1.1405699756864376,1.0176939401325624,0.1869840809940665,3.101857003037383,-1.5854938262367155,2.368159787192264,2.8260306705950473,10748.717481260635,64.36,0
0.9841526897634651,-0.6044094587991647,2.1199321476649606,0.3918156227472057,0.328967091912433,0.44702883032679347,1.6277932566641737,-2.030043497795594,0.5388400311405397,0.7173279967935382,10760.792696389834,35.61,0
0.20249628125278674,0.8622797963449238,3.2901447266350843,-0.9517097022867818,-0.38154960013802475,-0.14345025143052867,4.0885176378627195,-1.6446468642583543,-0.8182395510110796,1.0991222064068766,10764.022716874833,128.73,0
-1.5622177912526403,2.678687381046962,-0.6637993038041157,-0.8108791437858701,1.0044627318172576,-0.006222836408852113,6.634733029561529,-2.59593909035517,2.159382916938771,2.3131853041545263,10781.695053782305,19.86,0
0.5320532087586345,1.9284325040845847,-1.7742308569305032,-2.012199548281333,4.092486369222131,0.6462412028351994,5.952495538513053,-1.7071364258842248,4.294542679911862,0.5149527639755788,10792.672177375545,258.72,0
0.8792431995367684,-1.6268494712347938,-3.4542142101247473,-0.8119334841741104,1.9071398372947301,3.400690993521654,2.3346716377834262,-4.663052031807597,4.054063031763999,0.8741306022814782,10804.543904363743,62.83,0
0.8540312239307417,-0.6236196958875225,1.7326135435930001,-0.517417380770149,-2.796647087057213,0.5551590981652667,-3.3207994397273697,0.8020613372458512,-1.6191620857519333,-1.3432672492827984,10811.204735521233,103.55,0
-2.3504911068052134,1.698095855934047,0.02382302729756325,-1.6296520002160921,1.1299025108034293,-0.595486869404869,5.919526150844585,-0.14962199195918635,-0.4400805412014108,2.1085596244206153,10826.47355708526,6.82,0
-1.183798357359028,-0.1365317871010836,-0.03785709085779265,-2.179347279505728,-1.1276633267229288,1.4468740200472971,0.981513268013161,0.30111809700654346,-1.2999335139698909,-0.9123287495906824,10832.766616258421,14.17,0
1.443096757644798,-1.7495676628487624,-0.6838837458595712,1.2625790576698375,-4.302060554945813,1.4881840370044832,-7.6464302071934265,-0.37720791721029534,1.6450688538385467,0.523782677203015,10951.194897694266,93.33,0
-0.16270056990335902,-0.8696623832735053,1.2518976265811366,0.8889181971905171,-3.280269971381993,0.9935274903050193,-5.242885993638135,1.2941273753434164,-0.20410030056202833,-1.73867599147249,10982.882929424884,2.45,0
1.3777295359932886,-0.27687187519302425,2.6882400403627846,-0.10403346409286951,-0.05859969541814203,-0.03655859840970297,1.3082773423765532,-1.280344096461603,-1.3496798916606214,-0.6077297266820476,10997.149124731797,111.34,0
0.9349215177392411,0.09612189760760037,-1.3285141000583338,-1.608444652471555,1.607589568376268,-1.890015964281632,0.801390494618732,1.5539527860755373,-0.2296917515292587,3.3838647157713395,11060.296693969696,106.02,1
-1.8341030112747165,1.5294028855001662,1.5856427238531905,1.6175214349288098,-0.06477914322209688,-1.8517333028806344,1.173718661910951,1.2948810135933497,-0.1761177308043147,0.9646460575869241,11095.304326583171,70.57,0
-1.437494454917917,2.484381003372774,0.9383526185890978,-2.169388575708413,1.4901746687294122,-0.7396559588219012,8.070296315667303,-1.389177573883381,-1.4440037210893792,1.1008726924705747,11206.70112665693,30.53,0
0.5532639986982778,-0.3834664644364383,1.6280037468601773,1.2125170624706374,-0.7209179078841854,-0.77012235253596,-0.9179608362089587,-0.21516040834015393,-0.8700083819844531,0.5601205312142952,11240.9152678563,62.45,0
3.1860631347098773,-2.964773899182793,-1.8605981809795087,1.2789338689316456,-4.492389751771524,1.7528045296837564,-10.860501061729629,-0.18718323269242199,1.9991688769416915,0.37948791731682774,11267.353369813027,78.4,0
0.7300898756210534,-0.35118440606690027,2.734557996886857,0.2646887857779746,0.1414055500736966,0.02317279811534253,2.4196022669768897,-1.9406159046128535,-0.5373968354957852,0.8378346610335744,11293.575690057241,28.25,0
2.651744599408726,-1.5759296442286947,1.9932453163521027,1.6456649578784597,1.6022785580864785,-1.0338525753380479,-0.39620500859436225,-1.1840938187377326,-1.8511408461587555,-0.7429341338790911,11295.27202712577,8.43,0
-2.045213369990825,1.666744021458784,-0.3043698550813241,-1.5216115810894038,2.065728297317839,1.0353852117696574,6.5172033530400535,-1.5283826500809288,2.4440527962211136,0.8905575952930085,11352.071627314406,5.69,0
-2.560635818746445,1.1970013120968053,-0.05579216201437032,-1.4960020040051467,-0.4703149018334609,-1.6196392693942196,4.106175409300845,0.8613633016207509,-2.9619351594122207,3.2600419774737994,11354.45289321929,58.79,0
1.2342800464956778,0.8854176605232169,3.449377860019726,-0.840859913323871,-1.1782401593795335,0.9391714887735715,3.665496858277469,-3.3676055698433314,-0.41352177256631184,-0.38118166268468867,11406.501067433745,48.8,0
-1.7871260147435986,-1.9716225946752135,-2.2027980748160587,-0.6303598427145229,-2.072508473570543,1.3574324750650306,-3.9778020359234785,1.8286995091399474,-0.3005055943208983,0.9632859641797387,11433.34463059131,89.11,0
-2.8000037519944105,2.5093744867917027,1.0915464275022089,-1.098730409002213,-1.0221135938415578,0.1022900416635615,7.838707330805742,-3.1135973839411872,-1.2895946480724283,2.152582007649258,11481.4963046779,47.33,0
2.5198799580282465,-1.1114266681796963,0.9372088350878083,0.2023903482275612,-0.8941865634150037,0.8388056460562736,-1.6163543057056502,-2.0847503578059587,1.37712421593424,0.9180039036576407,11484.862694139822,36.68,0
-1.6781577594742303,1.3819196780373506,3.178150967413401,-0.0072420059654549895,1.4303540058060618,-1.2782521095571073,5.5926193499136785,-0.06823340133917577,-0.7391086387858496,1.3320512080569586,11490.555000979151,34.0,0
-1.4121281782167336,2.262331418602975,0.30755390071199074,-2.676388564042038,2.055976046124427,-1.231194444110246,6.485266450996191,0.7364704715410288,-0.9565943265034906,1.3979642086301007,11502.38498357771,2.74,0
-1.7027928728622195,1.3401340393427175,-2.015742582692274,0.5000976232402421,-0.2639669080029172,-1.3939537171358447,4.042162974579127,-2.2339007755846696,0.006569058458376187,5.10791741967481,11517.472608887225,32.95,1
-0.6810053966024108,-2.6186858832185536,-1.169149912247911,2.7366206027501465,-2.4861201124008545,0.3704676417834788,-7.929257420611503,1.9333780294651284,2.0186275334417147,2.0469377704257434,11573.04015796692,243.49,0
-0.8903297083816644,-0.989841387873871,-2.293932568830998,-1.7380073698663379,2.1121833457699584,-0.45479682230825813,0.8353205578508652,2.03920126256477,-0.17248261622999683,2.2217407790259767,11580.457723409083,135.42,0
-0.0014980012098064766,-0.8158403381580773,2.3444924772332776,1.2644677685343166,-0.4939786129969508,-0.11553285500255767,-0.3992950300144151,-0.301607054017181,-1.081998655696597,-0.3843037006124692,11590.815292720268,26.97,0
4.13442339492676,0.8700448702766552,3.6640936073510844,-1.2676641299676374,2.3511742450412014,0.12667562519912753,9.318616801050716,-7.426073036578335,0.5249505249287816,2.5422744459335465,11618.066319648966,58.61,0
1.279662606229932,-1.8497564734106344,-0.133987403945379,1.7420264060962172,-2.705610475991628,0.8024194436533847,-6.004322329731065,-0.3279594585452553,0.985663054770272,0.4313895221801455,11621.821933561165,123.15,0
-3.1422493719534126,2.316934752007864,1.672411790717383,-2.709688211590539,-0.9647951460131865,2.567256859617445,6.629997181556561,-1.7656467555208313,1.3037927510971823,-0.8967673461979528,11638.18393380375,38.84,0
1.3107141439458974,-0.45120986634087634,0.960402430581963,1.1112409810952872,-0.16919508478060297,-0.4165249454780066,-0.24818547407801556,-1.509216815889174,0.6072199323373098,1.5391688871572837,11664.440066964431,2.18,0
0.20577430713721434,-2.178706037746693,-0.3685491143647226,2.323575200955845,-1.911851626998181,0.7770201121146868,-6.122432877089997,0.5340499571084278,2.474844554504126,1.4118842531784235,11683.450988734736,6.03,0
0.5596156507965635,-0.47328759445102175,1.8519026459144792,-0.4909115943638178,-4.809283356170529,1.6685460792514353,-3.846566940096876,-0.5551458481253728,-0.25015844474885673,-0.42450171713389806,11693.092936320274,47.42,0
1.682585818522071,-0.4638658942980407,0.19228708476440404,-0.2299860809210399,-2.125177292152098,0.8413473319198382,-2.6172552039926344,-1.1304865434168232,1.921249720111308,1.5378651346195835,11722.243813373705,227.72,0
0.8514723838049139,1.9862749840627605,3.0981588888504796,-1.812600419261789,-0.8494974269947696,0.18957256356844773,6.0169517026668915,-3.496299559927023,0.6158265151789395,2.4342223672885313,11780.175061813288,77.8,0
-1.8454355552565638,1.3039521506050105,-0.6724505383553284,0.11081363998191218,-1.2666625818182977,1.7229332195818337,2.0419064432601304,-2.1294594656912746,2.4326867932353533,0.07867238100443186,11811.433013560849,5.78,0
-0.1490065851858331,4.459059602615561,-1.0214539080289275,-0.6263441273290403,4.624007869934859,-3.3136320544835085,6.858481809357809,0.7148771678441723,2.7090540621871853,2.0314418592227907,11828.2382034077,14.65,0
-0.38725314570793534,-0.7558842488256698,0.01761395228383722,2.03642839994396,-1.0262080898645554,-0.784157355511447,-3.4768700513845596,1.1476120071738647,0.7600035597342232,1.4856784735843158,11829.666700842288,96.9,0
-3.3094256267608904,0.5073443292128912,2.129057473076166,-4.163459866240435,1.9315149945075993,1.2744456683452603,8.21205643126951,0.5981053122950097,0.3071211132951066,2.3026814015858985,11873.723510700456,64.26,1
0.31925312426626984,0.4433719686657127,1.1884433989146375,0.2923859507027954,-1.013235949844962,0.6720462128169159,1.6841670337251855,-2.637919053641725,2.5512022688928506,2.6224550780191076,11915.94522638958,63.5,0
2.59135133212634,-4.034219774116794,0.6775411689386222,0.9945330426927631,-0.953286976359395,2.2076012074671407,-5.470173963396567,-1.2459146345265777,1.2959867433617647,-0.1466991842966765,11924.512003494658,68.21,0
2.922311499480214,0.05497611419337911,2.120309957983431,-0.031513940552092556,1.82940135218556,-1.1144266186235672,2.9987057049065475,-2.3503250585449043,-0.005611560531169957,1.5606521453228708,11931.132611162833,2.87,0
-2.890989192028111,-0.44384104879489805,-0.9741192119698323,-0.5892522487370859,-1.63437559570011,-1.360879389299825,2.276887321165425,0.21183842882574289,-4.000988654679631,4.7059617716687026,11985.63279122859,115.62,0
0.7791389593144413,1.0832189848875329,-1.721041005823215,-0.8711619442401851,1.8858958340156062,-0.41281459551755645,2.127298650507124,-0.5810154289108777,1.145851210518223,0.29767677086457855,11996.440026524933,101.91,0
-3.870149321180098,4.524771536920689,1.0126866918855035,0.44514694108547537,-1.2319543252046201,-2.1202812263197313,6.363324541757244,-0.5242029890831656,0.05829173249009023,3.0561919885399456,12033.990402463713,20.49,0
-1.8850646954907408,-1.6391283313030127,1.731655028509141,-2.395138608933921,-1.4374937376868235,3.121341428928518,0.9769505377881577,0.02170051617262292,0.059471926539274245,-0.41321063121892876,12114.686530009201,254.27,1
0.18742408222284224,0.13308793606690572,0.27239096487960357,1.6958939773222999,-0.8977257290239724,-0.5542133590553917,-2.583935263175693,0.424002055982877,2.204252561281176,1.4061875499049243,12181.008207135395,16.72,0
-0.569824672101636,0.5505226096444771,2.9639232035777674,0.24254276963189336,0.1283250018273523,-0.5631487758368594,2.633602652707347,-0.25566643302590886,-1.6051939248221943,-0.5029924578535969,12194.279550794277,3.68,0
-1.7562858325662773,4.4207819421592705,1.9871654359856694,-2.889491496454333,1.613529812796561,-0.5920594003262049,11.471054160069077,-2.5476713413629644,-0.412841489659999,0.9018101650087347,12257.086947916048,15.6,0
0.10816622693419453,-1.1525400870785876,-0.6986149676294657,1.0474578159744006,5.1251385028691425,1.1103570231922668,3.4928894509380575,-1.7265815598539445,3.427003943387392,-0.7211170816968053,12270.124431346545,117.62,1
2.7060251829939577,1.402216543293501,2.65133179282193,-1.9501966769715242,0.98854099779902,0.6193860176182404,6.746472574455972,-4.9373098881347115,1.9379738196297438,2.2381350633923836,12274.828826803567,27.79,0
-1.183092266707477,0.4417260707845374,-2.4115322933498557,0.11161739102668711,0.29707921076241395,0.3008046860338233,2.0278509864959795,-1.6719990082719909,2.0440976452048236,2.9433452646464637,12296.15167796919,36.23,0
-1.4312476648504064,1.7282007911422284,-0.010727552951588892,-2.044556037553342,2.3088643829393454,-0.7805201442756025,4.247779808210739,1.787493585915576,0.1887540322535014,0.16049333599663096,12301.39845392757,47.17,0
0.10898986818039469,-3.228039464205156,-0.12220698423918086,2.420043891862994,-3.320586560442931,2.0978712156504598,-8.432961960698771,0.5813984723345484,2.2329894263613532,-0.0033108791156641892,12313.162557836686,43.1,0
1.2027561703683287,-1.3780221567066417,1.1390707151814439,1.662924891218387,-1.6267973330032848,-0.4007573416001303,-5.899739327996015,1.9070228500848305,-1.4508058874149095,-2.1772326696252713,12391.814392874094,21.52,0
-1.9369115065484954,1.506043973376991,-0.004044019807198707,-2.2458670205691362,2.599711449855445,0.37339773236833734,6.612854648063405,-0.24039856684652838,1.1191793311443465,0.8159886330030169,12402.85931594145,2.92,0
-1.418579403107951,-1.3051903396403441,1.1540102798892282,-1.0742350525284703,1.7528832046889464,0.026723669261254954,3.9232701964684944,-0.08579120288903208,-0.565947178701175,3.0492694009451453,12456.173260570758,375.49,1
0.5649695739851914,-0.7480261168501483,-0.4619918080562342,3.1598879903129453,-0.46059248426897914,-1.457887532892732,-3.692910941952934,0.20485164501338038,1.1665863960676175,2.08138880750199,12475.885071601586,33.74,0
-0.04025359369691239,-1.159324283493219,1.251848850057585,2.0978013788227843,-2.1460233874467423,0.4924892460610692,-4.734126634855555,0.72317207449516,0.6779574788414278,-0.7482964516163753,12496.286924571792,24.06,0
-1.0787087902265164,3.130562222550101,1.5099886812671395,-2.9984150687966435,2.9184510907094374,-1.5726061165031135,10.112353002075507,-0.864524308046465,-2.1777479773466357,0.9046096184906963,12518.822210899774,132.1,0
1.888485145559696,-1.838361278045542,2.016303802069581,1.7855592763700567,0.01669488632346705,-0.5222124495585139,-2.829024713442596,-0.04086965117462937,-1.427440928809193,-0.9390698885170068,12573.447499732642,90.27,0
1.3129377894142058,-1.521725253060092,-4.198951227464298,0.938365972285198,0.12853138319942503,-0.4815628916602683,-3.318138619377607,-0.6777710512963444,0.4173020437955015,2.4078135495156703,12597.437151573728,127.77,0
-0.29120986801450544,-0.886137098573394,1.261763337155415,1.66470431504773,0.3284058113420276,-0.2716078572785955,0.6022834217663032,-1.1258716836433074,1.2795726579430435,2.5960161980312035,12628.49391826819,45.41,0
1.9146410654495654,-2.317294392317216,0.9104819175438279,1.66309786542297,-0.47376878388877963,0.6723997914201643,-3.1456441428455797,-1.3747951201985953,0.6343103420807958,0.34444938644325995,12648.25562718706,10.12,0
-0.08338285717674854,1.7642534934142966,3.840101016749206,-0.5249599326804897,-0.3382605376198947,-0.4972825999671485,5.348329347776435,-2.0796950000275523,-1.7033846338471919,-0.08672353180026038,12700.237938626187,78.44,0
-0.2179686715651945,-2.236244877849332,1.8166956264014145,1.361341732848433,-2.1896126926476414,1.5007638484002306,-3.417980105735548,-0.3837103629596239,0.07349981033253905,-0.21553351321488345,12752.046386276923,16.0,0
-2.1260353421114697,-0.20134276770406978,-0.5526275749157247,-1.0679119976465286,-2.24996583110646,-1.1107562126783155,1.1850753002261434,0.5791317574905712,-4.4018489088705905,3.1292848816361976,12794.915819650814,38.83,0
-0.720715327059068,0.4970276603547651,-2.0321034152019615,-0.7847423668075353,3.3501559268404386,0.9368061220867785,7.894283746489387,-4.50100825488123,2.536146820349059,3.177121982329211,12805.417020937031,5.37,0
0.44118107240533244,-0.27903641733302587,-0.5613593920148903,1.4672648458540012,-2.6283568270588775,0.013204321294414944,-1.7673642735616684,-2.1269591874071794,-1.6259306020300515,0.3908401156530006,12882.351227864398,542.16,1
-2.35450147189805,-1.9066803853728986,-1.1725813738038338,-1.5597760925281454,-2.7899764648201186,1.8367066595421029,-1.3828582508223195,0.4904103012398531,-1.9220766508251739,1.3872596652743712,12983.808683947755,9.75,0
-1.5469194298856128,1.8033660300082182,-0.6832227057473379,-1.772133823223937,3.4014553833031163,0.6326685283035498,6.836851445560881,-0.9760440462717452,3.1396811702422402,0.9263052962792142,13060.848473982775,152.71,0
-0.5648679755469168,3.9938865502788197,3.1833046558134037,-1.690012565526819,2.3720186027644865,-1.8596481022146942,11.760705097989511,-3.318568936518208,1.2265613272391558,4.460089289665595,13064.551018574533,130.79,0
-0.44356041559906123,1.7921244415097575,-1.2393906512284358,-0.9173876054186402,2.4549027352967334,0.6043222157214876,5.27508816596428,-2.111799010624177,3.147476738196428,0.708344587845364,13080.912879131274,41.61,0
-0.42347175806800186,0.21501798048682197,-2.431374433200508,-0.4107024638195438,0.7802810899714414,-0.1401727058146428,1.113699851294109,-0.5405488777457031,1.2302339546279246,2.2108931949520265,13109.183097177125,89.66,0
-0.9749057055941415,0.6603651831026421,-1.7358983121394242,-1.0249982260830974,1.3334380487312385,-0.7113673533036172,2.1600277421349707,0.6586532578112416,0.5629713186851335,2.1243863387038573,13155.412519923872,63.8,0
-3.372003186246381,-0.026485744398393796,0.3010029604774944,-2.5705806749608078,-0.8163652274167694,1.1155043790546486,5.365900857136747,-0.7991814519360639,-1.31932672809804,3.223286508652628,13174.136865831942,105.32,1
1.5783262655977532,0.15359787133347602,1.8252189958610945,-0.3130792683269161,0.3119144650343415,-0.09245773013668492,3.4289859645234095,-3.1417890866986373,0.8770799537280399,2.7914390084312393,13271.56674873204,37.74,0
-4.337573444858705,3.096340475335838,1.142289198029236,-1.6798343865227165,0.013357278053274024,1.5074725244660079,9.855988793355767,-3.111850827421581,2.2583732214845007,2.32520900058205,13281.766607721054,101.16,0
-3.208030473830328,-0.02004658716608443,-1.0581425337787187,-0.07103232495416023,-2.1924706974051453,0.5085157789291879,3.9678666706331818,-2.8852044037817364,-1.390424083169595,4.5789085844874435,13297.513241527342,41.35,0
1.0574949773062992,-0.9740226858076192,0.5097907542047826,1.4472024333729252,-1.793173350966994,0.108804406589116,-3.9119363347334706,-0.1667666744369133,0.9026117367809134,0.7037855043658343,13300.70446901504,184.93,0
0.9855528285824746,-1.5711912139883077,0.14712923767277652,2.234861681796266,-0.45035130108378374,-0.8512739790746334,-4.680667977382981,1.1815323479735813,-0.5587877682286431,-0.24895406188842495,13302.051908826174,44.31,0
2.8236253475067086,-3.9904108035543127,-1.287933966158001,1.6602166580616595,-4.470099300663721,2.9166621288927854,-12.218833027475648,0.21680944453451634,2.7617481861170967,-1.008270609838763,13302.128418415428,41.37,0
1.8577868491708687,-2.6072100701206136,0.0011472758742182565,1.8092328989929296,-2.66505752140671,0.5130494068326896,-7.937914294370178,0.8684053168878973,-0.031475598670399396,-0.41892812977485083,13315.670634412425,100.93,0
-1.542069952777178,2.0256788403106256,-0.18832516892316442,-2.0199759721357626,3.504445551103388,0.6030294126741996,9.786249664917381,-2.95941357663564,1.9756970870880712,1.7321243496973295,13417.805031253354,113.03,0
-1.467613530036373,1.161876462580585,-0.9380260069124302,-0.47650988777647374,0.8000963173740525,-0.405956582552386,2.7188022074865414,0.048031471161665396,0.6091497506246966,1.2601508108071684,13432.54526754938,53.55,0
0.965704437726383,-0.6175760402142993,-4.140143631978962,0.7954414149466125,1.1403209044996732,-0.7278470442482707,-4.413873401507057,1.7618963216926855,2.5963967441251583,1.2119712140094734,13557.165059599018,13.88,0
0.17922634647149005,0.807854103654492,-2.776274958462692,0.9325573344475767,0.1849056072620875,-2.3573077891318537,-1.0298371270758726,0.7527070108409419,-1.6118591692969404,1.4515821849557227,13557.262695943557,316.12,1
2.9860902439931865,0.6668069427608332,2.224400733565149,-1.5266072225964549,1.4453606943282193,0.5595095158069724,5.507271127987826,-4.500285117796377,2.605307303286621,2.7317721468885408,13578.364308387585,224.88,0
-0.6957649364365073,0.06368209286577686,1.0103986451482807,2.4337569395920395,0.6799087513963573,-1.7670184413845498,0.06815747275082386,0.3885087697867948,0.7710420113779848,2.4000672236926275,13640.728829164798,91.89,0
-1.360624960652556,-0.07900660481579447,-0.2912898374819586,-3.01764653740815,1.7134762224596782,1.8173633416099197,3.9300355893846612,0.20959202598228455,0.6726073456474031,-0.5831359818111299,13645.871226575184,109.35,0
1.470872073798151,0.4159217403428186,1.6547757664342453,-0.1765260909762818,1.1518704896812668,-0.7917025713050491,3.317856847359085,-2.069933435961625,1.2852794656244328,3.0364048902169563,13721.457826315502,3.17,0
-3.3974139496359,1.0540322266740234,-0.5657704373717426,0.4519488773441096,-0.5175458260839441,-1.6451572813129507,1.3864026925577428,2.030280796248453,-1.038877324011822,2.7023815944613148,13723.666961296885,42.01,0
-0.7456737481503066,-3.3783279607147088,-0.11357659243397422,3.7412859580098172,-0.922676444176108,0.6373566595255833,-7.857303663968673,2.276938034086121,1.3380049024057283,-0.6680994282692438,13843.845455271865,68.61,0
-1.792066157593271,-2.4339727702851484,-0.940763814880125,2.7053379836049727,-4.061088166190176,1.2572237605929137,-9.585035237120263,2.8594154522690522,2.293124850317806,0.6924697710660672,13855.106433352916,116.19,0
-2.304381419782012,0.453827022336003,-1.1826353608452929,-0.3943351694862931,-1.194032432868731,2.3565322208556254,4.442060975460651,-4.180159938550316,2.0477494283260267,2.358974093281603,13864.391250331773,4.28,0
1.1705003381226498,2.30946080214162,2.4548986862874846,-1.7782441534062494,1.7995186186133427,-0.553573687706492,8.7305188636007,-4.0453480901815695,1.7516171593339616,3.6493093064011726,13927.94157723114,125.38,0
-0.9106685714115024,-2.0859295937937135,-2.112235737565729,2.427225116580808,-4.085738691753477,2.141464218466595,-9.48073739279003,1.2739982386727244,4.988858149754172,1.5107347731981602,13982.852111256376,52.67,0
-0.40608436401522097,0.8248937853581311,3.647572905024681,-0.9928776037918186,-2.3147498190717464,0.7919648023485941,1.0455054168217375,-0.1784354253921846,-1.5370907023657763,-1.7941322981829115,14004.786108841563,15.29,0
-1.551487944104057,-0.7505666229540067,1.0793371425413076,1.1755788282981086,-1.1906053729088302,0.16106545414603787,-2.119389682245331,1.3718650296373545,1.2158766705402841,1.319963294530801,14022.578051062126,25.81,0
1.8390963885998395,-2.523331116628961,-4.636483997845879,0.8840172777476694,-0.14241851332488542,0.3101424025764099,-2.8618493910968015,-2.5726324338422875,-0.1475525451801476,2.910986515654763,14057.069294920278,22.53,0
-2.9172492215270793,1.5302342427917899,0.3972211649114614,-1.9944293588902198,0.9162311505740129,2.156199917475606,7.50019619426924,-2.485040962467659,2.1430650150911847,0.7792899614481714,14105.66089488588,50.2,0
0.8018100809241951,2.0087027793064385,4.041460975360012,-1.0018062759982151,1.3277630590756528,-1.0223739226328832,8.6525949874256,-3.759528956062453,-0.5646727407634169,2.5235148204669104,14122.139745043283,4.45,0
1.7624835828230039,0.41691162852876396,3.012253435531971,-0.5420708657289137,2.5016077535426686,0.03757364876290827,6.194341739682814,-3.55940307253339,1.9273230798703294,2.2053130585699234,14127.960720765066,12.22,0
-4.46074175578975,1.6150529067682533,1.9053775689472165,-3.9776888587548354,-0.008136378137792999,1.4225141437286248,7.567670092118529,0.8451442807770431,-0.7709558545396911,0.8641014610179623,14199.264139926645,109.88,0
-0.8511217993644483,0.4185709350035267,-1.3273826609577866,0.09147829602700264,-0.16080175601588054,-0.07352220479451663,0.7710702336431736,-0.4606014002486326,0.06076543939343404,0.8326394729943748,14216.657635076293,10.25,0
2.573416950774681,-3.3487675953247735,0.6255979703465977,1.6712059812856332,-0.12969782815883846,0.9869823233108588,-3.2739296969522145,-2.208399624340284,0.8729085392305699,1.3596339890403377,14235.444682417618,18.28,0
-1.3177873970336538,2.6645374215656634,2.674730324150195,-4.310688739718055,3.099054860448393,0.5087171000922525,9.090965060914762,0.5041509914569957,-1.2053725522392789,-2.8179095141085484,14296.925194823214,40.26,0
1.671432855998076,-0.6609159590022544,1.373037521193013,-0.6319030423035847,-4.224755889413887,1.630236650115177,-4.674833307013672,-0.44347462234174795,-0.4725104336047252,-1.5762640450444856,14307.609817461853,48.32,0
-0.6427512407083502,1.5248251162215065,-2.2646748931111116,-0.7883948366770328,3.328161405241235,-0.6189006264981072,5.522028061023503,-1.4158646014258516,2.978321300774179,3.126324590258727,14422.593886165432,94.75,0
1.35385105723087,-0.09027094385060608,1.0383514888995165,-0.30450003923383573,-3.3911384149713024,1.765266675940893,-2.682581770913056,-1.726818821291356,2.0063287487496453,0.26437516093038516,14428.923845529962,39.54,0
0.9121567992979213,-1.6369739774842158,0.8390169301815011,2.2466985186513173,0.5235575875944489,0.0966470472450388,-0.7843524275386939,-1.8991298075931482,1.9142777121496009,2.23571007167186,14433.105256707244,102.4,0
2.0983568921545306,-0.9201369206743275,1.6647554344003748,0.835803373588575,-1.8793545887015468,0.9489279938523612,-2.489221262934407,-1.8879094754384536,0.9229816348114149,-0.1067105349820412,14438.18952184719,63.61,0
-0.7002627783991027,-2.3568498190618477,-0.9432427868508195,3.06755072201197,-1.7146796820238062,0.48788489968852755,-6.285808459123207,0.887437663761073,2.308935156529734,1.7715365109415955,14533.656096671557,8.8,0
2.9585118334979477,-2.160058072757635,-0.3796569291025367,0.37288428978562194,-1.8382818904919405,1.206102650688523,-4.5419135091696585,-1.8232839901313131,2.8872095010216743,2.792415472521399,14537.260038421355,12.05,0
-0.32061890747488486,-2.333227355831282,0.7280179552538173,2.141279358854523,-3.471053379580513,0.9987731357274438,-6.608793683841572,0.7898091184542295,0.07285264865603747,0.09272221568224615,14539.385951144439,38.34,0
-1.2384795722489386,1.3764856689768243,-0.7330300321170866,-0.40770407797591646,1.707359673177768,2.3584928334175417,4.165527579675245,-2.403450139084687,4.557178944698238,-1.2146792485094724,14612.8973352027,33.87,0
-0.08346991201150122,0.9593698252056762,-2.4994622428523883,-0.6772724592455595,1.7853791203155684,-2.515509200278618,2.9280369936609443,0.15370467733483095,-0.7836736270004703,4.283497490215334,14634.14547605302,89.45,0
-4.804556718596928,2.8643331723872807,2.49259508208375,-2.2621348312618945,-2.7014069039029205,-0.9801076564414072,6.727514478629429,0.6626449802773129,-3.939295979108156,2.483184550271062,14652.060372714797,57.5,0
-1.4750934513433918,1.0841488634486052,-0.04530869524472669,-0.8009674235471079,0.08505008112770573,0.63553444824876,3.966928116399962,-1.526277726297858,-0.10801922650455587,0.2301836316832212,14659.956993921163,32.93,0
-3.116447971609876,-0.4669221251860627,3.829823255835666,1.946288921343435,-0.14237484074527407,-0.6236144205335029,2.1137450770427857,0.8533424746333962,-2.2643049189885427,-0.059156058352655805,14705.88240149891,13.17,0
-4.773780118250091,3.9481137090955,1.5830971965025458,0.476526016205838,-2.4780559320832416,-0.14512901618936055,6.190287023831755,-1.6341830833906654,0.7905396911523584,1.9316313004895982,14748.04195092311,17.72,0
0.9459734075543504,-2.6036434791110827,-0.7232365547443738,3.010378838086102,-1.0659066909704078,0.9573638010614778,-5.435409718002278,-1.0322245509369181,2.891498007042024,1.5223568683309678,14748.42264398966,56.69,0
-0.576555117113212,1.4124269445269637,-1.1246412180757601,-1.0013513990549536,2.7398651070987428,0.5393801249434858,5.408432930982536,-1.855190069955634,2.5362502128043602,0.6718577919495072,14775.874131652085,36.79,0
-3.4238957885793995,1.8001856079685936,1.4814599548399219,-1.442689986459994,0.9948544241646315,0.6810091113904779,9.34048023875778,-2.5958624425047128,-0.8358753269297254,1.3284412376364443,14801.745530263197,48.02,0
1.2457200017814314,-3.9376847683785448,-1.3144275808560715,2.3765726941002567,-2.979326022178198,1.170523630531872,-10.834650814777131,1.9027106088876766,1.0810819143180967,0.006711074854908294,15019.825781506814,13.16,0
2.5812305493426626,-2.3973323728767237,0.06022527865178218,1.2836338173959845,-0.1761084413302526,0.8785106128534914,-2.7277591083310018,-2.346435489281329,2.605459770567345,2.5044644758366648,15031.312112691672,71.68,0
0.6498926957658473,1.7699867270882832,-0.8894257921998413,-1.7899178955875712,2.6489441186837146,-1.8436135157283617,3.804051360770638,0.7725382645905039,-0.7681616221036023,0.6652949541726068,15036.575322721896,125.42,0
-2.191907687695288,-1.746794640961838,-0.5847814362550938,4.755775918403305,-1.1886758769228751,-1.1249229652777424,-7.496273285840267,3.511757901626945,1.2794210199335294,0.5686374366904234,15049.630102309315,20.39,0
-3.6961190897118694,1.5700263319423202,1.0161012576961053,-2.074569967914841,0.32734607549358075,0.19452322140795691,7.765007470350975,-0.9108433605294871,-1.2769263661388361,2.3538180290963338,15144.6666407913,44.96,0
-1.9083524211280718,1.4067591877239933,-0.5507851029029638,0.6400509870046707,-0.9013583587460401,1.9637614080053956,4.4822584885331835,-4.433945979328124,2.433714930762193,0.7502273228720248,15183.331052227204,242.16,0
2.2914341197858423,-1.3087460805372526,1.02603963451127,-0.10922779961233231,-2.324421171084815,1.2160477562521972,-2.96402394426518,-1.6881365986743635,0.5939205245853407,0.5055998637638057,15272.918838924832,27.35,0
0.8677285860152053,2.194341055705462,2.2231636921150915,-0.7208253778182268,1.421115379779022,-1.460028201408235,6.7181828761538025,-2.719417646162599,0.7538404305663468,3.235481718843733,15291.504354571689,59.76,0
-0.5535600185556186,-0.8826104811832479,1.872529538541487,-1.5855652028338953,0.9220712658745345,0.7457168999797555,2.8884437838331327,-0.06411292230526411,-1.1232337138323214,0.16285568822276075,15310.154248637858,9.11,1
-0.10477711056578443,0.6974137444777229,-0.5313253250861543,-2.2989353990010963,1.5250444521879478,3.4396524100166155,3.5094582074338687,-2.1028248578770774,3.8354189646172605,-2.759509780007715,15310.894573960542,61.54,0
-1.421187896385976,1.4603089106895994,0.231571255031221,-2.883330240407242,3.387517339937548,-0.21616150064144313,5.406475808983031,1.8922381806010145,0.5141153968443579,-0.421416349192127,15327.79783321921,7.1,0
1.6902538826447453,-3.000021563059309,-0.5537674199552878,4.0825363129003795,0.051771593969561325,-0.45738474745151786,-5.967562595582455,-0.474207360476525,1.6155270862365056,1.5347882992699842,15400.701869647672,209.0,0
4.445394901016865,-0.7040630893922915,2.4842592780998074,-0.41872215545691494,3.065090037783313,-0.4269817594770701,5.5426553399680545,-5.227086631406079,1.1866472117628268,3.2439467350715314,15429.229838019002,82.74,0
-1.7762386612697068,0.9833301705946742,-0.6848255574924942,-0.32179909354855196,1.001290252459543,0.4137474338024393,5.011200396846153,-2.107455659946872,0.8180504983355448,1.622015471669151,15450.221199558444,101.87,0
1.2360935498456742,1.6489244737434112,-2.486629555821805,-2.288099710500416,6.008854207721063,-1.4634504647301847,3.9741527114810253,1.892232711289564,3.402389028827062,0.7660910548009932,15602.072265401755,80.15,0
-0.32655351145973144,1.2308440421847173,-2.694338929475559,0.1604631088601327,0.5756817826256626,-2.8984526178011247,-0.7300650638553595,2.211165507812755,-0.100315622182505,3.4783229789867014,15760.414606813696,58.91,0
-2.1416281840033395,3.6321667763874723,0.4990455529622555,-0.4019528501574281,1.8373555963354553,-0.43953819853811626,7.109812492301462,-1.2842823935544465,2.4775533651733923,0.49508557862543756,15774.337748643879,39.85,0
1.601120117401333,-1.5612355709534,0.8329439318200198,0.817285317305968,-2.8136560935741652,1.0302632662291553,-6.358779381562194,0.7322236002725002,0.4555949365961458,-1.3483617149026643,15792.448838130964,128.05,0
0.655928729691577,0.601527579399922,1.1661021197747603,1.1751808721657524,0.5800755450029349,-1.498730096014423,1.7690461269833493,-1.2053321633355953,0.4021909794335513,2.402253218671924,15808.925502332042,205.28,0
-0.17718628284365123,0.28635391399171617,0.47507320231433026,0.9490977880362895,1.5322924738198083,-0.7272318063831457,3.347124086243781,-1.9413468417025816,3.156597699443445,4.6910342896163,15825.382270842381,45.93,0
-0.11733913311112243,-0.6262224906665961,0.16135716214127382,0.6859151324396173,-4.428633890091726,1.515422281897425,-6.922597200249519,1.3688316938674716,1.3414084908896542,-1.1786716847587622,15909.175195051756,175.29,0
0.5720260342985617,-0.06147599091552158,-2.716908404517906,0.1186540587182836,2.382002798117223,-1.1968084183236998,-1.1992506092573012,1.763089700833807,1.1545488600130474,0.5998173906899653,15959.899257646208,57.91,0
0.8007857663387099,0.09538460322254627,3.4448843176381776,0.12996794184068572,0.1189714673606439,0.5117607854022037,3.62820998792284,-2.834506785147161,-0.43603132917987963,-0.11035804243259939,16005.683471276252,51.25,0
-3.145800732993557,2.0414293656248836,1.717863090485615,0.8248799568955019,-1.3768261802175656,0.6971984059967354,1.963377205503655,0.001742684888313084,3.9271644605680236,1.4826677495091316,16068.782561437238,821.24,1
0.8971503172241468,1.5280807034391564,2.9722317886353795,-0.9482069338187478,-2.228374063443285,0.3379969548343064,2.514503519996249,-2.3412509296142088,-1.126782971970437,-0.37781962674669867,16088.158276859383,16.26,0
1.54532083246553,-1.7864803815106507,1.5726554869804608,0.686452696593659,-1.5514260594888305,1.044669406684903,-4.156900166528803,0.06402508045433786,0.34385761473053433,-1.0518162725754379,16186.99988069438,1.24,0
1.450817238504476,1.4694213441000565,-3.065933713144784,0.6559358925352319,2.1578783072071053,-1.3856216863176936,1.2725690958405724,-1.3410617747730065,2.4228764733436563,1.7488700424753725,16204.58373721245,18.97,0
0.6888145749187498,1.3485639923537174,0.1786136730429262,0.6411853684590451,-0.41449976736253935,-0.5258467597547368,2.0763036745331354,-2.6293083492370393,3.793939947174392,4.579679142133449,16218.538817475952,47.33,0
-1.7070654568773418,-0.7175556014274209,-1.9346787914617307,-0.4863986888668098,0.7724785861566772,1.0383771152261916,3.054170169400628,-1.8454833854446706,0.8442513669241628,2.643814754149307,16226.043688411497,32.07,0
-0.9795773114208228,-0.972952655823927,-1.417999465663712,-0.738599536149841,-0.10172464542720894,1.1254485955507825,-2.3496219549801554,1.9262333307401422,0.5108366971035243,-1.1342473620480273,16240.079204502163,39.68,0
0.5072534406506117,-1.498692202589129,0.504152585115791,2.044657132383112,0.5310387378033787,-0.6127273603016916,-1.8433797624366994,-0.0904287577268248,0.8802013382408329,1.743771680247992,16319.743618624427,257.42,0
-0.435284215127299,0.9790774668628228,-1.1246518584448189,-0.6457518732946517,1.191150696099165,-0.33255949051978734,4.38743359461649,-2.0046356944024613,-0.12872440579296507,1.6926854918227465,16401.819482784525,29.03,0
-1.5633304984000684,-1.3471782633152625,-2.482908815526172,-1.6324261287971504,-0.15335988699417546,-1.5267884047915383,-1.9092705534859877,3.8210940428525246,-2.425278301816726,3.6489719067517674,16478.367195975014,40.12,0
-0.7755624827038927,2.501109286999832,0.5346824839174058,-2.932453188934896,2.0840359512933313,0.5367545654671855,6.046368150077803,-0.1242540152480146,1.2807107910327478,-1.079773905711336,16484.995119722797,10.32,0
-1.180307118918762,0.8010053495021319,4.093307117389941,-0.19499983983665836,0.49691326153821747,0.3031619649871856,5.1634383159317085,-1.3569992391128698,-0.800847070084693,-0.5238325366282968,16508.50223063066,4.19,0
0.9848667242905633,0.5578793252943983,-1.298258173510852,-0.8531337909910732,2.3760456452997616,2.765362186830787,4.468030234698906,-4.3695138177959185,3.651214728267874,-1.8834643186103288,16539.475193883947,98.08,0
-2.097672511783907,2.040057560079065,0.13642228419153923,-2.0948354363214152,0.726518146467639,1.272984407654712,6.655824546299635,-1.9202462591018024,1.757904162930695,0.949963481733545,16681.156449772174,55.96,0
-2.3261311426295928,-1.1456974774188802,-1.4076375664181313,-0.7273033499901556,0.021443957504465816,1.23631861031016,1.5087311396018752,-0.3196063802586008,-0.014712301481175638,1.7259448191683544,16705.69049895315,93.95,0
1.7988908035191167,0.2887233901089341,3.0929441229825585,-0.45253266867594855,2.2198904858448487,-0.43924839463928794,5.898645184837619,-3.2690426109619004,0.2932455691720799,1.847310655216904,16792.098123588803,11.55,0
-0.5061529822282175,1.0047020689410089,-1.5234236493659414,-0.5488284249872597,-0.6935102470984387,1.9091386673610276,3.9724051203255164,-4.521360136005521,2.2465843196908355,1.477988098654762,16877.741300303132,56.14,0
-0.837429649951112,0.4553126074331364,0.8523352487512017,-2.338416717694921,-0.031126053300434275,2.6803118118392537,4.513560341969082,-2.382895445855989,-0.2764601220744143,-2.366175139561816,16905.742960493055,20.02,0
2.6288140379340144,2.081552632026664,2.287815754385373,-1.6878777633661852,2.600239700659081,-1.5714374808619513,8.303995126025242,-3.9038004932721226,0.3049221059746199,3.289790388356256,16948.669959517465,17.83,0
-0.8435470417835274,-0.47988302562379725,-0.36569865592436557,1.1054780482350925,-1.4735375310048302,0.6476909370625045,-2.2835149158568924,-0.07919540365086497,3.663838119026272,3.049567606834538,17002.768270475055,1.75,0
-0.1147569510901626,0.30571513111445503,-3.6755634149541083,1.7265698804029488,1.7624458795737419,-0.526337584748123,-0.8177747229446585,-0.4815951472877943,3.8795692174302445,2.1819755138820582,17137.97560867091,10.08,0
-3.67936399983274,3.0994106367977015,1.6600993784981615,-1.8208220203587593,-0.5447611475379495,0.833909717849306,8.01615792240284,-1.6915606791805824,0.5381023925307596,0.9636056266927742,17183.472668814844,25.05,0
-5.664653315234864,0.05513032916023686,-0.4087743665186736,1.6337528726056934,-3.820527605448727,1.0358714453200444,3.3649461280179644,-2.879210135391805,-0.7321253251641588,4.849825994570136,17322.433411313083,9.08,0
-0.8073626819508644,0.7746641256797551,-1.451963431707405,-1.0887119977160014,2.8649664196788,2.325026433369891,4.333083439838821,-1.9917715559121785,4.86238346811009,-0.5698794238078175,17390.15628886656,277.81,0
0.4261906288448696,0.8540732731197557,-1.7508952611186457,-1.7821741206812787,2.7908417769704608,1.6299139553489714,5.243995419270817,-2.9526434852225263,3.2967741693830415,0.4027727090303529,17414.438638019325,24.99,0
2.2826797161818106,0.49025935806906984,-2.2454369723443675,-1.1624758184233888,2.1243852606467595,-0.885274755473323,0.72427854883885,-0.2859242916277306,-0.03405162795651706,-0.09953191971549313,17449.016858109117,10.08,0
1.236277991596615,0.4279122462903452,-1.9735132412109382,-2.1404156631384486,2.120970261462305,0.5539995765074807,-0.6639656913133233,1.773682051625093,2.2500177484174833,-1.6279704134172235,17460.716142639747,15.43,0
-1.2792974794901184,1.7438708202392865,-0.21493214235559965,-2.780367954736339,2.0641182167732373,-2.275674117732944,5.768653708696359,1.632728711882005,-2.4202139063332777,2.758798982681349,17473.998434018155,58.59,0
-0.26129078247447146,-0.20896171815960896,1.3443970336714401,1.8449752675456295,-0.20789170743070384,-1.1252715762090997,-0.4078489579206772,0.02454180291171304,-0.612922933829946,0.9296614867501626,17517.2366971859,5.3,0
-1.0338213684297897,0.12322175588901263,-1.3926204228375219,0.3034029158341873,-0.8895464482133737,1.8582576213453341,2.3528221306631476,-3.648337808518436,1.427839583035279,0.8930418859323819,17525.519156024613,129.94,0
3.13250850420161,-3.9392207877865677,-1.5061809601807732,1.9143158578918056,0.40212429121376503,0.9864927558875529,-6.580013370137759,-0.7036654856766354,3.2557825918232006,2.001037870182125,17534.28260725035,212.71,0
-2.391848295920142,1.8639818503353085,0.4238669336352847,-1.2075746361865451,-0.024219456770263603,0.20562312185309053,6.271804349247747,-1.839050640696895,-0.40344744231802165,1.6151321911369627,17588.011268805767,19.42,0
-0.26171752528614634,-0.5757584497124382,-1.7275862717059205,-1.017115856139768,1.5090355495291645,4.5172586997868125,3.387279399825537,-4.425986303156977,5.079227104952795,-1.557399871982816,17591.676413679976,39.87,0
-2.5023137597172544,1.455947385243649,0.07920065323663672,-1.8735600304283315,-0.838856347842657,-0.39900369414573333,4.936122783452705,-0.48169576703213146,-1.7343312732453953,2.682689065002069,17607.004657807138,2.45,0
-2.2610847498683064,3.2844143157505195,2.510889581225047,-3.098760679694905,1.3988536398449263,1.0641879882440275,12.598249297705003,-4.159538202429384,-0.8612557513062229,0.15952722711047385,17607.127830843478,67.54,0
-0.39204679120826713,-1.5134369651505999,-3.8711475415207617,0.08220333141928782,0.9180789202720478,-3.0163035064543515,-5.014933037289213,5.149000296753389,-1.5821982840708628,3.6780585251435496,17713.680996789375,35.73,0
-2.2307754154788793,-0.04719221846951793,-0.09999456754071545,-1.593921821024499,-1.3944575588116237,0.05565344127019075,0.1281135511242513,2.098180736961566,-2.242467284337603,0.4672157166123526,17714.758590686786,21.46,0
1.703890842765722,1.657904773297191,1.608730904779598,-1.2976173659502206,0.10766816281832137,0.0034680406811110035,5.658092469215417,-4.266009214092103,2.118372517275228,3.7189313940218534,17723.74393444432,16.06,0
0.03990998842555826,1.9261566761064808,3.901486847303957,0.28707805365115624,2.4042945001046503,-1.5325635367433197,8.373660748052936,-2.916832259376646,-0.7394723414736113,1.483372725027844,17819.804534849154,69.99,0
-0.572641404292656,0.7731485314595906,-0.6652516249830762,-1.445244523040412,0.2479231043995005,0.24931804858625511,3.1147617975347526,-1.0020342259696926,-0.5772563511131026,0.6556686093268684,17844.193533608366,35.98,0
1.4974819366131467,-0.7608583985172573,1.5466474202650438,0.2836288912822983,-2.132150989870741,0.16485444577887393,-3.1931523074100716,0.04570531765103292,-0.9999356139041884,-0.6600969097995235,17989.96296693436,13.87,0
2.432365785980233,1.0519564899569747,3.124564237388225,-1.5147143883351304,-0.859936938347755,-0.1657396530363384,3.160788840887258,-2.5700551231462234,-1.486975249078665,0.06485134587447228,17990.14741358394,76.94,0
-1.9160625874517496,0.8620871964135642,-1.4577847554424934,0.06054634799927827,1.751647331247039,-0.1912148294463529,3.924643989337219,-0.8413258742015988,1.711227342257028,2.28734544317568,18010.045925282477,55.12,0
1.0135095881695189,1.1089709527192377,-2.096181367620378,-1.7402009565721448,3.411549676505289,0.13683168692658632,2.645896771470822,0.03465664636772914,3.024652362796242,-0.13465370805211618,18049.740727706157,128.18,0
0.7862462850787488,-2.761688822293676,-0.685680781820778,1.8576507070585515,-4.9359758995685965,1.77794674820276,-10.80256372388745,1.5833441067758622,0.4839056209624836,-1.524127861514545,18069.322809784364,9.12,0
-3.134467205853373,1.949866355452372,-1.729952765144536,2.40845383865202,1.3781380816766697,-1.0692962452941892,3.4898776259902293,-0.7806104598762867,0.41851150921506763,0.11594690078390968,18131.93483066062,237.26,1
0.37007705260997337,1.8312394567729098,3.5895556869871723,-0.057517407708096435,0.9239733339512453,-1.916726587004464,5.583497595989909,-1.393026633805178,-2.3063356338515595,0.6581626229301396,18203.699718374373,73.76,0
2.732528065247971,0.9935009827951518,2.5688507308711395,-0.9216481104244076,-0.3408587116664006,-0.5405156095331094,3.4431928781604575,-3.244047443535001,-0.5553687365211182,1.4702828568527744,18207.058564947998,8.94,0
0.8209495608287243,0.12784086736051048,1.8705291493589,-0.2292081916447497,-1.7188379299563334,0.8307581101735912,-0.870117694565089,-0.7453338843904868,0.5692466459054792,-0.5712595877206061,18211.94808902874,78.15,0
-0.8458573505800615,1.207614863770171,-1.8043341621489728,-0.5460821860682532,0.8401385650121342,-0.9873058794443987,3.6167656227174625,-1.1557681303559257,0.3614550302928985,3.2525978614994147,18225.855352505765,38.87,0
-0.6895002686454295,-3.4747473182852904,0.9437864888933687,3.0610093145774147,-1.5078230700838031,1.2711420965434932,-6.339036455366097,1.1074043983671875,-0.046913866172582086,-1.314443103913956,18258.857440429347,189.51,0
-0.00076954925600492,0.80292104233093,-2.0598078968268205,0.29945351171509804,-0.16285245167855744,-1.0582885116617622,0.9677155914636372,-1.1119293779087742,-0.2507966102611814,2.2584739356856702,18295.082187228745,10.93,0
-1.6003179884390166,2.55618043930778,0.304830399839616,-1.0943689532003629,0.45007076561387127,0.472482980945767,3.8606748950723606,-0.23146265560506019,1.8699001913511046,-0.7566763109736436,18300.52300096932,67.92,0
-0.589727704516891,0.27968645282552373,-1.2856562516978065,-2.2875828235007636,1.2822633960520726,-0.226594031629875,1.1512997335027837,2.0058930115469074,-0.06161883999542672,0.6341734975358106,18419.275637220795,32.28,0
-1.629942508624623,0.6243660272247559,0.12911658807050652,-2.08117470612459,0.3832991256905621,1.794894558353415,7.280924411125365,-3.7629359123875865,-0.4012416773380143,1.2387990862398783,18420.178141515767,205.25,0
0.39582224373747543,0.2512808584582982,4.278552033100155,-0.416871737112124,0.4586568651486902,0.4161232837041492,5.585849342672156,-3.0916022659423095,-0.7596398768224268,0.6750617461146478,18468.332310771733,27.03,0
0.5239882689395507,-2.675370302446661,0.9349269246747527,0.9265687353065095,-2.830461840882207,2.2883615542027713,-5.7889718612191,-0.02145613086291165,1.401445854898215,-0.48934361299870166,18486.254389298414,213.88,0
-0.9260830112208982,0.7344790644695014,-1.5212924258182114,-0.6025120025330273,1.4450269659286883,3.4466227000472576,5.427316943147714,-4.943761505015219,5.198245939244865,0.10816334678791584,18519.3235595133,151.64,0
-1.5304512113000794,1.356587074697147,2.684936230684703,0.36786351698126796,-3.5329151592221395,-0.34236450368150717,-0.3304685612377268,0.4476874065881571,-1.5069761231426217,0.03736933566860556,18643.638584443008,21.49,0
-1.2153270748700153,1.5279653591303988,-0.16468554204785468,-1.005684410198276,1.5461679511328068,-0.4385053155563751,4.225250251332133,-0.0702895919821912,0.0791982840719756,0.3048293650200363,18666.85031378347,106.77,0
-1.8007942791731655,0.10370517584502648,-1.9028937893482216,-3.9152482523474843,0.6254484534286804,0.03356287609069394,4.457484821228515,0.63917046702226,-1.8597940261859023,3.311235972863527,18880.85554150258,203.56,1
-2.3927170561568247,4.001401261974335,0.29968349304624864,0.1328875064384074,-0.16076243366356602,-0.7106640003243999,7.828054949933946,-3.3292004072902524,1.5219517885354157,2.6101372139604706,18962.415131472604,19.93,0
0.5594603493170776,-1.3902675406142544,0.04414309211766998,-0.3226979282072442,-2.5866636859480456,2.182391663174056,-2.6502871279723714,-1.5779051769186667,3.360118266717355,2.62081568926675,19016.972558382546,38.32,0
1.7054633788648337,-1.0115333643459663,-5.199662914580846,1.6435011105732786,2.621552304989499,-2.7648700587436426,-4.555516161219032,2.3082886233922815,1.411367191192114,3.0948873590169,19082.625997438543,48.73,0
-2.528902193841238,2.8622150017072188,1.1864763893386296,-2.246978706832518,1.573269330042482,1.4038502221870277,11.415534558271467,-4.387423921985196,1.3376436402696235,1.3974944633377593,19089.926749104998,23.71,0
0.24976764112490368,-0.07437017658797296,-2.6438102063604085,0.020599502227172772,1.2509703474865228,0.8257099307599551,4.395331895915722,-4.714749952918415,1.4097550997502792,2.935319065109719,19117.16414585981,2.0,0
-0.7792424019362445,2.092816701341187,0.6855634292648378,-3.0891412491851034,1.2459183634794664,0.0502612800886186,5.983956188374194,-0.24636158705531153,-0.7603730575331589,-0.26147401552348115,19132.51852678735,17.16,0
0.46341993356684963,1.11734177922719,0.46585111696944137,1.2440058612619942,-0.5584756099995654,-1.4464425743072358,2.907563870279256,-2.9831354829541947,-0.6425559580560944,3.000766306088361,19178.98028008953,859.88,1
0.5774194113129343,-2.636867607240462,-1.0544121338132424,2.130509452330907,-1.5098712185696748,0.7263979724674154,-6.590414605470691,0.7110257255225301,2.2510269898810398,1.5196621327930366,19180.471471139204,39.11,0
0.7475470958336473,-1.7338609556843936,1.0869051626053934,1.0011277054749104,-0.8827916171404426,1.1063132185277404,-2.27352447459693,-0.9531126935651023,1.771146705543737,1.065150875705397,19214.924942502952,13.2,0
-0.5901322560015045,-1.8175344752774885,2.0745092381310215,1.4557904300314266,-0.777331203911832,1.288670178427661,-1.2166695423625755,-0.761632292806589,1.1364378128207542,0.4779317471294158,19269.31028911656,135.26,0
0.9263910026954455,-2.8907260038346507,-0.7720651208859688,2.764158153943471,-1.0175816083752574,0.7791759448015413,-6.45609032306913,0.11890736076727748,2.53239507310092,1.2448895416913812,19283.270392612365,80.33,0
2.451419260091392,0.4524097662832751,2.484613585954371,-0.3121537099042304,1.7652418471255396,-0.6468279980496705,5.269772826657964,-3.7832316077502384,0.5159303931910847,2.4152977516640783,19339.710231927376,6.79,0
-0.25137669616749836,1.336623213765071,0.009553292288804638,-2.649320698511905,1.8309895323502636,0.3668464598374155,3.9321924303171367,0.4547569422316773,0.11578506103019581,-1.1675957789925104,19360.322294639445,69.26,0
3.109041772885517,0.5498884729962119,3.8792938447054204,-1.3290087408639306,-0.4347303728182015,0.3511424005512162,4.48041617853107,-4.313489002728597,-1.5112613854607484,0.047575406062092984,19453.891463182717,69.92,0
-3.887529545514244,1.2440428509360157,0.8381728867168279,-1.7270423324675392,-1.5701538912367474,1.5703196233386878,6.739968466853527,-2.4657345336300915,-0.6181748377660896,2.233804425680554,19567.534321282506,204.36,0
0.8505851802418349,-2.9025179966791113,-1.3368176093850153,2.3505694601702003,-4.629644773119741,1.265043409610026,-11.434243668724923,1.8670741360275986,1.1458961291283671,-0.3642167874336064,19578.845616905815,1.2,0
0.7299683850720535,3.4940787684312142,-1.4466558041755122,-0.7755170670554429,3.6546071811266363,-3.729380036664626,2.871248721507551,2.723070254030742,1.1867608889864563,1.1671414309966217,19608.224470373792,19.52,0
-0.06641045941741086,1.4565568615719253,1.8697206685619279,-0.4248575701147941,-2.531913018222972,0.26648916259003946,1.6762037595307522,-1.8925241440928247,0.2351526611426974,1.2731197711633966,19622.751932095896,171.83,0
2.3001740585829324,-2.1658092845974144,2.762635409721435,-0.8927297700557075,-2.0311783665286947,2.008740218856939,-1.4470488259408334,-2.176449345387783,-0.90272611864408,-0.5514873227757142,19671.274392756724,175.86,0
2.5193894818280467,-2.91031317278699,-2.732078316818454,1.8466893835784588,-2.149219277247009,1.3911774736260525,-7.9162598386375045,-1.220594196215353,4.76339802233762,3.5219744566211397,19715.751628634887,83.88,0
-0.08979272472594535,0.9658952285749174,0.7184771472879175,-0.010840469793870877,-4.080360982841756,0.7727926056495925,-1.382784860406505,-1.5536572324618998,1.1080503114412257,1.6697309505744256,19783.463857788403,95.34,0
1.4367504262960673,0.4942408952670603,-1.9893497608802324,-2.395894149335943,3.4969431542702267,-0.7206275387747896,1.1931084208877858,1.9618318472234706,0.9466435605217391,-0.4287529318428316,19832.06105900078,7.24,0
-0.2537143957717445,-0.8790619080368627,-2.8856550742559914,-0.16182300132214245,0.3829142686036845,0.08690423465320488,-1.3131629473105744,0.33072545103045137,0.7650239535782385,1.7718690323488162,19843.803314934372,47.88,0
0.1432703726704898,-2.4478163257969685,-0.34023046266560475,3.82821542628259,0.6719431456225409,-0.6720344433396639,-4.785652510900436,0.8246790980533101,1.8104759467701608,1.4789782733484627,19860.421891893147,18.12,0
2.5327216189573836,-0.659332993362199,2.277493751919981,0.8841471726799037,1.6523589941743309,-0.9708339052402962,2.184176817725614,-2.3858721355801342,-0.7383987524456983,0.9549938787033133,19940.194168516922,14.0,0
-1.5865449871565875,1.147448358557072,-0.7847902474392419,-2.2135413960828894,1.3300727442701241,-1.533561574387172,3.5680044386902567,1.961559390879517,-1.2746458562081115,2.51121443318629,20022.173485942414,109.05,0
-2.1944321184246953,-1.2307435972445608,-1.5035309721795924,1.0197836550678723,-1.470181399846263,3.5286850258808515,1.8542982062081994,-4.665008566234322,2.1823776216208532,0.7538859404345225,20057.352279595125,10.43,0
1.3918562700560373,-0.7195768255671835,-2.7928844194711773,1.013930155532727,-3.524033097212652,-0.19197009683515281,-3.1022493308891126,-2.892404684885694,-1.8260269128590507,2.477854337200597,20068.812322650825,151.83,1
3.297051338277099,-2.482240725125142,0.5214602019742567,0.9339916105394255,0.3802468527482574,0.48151936571816784,-3.7596180946148543,-0.9059034470609915,0.7602372399406736,-0.1317704044807848,20106.746236424886,182.35,0
-2.097633723922347,1.4077805008932616,-0.03447421739562817,-1.578830727461529,-0.40081797293243193,1.9550053822077837,5.61513312132725,-2.866962347621179,1.4467368756299233,0.7920407700353558,20108.113554610267,14.36,0
1.3678578194276223,-2.402552422619584,-0.8562167817139748,1.2624962515026164,-2.6613846161705244,2.36939033925095,-6.003012591031947,-1.4663599686370785,4.174825511010875,1.7686765790596275,20145.555283224392,249.07,0
-0.16100979642305036,0.964155439819775,-2.142137853280494,1.2075596807565354,-0.1529219597423357,0.28628129003242564,2.134644515020772,-3.554172034819827,1.8306234542098796,1.8351182258634253,20199.981434405312,336.74,0
3.8726476034039523,0.05874290967819196,1.176354913691836,-0.2305999523399136,-0.8391044776196839,0.19613392219218453,-0.16411865696843578,-3.2898085439011964,1.2702561028740857,1.1944979782383907,20229.180438690295,53.72,0
-1.6359158395873776,-0.5315230795338373,-1.003132210029927,-1.208861186249156,-1.6352955347421618,0.8549307067801396,-0.9468546297449738,1.046667333057262,-0.9031025394497711,0.5465817461800868,20252.834901544335,13.12,0
0.7481926864893024,-2.388876578206908,-0.628333248827492,3.2733538893543437,-1.8330644307459036,0.2147613535151675,-7.479873174377374,0.7818428145917806,0.9303447756036866,-0.19810216332637243,20270.855052701765,25.7,0
1.126250344679301,-0.12950239927418306,2.4920540510052938,-0.35750386497036746,-0.4763229486384941,1.4051703144213314,4.173055110156572,-4.690070640798773,2.2957151376052245,3.0360219103663786,20308.535443083725,36.91,0
4.140089998361551,2.0150774750489946,1.3553308297994449,-3.0801382983185954,-1.2956489425550868,1.6930772815984618,5.644057507717412,-6.885725882724773,3.5388527384759225,3.352164122175565,20312.86466595801,25.06,0
5.54296887999806,-2.0653202612844703,-0.14564550098175344,0.1576005999036032,-0.13521257787587182,0.3832702561915493,-3.1204038918731696,-3.222701167151275,1.5715169818428585,1.8294509804374337,20347.38712341639,22.41,0
-1.5858829202891225,-0.2919602454088317,-1.439616593020589,-2.807111176167789,2.738694659131932,2.325178648693874,3.7865070453810623,0.18196829633360467,3.33399729874227,0.32283298710983965,20418.8822130222,233.95,0
0.44991638490786245,-0.8443986005655318,1.5482906898166193,1.358577551565873,-0.24086260723103503,-0.8965706619083383,-1.5635028075574025,0.5537663159458945,-0.791393442919186,0.5599010123909199,20448.49379156133,11.82,0
-0.02774626307240846,-0.31716970317983084,-1.549702535013814,-2.531166518912905,2.1952614228698177,-1.1358597280854914,-1.3110539883702177,4.796115671270514,-0.871532629197487,-0.31192490721637167,20477.25335776059,86.91,0
-0.18250125383059546,-0.6069226105241179,-1.285156738986961,-1.7872725122095057,1.4363733263570195,-0.28221805643068815,1.1048287437736306,1.22773785626132,-1.527560014101168,0.4405011972792212,20501.64272014508,1.03,0
-0.5100575084317911,-4.4982338867326614,-1.0351685646434556,3.906079286892416,-4.525029896920453,1.613169211249507,-14.108604421614507,3.5986904250558203,0.995025521209964,-1.4040014231226121,20512.93170397446,59.94,0
-0.13781754225647813,0.8601145224710207,-2.399829141124222,0.4022586870418916,-0.06987941681306276,-1.502860010311373,2.915953586190825,-2.5538571032025876,-0.7915526807701736,4.257289689674137,20531.73593112283,161.96,0
-2.954284491065102,-0.2095178388642842,-1.1879808130603537,-1.1691782353921136,-0.30652009356536136,0.03662878732952037,2.1224100665351187,0.8745759592457971,-0.5990389393712374,3.1035985242693895,20665.885698138532,23.07,0
-0.503052237066808,-1.0039341110780295,-2.526101323879227,-0.8870031621360999,1.4141781879275557,2.1543326337303066,2.842051266050898,-2.9092083371263175,2.44824671519467,1.6498923051918157,20694.89637836661,14.34,0
-0.028888652699997852,-1.6395166291580119,1.1224674527291594,0.7502681825991278,-2.1992295428508086,1.6659221665410866,-2.932945631275021,-0.7419540780147349,2.037213665941167,1.272070381454305,20712.73547526039,69.55,0
-0.8277221987338568,1.004670264598921,0.17116824620511029,-2.573992537908838,1.1861775492079916,0.05967874054799256,4.535814728964969,0.08656237569789771,-1.3359028812132143,-0.012644899162134182,20717.18095208465,82.05,0
-1.5561470761267528,0.43642044541056535,-0.33343149010627215,-1.13137206053108,-1.7916483019861102,-1.0504876241241206,0.12173632141444575,1.6043725886591584,-3.244895954487914,1.3254376550113904,20771.809192035576,76.72,0
1.7064813450482093,-2.2935354630051004,0.33063955620593366,2.44519585428571,-0.08204363241729784,-0.4618778157502368,-4.925096541662514,0.4369868856535135,0.5749448495837436,0.5474017072422679,20772.12476804114,26.0,0
-1.6779729722821424,0.12967649032010709,2.2361881338833003,2.0549110569917093,-1.7113948757859894,-0.4372282384015319,-0.4503163811720495,0.08128936211966664,-0.7831048007499115,0.25714301428177844,20802.97361475458,19.89,0
0.34775892565287747,0.2348641632681665,0.4305814552643906,0.6245256311932814,-2.893865646195103,0.2822082909384783,-3.4952455353428284,0.2177025589755417,0.7330959604269303,0.09970573398882876,20832.494354557675,203.91,0
-2.087854040327304,1.1345307124157946,1.1993631203908048,-0.3919440648767287,-1.1264845255709781,0.4756950335549809,2.687708630419321,-0.6722127204204982,2.709208524515377,3.369569289966382,20833.95786231378,167.91,0
1.1558253156575815,-0.9215580140355307,1.1479839562889635,1.366134777115359,1.3954767124503453,-0.6150335138403695,0.20677411370754356,-0.8590826970322881,1.2270897052499257,1.6401494952577136,20845.87852618382,40.73,0
1.0368699320079624,-0.656901336966737,0.6909068226694894,0.270237615380184,-2.321158435753091,1.172455952488064,-2.6194344544648014,-1.2383476003047824,2.9198699973724596,2.1368444342930646,20913.120083841357,122.68,0
-0.07434247251626402,-4.768666739889756,-1.4881001550617219,3.6174568406273657,-2.204790513753232,1.5023620724219275,-11.001206703422033,2.1289803974930233,2.642094479868053,0.9396152105075507,20975.317532195713,40.13,0
3.938755941798041,-1.9762683091668372,-0.04376382796722922,2.0219464904189803,-0.8122859559153022,-0.3299209937199147,-4.8882864566810875,-1.6974749198901486,-1.1227846522355116,-0.9375269507426203,20975.573057945432,155.92,1
0.7091670534830838,1.581219652204081,3.3169314186413916,0.03690083293657809,0.8551492476017839,-1.32305599507783,5.067522375924535,-1.9383005935364093,-0.9134084516644967,0.961856589299657,20995.437824798642,12.08,0
5.862356100227528,-0.6945974685977516,1.6405380734880308,-2.492593648934681,0.8964189737305763,1.6997001232445172,2.665796210351446,-5.343076463416499,2.2944580139866995,1.1622384325440112,21061.916928624538,37.13,0
2.4028709609815366,-1.2476552169337811,0.822809913219406,1.7939938920840395,2.450725045351497,-0.975825773591316,0.7575501540316255,-1.9802219816726256,0.6069925457578731,1.3306725848236451,21088.20698117778,51.11,0
-5.016761417630238,1.6254612657508312,2.9136737129999153,0.7956857818489705,-0.7467422824252812,1.3990713709723008,6.153818259417088,-1.5349900980007614,1.1109637944179882,0.3099435293958488,21100.59314093263,102.08,1
-2.145537289434176,-1.616073733907398,-1.7387793587263558,-0.21448222250666793,-0.9850963872307275,2.657864173421947,-1.423146133210942,-0.1962020196995624,1.7678600330355416,0.02423648517800925,21240.69323881897,39.17,0
-0.5935027382464138,1.9644733627138247,-0.6400354958193348,-2.361018992510842,3.816674291941669,-0.2310814768012721,6.069484912171092,0.26121955063139146,2.1015051134854765,0.36423222291330315,21254.969397383247,99.82,0
-1.7141007485463937,-0.4975718093486907,-1.6166056958056256,-1.0316480455146773,0.885592208719593,0.8452306050020543,3.9181604940035406,-1.7481421930790444,0.24456708425278817,2.7384751390341115,21478.56021830213,75.07,0
-1.3608711023483768,-0.6066585608588855,-1.683903240719021,-0.5824060017281413,-0.3788820609378918,3.1835844003640066,3.296956183069083,-4.249128493686787,2.508678832616181,1.1283433811480836,21490.859347288166,66.54,0
0.35247985390715453,1.6686730014741533,-1.6855570307590186,-1.9005810797800553,3.5990245189243115,-1.3356181268163767,1.909863833260514,2.7040202644631424,2.07463569973071,0.10584972797262993,21541.71131192451,157.2,0
0.45648380105690844,-4.067198251670284,-1.4407541437496296,2.3626502166800725,-4.763635412801132,2.8084722251971073,-12.05431318284976,1.2400255329206593,3.6014783118040263,0.7229808286611015,21569.036653471387,2.18,0
-1.10519111017918,-0.24733168668648486,-1.4355995162775805,1.516492669418537,1.4363447942790994,0.47519170179546605,-0.4201241809610987,0.11434918784033776,2.531287054850943,-0.27503718937686195,21632.104892600717,52.03,1
-1.6108715731999466,1.0327124323538237,-0.8837697189451993,-1.1042921008925481,1.2021379349073225,0.0017865571299299395,6.504864087315239,-2.5691610154276248,-0.00382279259977647,3.0140732657804867,21684.03208689324,101.63,0
-4.736098335670137,0.13187369368852275,2.009640917022746,0.8615649496011624,0.16343732559259438,3.3851075679774203,3.3442269483862916,-0.7684688536547135,3.8867713044057877,-1.7446946825212484,21695.077110986505,146.8,1
-1.6805839779133804,1.5125080392436892,-3.339273470985031,2.920506043192587,-0.9377103940310869,-1.9362597283228087,1.62255900668542,-2.799578808549842,1.8078716874203928,6.132854960106477,21773.150414898213,26.44,0
-1.7285577461925083,2.8339775577972106,0.6903551935364554,-2.2738833817391058,3.53784619417824,-1.1019781699775155,9.915659679130542,-1.0490363006118206,-0.04784524346595109,1.694292442986884,21818.54734234607,10.52,0
-2.0916813529177265,1.38811494102135,-0.2359320494978946,-2.6294654279556906,2.145348655078529,0.8710198030454886,5.010112400339606,0.8304790554020385,2.0457592340886546,0.36676727366650685,21956.05658624569,143.05,0
1.8469341271289996,-2.084624279032174,-0.12087942965113752,1.4685851969788035,-1.6875415570388848,1.3587414535513354,-6.1087394832609565,-0.2105898025584032,2.296775975339755,-0.38202942012138363,22030.04085096656,42.36,0
0.8716586798386738,-2.0588486727142,-3.4943826674299494,-1.4222034088074422,1.1892340268280976,-1.9582049082227064,-2.551163916548831,2.772699422945159,-2.9405395909899776,3.169757718708616,22045.87632307342,137.8,0
0.6913519593749816,0.16851504962331032,0.3822105076064729,0.07179284256662188,-2.9552470769241017,1.304941731509267,-1.7949865623538,-1.8765342476712852,2.777259647349264,1.9181675748826506,22068.889972168578,58.3,0
-2.1254045896549387,2.0231342494517826,-0.04715905231001538,-0.6452617112317928,0.6503925593551281,-1.1053201584390575,5.5704611464156955,-0.8000397966202887,-0.7094951671305332,2.279789544524573,22095.383251233754,73.89,0
-1.6463967562444575,1.6569660710223886,-0.08216644276540652,-2.0587272213790166,1.124729983274191,-0.2349687167323238,4.66009186721578,0.4221488800010289,0.037314530249562106,0.9534441437781203,22126.32097190308,107.01,0
-3.0816656199310772,0.3472808847103407,-0.8185164822304484,-0.3425625014044593,-2.394496757030047,0.13965708414929043,2.4798641702817052,-1.2011965105538704,-1.4112536740743575,3.641692577568278,22134.944972079364,70.96,0
1.8889512310526206,-0.27895379872904946,1.213522063796068,-0.2604122494240173,-0.5495228874641478,-0.4920420657597633,-0.6757624888916994,-0.5636084359802851,-0.13123044354696778,1.1771508214969837,22186.53321767284,33.99,0
-1.6576590799798085,3.0084944027900278,1.0101316697360567,-1.9630044710401582,0.34847938821160496,-0.9775864071160576,7.5143697679054915,-1.3721188881455448,-1.5345524352385143,1.4905437570038138,22268.71309941133,47.85,0
-0.6422762747684032,1.906895248335633,0.4476767156821526,-3.023664617820413,2.331284996768291,0.5595242614985431,6.16085648796843,-0.2865570345085934,0.5672705104343421,-0.9096866033651898,22270.415946160185,106.61,0
0.14696985102520677,-0.29804808774842184,3.3508391282467493,0.8562151195323942,1.574874544678663,-0.9030406165874663,3.469260501112945,-1.0096703926623973,-1.3115032316757969,0.5166051864853937,22318.746938178334,31.41,0
-2.5274563173711417,1.8310052662178624,1.4710929885306752,-4.373400041414216,2.905341559658404,1.9067073408704616,7.904852507784502,0.8433409520742843,1.6608355928013374,-1.5426948719269848,22380.178397668562,32.93,0
0.8625882235793859,-0.7376148582141941,1.3313548904362735,1.0325131999511372,-2.1866447638906195,0.2254164673135741,-2.124258516214791,-1.1365518606603107,-0.3316545511634781,0.6929754384605975,22408.52743714787,7.54,0
-3.008925567234494,3.7700191456106147,0.07316093394859458,-0.3127235436648742,0.04488282730945725,1.3897375209089997,8.103467260027323,-4.0164192586605925,4.541620696683939,1.837908609630622,22477.939746442033,160.91,0
-1.1403022488761005,0.16094677926363188,-1.002903365276439,0.06567024635339713,-1.8672252312712048,-0.0354959708796221,0.2243456863984472,-0.8445726864459087,-1.5869082182407968,1.26470228874657,22478.902294573203,7.2,0
-1.029252351916567,-0.09724910123027442,0.7870396491411267,0.9974677927597734,-5.427471577410877,1.170217673483574,-5.91801485241787,0.9389116665593982,0.31717752812974265,-0.5585282550109314,22576.72501269439,68.91,0
0.6365321813673138,-3.191597253948957,0.32350324114728946,1.684654610963803,-2.3154165104322466,1.87005837393301,-6.786407163573564,0.37352522840819957,1.0408445990395743,-0.6258067800638039,22586.753100706468,35.65,0
-1.0094808528967334,2.6926429005341412,-0.7118320615402467,-1.9314104854741894,2.6740873872358435,-0.49416859047634043,6.168771324955791,-0.3040286786300399,2.3982806810163613,1.3781701994952928,22614.96857213085,34.82,0
-0.3314710184439339,-2.413288076195476,-1.8653809063610889,-2.4517536318507243,0.12017253238886083,4.0680847209205675,-0.5620670766708852,-0.974106545037718,1.7412533913734556,-1.4830411996639392,22679.114863516574,74.97,0
-0.9484628420127176,2.396631147743671,-1.0274287757729776,0.9444923736515283,0.050522907188341515,-0.9791096699204687,4.035676264400142,-2.5691067144413227,0.9564186773064559,2.118802327285513,22721.319918371224,5.51,0
-1.7409179208297476,-0.5799631619119077,-1.1357138227853436,-0.8064341423328559,0.22847905164111015,1.1522462163866514,3.1343857631763243,-1.6883714852797562,-0.20293739440486736,1.6779759521875866,22734.895989990495,59.54,0
1.3029699763855997,-0.945500589210131,-0.09226359368648329,0.6166314582667385,-3.2019429983603547,1.0820115742012852,-5.62769269322202,0.0021826685028398796,1.4544036970779401,0.022366119940938067,22760.35693846737,97.11,0
-0.8647190706144278,-0.11270190056359919,-0.9988942288936513,-2.3656589454844466,-0.12501379716461547,2.921379924358617,1.3505205505924716,-0.7692616442081607,2.2609303063922184,-1.1171058862957697,22762.732052948297,115.5,0
2.069166156170632,-0.2632416315889914,0.4998402603771528,2.2566547029812365,0.009275069043432005,-2.0962658176908153,-2.251722173502077,-0.2877498495354437,-1.0276709754087494,0.8183252061480014,22900.263449791408,13.15,0
3.235614119778677,-1.6545101188530436,1.5007090749258225,1.9179653936604582,3.3421099287034286,-1.538178015986032,0.4076284543598133,-1.349556441308,-0.5092261455722089,0.3085707222080939,22933.28229864083,149.01,0
-1.1155029007106805,2.1501625266483986,0.5078116102159991,-1.2263184837206573,1.0629151933442347,-0.08892832028351354,6.257024264755406,-1.826934379728592,-0.34604827431745644,0.17878675334403094,23065.339233475086,70.39,0
-0.668762760182526,-1.6009532502759858,-2.7148648928230807,-0.49102237408171845,-0.3672640670632499,0.9826086072332433,-4.258053902585873,2.3037736320814193,1.1588145353805783,0.10221465989306067,23125.541126346976,139.83,0
-0.9278541718851976,-0.33660115770464283,-1.0303931190373685,-1.8528872788070645,0.5018293366128876,2.446699232420112,3.2825767084284867,-2.1445621949440454,1.325466859124596,0.044279791853955586,23157.83147627072,44.17,0
-0.4908829462691833,1.164775256780684,2.6941338661497762,-0.2979272169391731,-0.20164096974267653,-0.20914464577646572,4.9013758441080935,-2.3406390287057244,0.8635369804091293,2.896870726865373,23202.69423591321,51.76,0
-0.6644757336431251,-0.6281186760265225,-2.273873649952292,0.6191603789410143,-1.0347993457636706,0.86795410178202,-0.17672583126800956,-2.080334830693083,0.521386717161566,1.7148427367495724,23226.85617505475,164.4,0
-0.5643791096669855,1.0173748701610688,0.48382336780177604,-2.491693934040497,-0.15417964253146899,2.4258028895230037,4.30461680730521,-2.251048621843376,0.49805138954677974,-1.9048080677759467,23230.390361723457,150.61,0
-0.49567287331812837,-0.17277047692224512,-1.1843252170685665,-0.6467238305357161,-0.513256810353466,1.6613305032429087,2.6229035472895093,-3.1484959900546796,0.16434987745601382,0.5814836566637791,23356.734765953373,39.64,0
-0.9927470530469152,4.2892287529731306,-1.63854046661374,0.2938782217584408,1.634404331717442,-1.8793105533856185,6.708538561692657,-2.4621502842090797,3.6336198721659057,3.990435370108692,23389.18541758406,21.85,0
1.4239520572487376,-0.5092745111366475,0.9817437704373022,1.9548550986998108,1.034309390074581,-1.0277260842109461,0.34590633782503777,-1.6152538101876344,0.6767529841114108,1.6007705545546722,23407.40795812257,33.47,0
-2.94902556011466,5.196837842544213,0.2678290828049774,-1.0921853106095258,3.087051755045973,-1.179272143834126,11.824802246137038,-2.5212098150046347,3.9673715951885082,3.5829645303478537,23564.990981393814,32.89,0
-3.9556505940854123,-0.2760548461689891,0.03395167188389969,-1.553159423921917,-0.7046680504228378,2.1180534888921727,2.9800129368984374,0.21841154601429902,0.5464170558116106,0.8888808042453762,23576.789241803486,22.98,0
-1.0006196133014011,1.1172035364950315,-0.643644413647878,-2.180506671894122,1.8109507680853705,-1.0175959466178783,5.727871095546528,-0.34625880434808254,-1.3954796703442214,2.4518357384942853,23604.636150922626,21.33,0
3.4514400683753355,-4.988465994315959,-0.08591057833629434,1.2670913018965497,-1.8546924431457605,2.5464584003447457,-9.415639551285832,-0.19069633214995863,1.7261442653574108,-0.7596926304623308,23642.25942279653,129.29,0
-0.4029409105338627,0.9014388111666817,-1.1447207878717998,-2.080665362157906,2.180988996176282,-0.2512135288553399,4.26471239353334,-0.15443330422626378,0.3377918300836359,1.293429276094138,23653.836875889898,5.71,0
-1.6575802190272733,1.7230775618014245,-0.42787069694935853,-1.3972567337044652,1.4230705892797348,1.9196761440795098,6.470961883903014,-2.9405912831939274,3.2675439433848066,0.48977305398715953,23692.557149971035,74.58,0
-3.2583924154182218,1.7672287496465298,-0.31843837880777837,-1.15954801049608,1.7256779704176564,2.9745680589347323,8.947801383316055,-4.342234741444707,4.967373836152462,1.5926992805878233,23699.25875279402,13.33,0
-2.491443221972891,-0.2732882746454509,1.7349911527382953,2.1839326042537452,-2.5593623574937103,-0.7531882918646212,-2.419724756590428,1.6870659944950694,-1.650117600966131,0.41978584615736725,23763.619148427635,28.45,0
0.5612908264028398,1.236065726137125,3.1701890908412116,-1.3749225837230483,-4.041148174710197,1.7258684030178377,0.5352553044889604,-2.088223392149809,-0.8200166124050001,-1.7292375524150976,23989.335433818072,5.13,0
1.6729023069936697,0.547490236471156,1.0524790503366963,1.5124800311008313,0.8380156845413989,-1.1816463824714267,1.415416065915738,-2.1058252456513986,0.8896569941954504,1.487750968174835,24053.189992536183,21.45,0
-3.1495399780874282,2.160591551477628,0.5614553930646189,-2.5860492175628607,1.46604360949425,1.490572556861754,8.442819520768083,-1.60812750728025,2.1693087761573007,1.3542584419127768,24061.600129120445,96.08,0
3.2995815551176353,-1.6184118957228182,0.9003466653610028,0.1447053855697823,0.15797919263104365,0.7673082327423485,-0.685576062330531,-2.8962268141246144,1.3598089918586236,1.4119163237240273,24066.21415623332,141.59,0
0.92305284206945,-2.1970537354742716,0.7712461918452336,0.9157059740840662,-3.2879779235577327,1.168560561322748,-7.685143187583567,1.7992311045220308,-0.5884530411782953,-2.0298380366829982,24080.72959978401,17.28,0
-0.7395654710971851,-2.436009558436231,-0.2652542017028181,2.736577249448109,-0.7766356130531205,0.17597284247131065,-5.171720854941221,1.3176292962973726,1.702453294904736,1.5749809016507563,24104.539120672827,41.48,0
-3.279889655572971,0.7959458727428874,2.0239494010243497,1.0743331907917264,-1.1655229254332524,0.6371728278866338,2.53294605121994,-0.5658858406296161,1.5472838437147074,1.5224961463563509,24131.73682189087,607.75,1
0.8568401646390029,-1.104933957265057,-0.5861648925958911,1.3075454100860695,-3.7868162682556754,1.6116060974342752,-6.929753876752835,-0.043345437377469986,2.5935404803148794,-0.07990486055440527,24152.666681022823,135.43,0
-0.9701053246149848,1.3244779278259033,0.24274681495903172,-2.7832949831512153,0.14953044708238583,0.35470737654934476,2.066298356735109,1.7166163735470161,-0.478959520269588,-1.0874213650341549,24196.164057213296,94.53,0
-0.04522396867249234,-0.04222242890894212,-2.6016767709980395,-0.5432871197610125,2.862888713500049,2.091373186491625,2.481148684793079,-2.0228695999200714,4.915906173387338,0.0918339275649872,24206.517832871352,47.78,0
-1.1534289911425533,1.9439009481571967,-0.48303529128975065,-1.9520708413177652,4.037275071596552,0.4731398348778079,6.202072525733671,0.04981777474286164,3.3076706800176234,-0.26723960338142083,24211.556772443,73.21,0
-1.3996478548257012,-0.5193824258030781,-1.9783439117280994,-0.05984903526326957,-0.08337454028067759,1.9447278644021728,1.710109841516958,-2.4090522418996763,2.121269369720235,1.3890519375478456,24248.07674383939,123.18,0
0.5860082924616732,-1.2651045840021617,-3.3249801437302726,-0.3357635535494995,0.36916091147445096,-0.01585310568955821,-2.219342332362362,0.33093845743434835,0.3712019647123538,1.7273114540231675,24287.552797540742,1.62,0
-0.0798050907832073,1.6816626177868432,-0.7086112343333199,-1.152509133629649,1.1669707374160443,1.8187522904062103,4.496264215464569,-2.9816738048836635,3.034812556110415,-0.947866387472561,24314.952046825456,34.52,0
-1.0036721290489181,-0.5882387010607559,0.16240939509898022,2.1132288454824355,-1.7209875529996665,0.25060112349653124,-1.8327249501891314,-0.8646879198826645,2.040795491067596,2.5684849272652084,24330.749568654428,155.56,0
-1.1493324492809533,2.1025442253843245,-1.1993751684437444,-0.47216884472484244,2.3382691958982607,0.5454035183381334,5.6062207163422615,-2.1308133704543932,3.7851036172584056,1.208730809023598,24340.093121629416,88.64,0
3.760676513761307,-2.6494702226448594,0.35965000525431234,-0.8898679998523702,-3.427009420547022,3.2091246272304974,-5.204222161081516,-2.9855184945344275,1.7895168097374579,-0.0839114974195021,24351.706075638984,51.88,0
2.7846836499882714,-1.4926613015320465,0.9048670297905235,-0.2694715536132255,-3.02969475942477,1.9180653323185124,-3.786161178285212,-2.2941754892481545,1.265996928639899,0.3209959202248063,24403.42829488023,50.03,0
-1.3295532454355639,3.963715075841966,0.6494866910098107,-2.0612818357323364,4.857707089909132,-0.12996811823194493,8.245773044771266,0.4436849344401317,4.337533593520771,-1.4077750833183154,24532.759830699746,28.78,0
0.1353596413929019,-1.5813789956677535,0.7293622173175628,2.3177361463003643,0.28688332142030437,0.08841423212055109,-1.6162502272262735,-0.7595014585135331,1.9980523611822103,1.881819632825437,24561.294991509483,48.78,0
-0.6761632367416321,2.9761221253870818,-0.6329224847938324,0.31090625866442645,1.1792419499654725,-1.4269362998013455,5.824538804633854,-2.4528180195051372,0.7935600915425026,1.9702739806803473,24580.6909091475,70.25,0
-1.5486659189878758,3.5047409765158677,1.9105727100175316,-2.4601168254120314,2.4450138531621053,1.9701036953551623,12.777602696178308,-5.478682218596552,1.9083832278982427,-0.7205336687104107,24623.229813381487,36.22,0
0.5300126929244244,-1.4362055314743976,0.048404429649794634,2.177922092028693,0.3251487480580768,-0.27523060646472636,-2.895335946061251,0.1210191588468652,2.789517850662339,2.340544824032591,24640.26809735383,82.4,0
2.0373082735429486,1.8320777025710946,-0.7953706319975065,-2.594408050879893,5.087458065235011,-1.733770029655798,3.498624324655992,2.2064284381239823,0.35572919689943994,-1.9016481111533166,24683.091519916547,129.37,0
0.543823945310783,1.0144153745898765,1.809315469750691,-0.23014287100366437,1.5885546434467424,-0.5437500065790112,4.970935683472417,-2.2945921109842597,1.9864604987013461,2.963313786198438,24684.52964558491,11.92,0
-0.7466900538122252,1.4822889248369506,-0.9074782776342847,-1.347454586022867,2.2884032521469178,0.7863811954372265,3.4617604276316305,-0.1071583317842868,2.9966834877841615,-0.5617673090838975,24688.966119450346,40.04,0
0.17820284227280658,0.3620952020538021,-1.3434839762282733,-0.36894485624361306,0.6781318805360601,1.2273261541005844,2.2357453358384785,-2.449551076465079,1.281501782883471,-0.37781330520012624,24708.962658730037,35.08,0
-1.1010111298395449,0.4378775578700742,-2.941137664074221,-0.7940442963282032,3.2760229206235327,0.855660894422731,5.0069647033291504,-2.1024174960443895,4.4282736125454445,3.3669831955659864,24710.593996637523,76.6,0
-1.8104067741150918,-1.4550351259873464,-2.282721694079913,-0.3335718852615883,-1.590347456586747,2.5137288732604897,-2.353309871108929,-0.094436686401691,2.116621913947456,0.6311837329601098,24896.814223080884,19.69,0
-0.9858681698927136,-0.03651479027103077,-1.8705247314131053,-1.6104686372577564,1.9707837405793522,2.6372111355223966,2.4486385829262716,-0.9798882390466428,4.411388365544147,-0.24179430924209155,25037.83389736335,67.45,0
2.457328478234137,0.30223292648993727,1.0727272066893558,-0.056180245468431256,1.2259885630649237,0.1477964242992222,3.82248736097742,-4.2709791214861745,3.2723403103285604,3.7060184866951023,25293.425845636648,137.47,0
4.132449971960831,-0.9086782269424281,0.994385692907045,-1.8149916579310772,-2.4397964203822458,2.9951997839785727,-2.4709507165894324,-3.3480006980211092,2.3311818976937717,-1.1919390941528683,25304.185140966623,36.2,0
-1.7658298531592815,2.9250258634128943,-0.3028777565827242,-0.5528673036857239,0.9781837464421379,-1.1663159932089482,5.972719005409812,-1.1469379007238878,0.8668738787031905,2.277330123964212,25388.108395275587,158.25,0
1.418941544777251,0.610568697330963,1.6945695348731686,-0.20054094688117674,-3.9819741117840546,1.649885412945107,-1.539000434349917,-2.7219352285488676,1.2728500626109274,-0.07121508395571552,25395.15621684263,325.06,0
-4.663140019930957,2.9244289788052376,1.8981615941143137,-1.4553265601168122,-0.23726380119953094,2.083885708669704,7.134263157834446,-0.9282508623796226,2.730188912682425,-0.5479986917906854,25414.297504537757,8.29,0
-0.18636962350045527,1.2616097991216848,3.242175030968473,2.2511005415673675,3.5507079030114683,-3.2125155418279947,6.665847595750539,-1.4827038974561457,-1.3795696171187828,2.1875058028713763,25449.21738180131,18.25,0
-0.7118078770687812,-1.01840192444005,1.256525443197698,2.3274652152658115,-0.5741085246546598,-0.08420300676111761,-0.36874888244637516,-1.233883416492433,0.9506042705495008,2.2141523055179415,25453.966051406074,196.22,0
1.5111979564352653,1.3803221878067853,2.374622319095023,-0.35606485362241824,1.335329277484373,-0.6151783817059537,6.580786181873514,-4.192120880905533,1.0331496065498502,2.968086007362495,25479.796614845865,207.56,0
0.5392483837845106,-0.3881531787404062,2.3014722082709502,0.942974811439572,0.03456570520441593,0.0028308222214694706,0.7392427397525136,-1.1413766852292881,0.4370290717403098,0.5267130560254873,25633.705126248955,7.68,0
1.0043695154553727,0.7335993222943824,0.6206638257641102,-0.48177129489716153,-1.3409381300430243,0.32604199888833024,0.03594863797346685,-1.2647001769204165,1.6629888691893708,1.3744936323653638,25688.91935573792,1.98,0
-0.024981538518835,1.1875481882317525,-1.4078486902045104,-1.2444091818883702,1.1911308329174817,1.2695912575779769,5.0440621657963005,-3.488738178568278,2.1672409941817508,1.0563513221558827,25711.943513203983,12.42,0
-0.5300707545015603,3.2002902406848515,0.4504232298931594,-2.2300643805880003,2.5769495519350767,-2.2439801297454767,6.44017771264608,0.9621628737378514,-1.0031606573579066,0.7465402901502081,25727.85509744644,360.1,0
0.5442804329235604,-3.2459829859332445,-0.07048865570979235,2.883605601993016,1.432175605628284,0.5596842171769657,-2.1708008905923344,-1.425104536785867,3.43955537157727,3.5369849210232944,25905.73144586811,13.9,0
-0.6743214427813707,1.5989382474893439,-0.9485491589054972,-1.2002950882246435,1.9406785585444477,0.2702150360940523,7.120233499842574,-3.3428680054355824,1.1511152939206855,2.08397676153096,25928.40925912048,46.39,0
-2.338892874068858,1.6986989594397364,3.0638132338754143,0.6903761122751491,-1.7807641183746705,-0.9207644634625506,2.4818697325012637,0.22574303175539856,-1.1531596375438595,0.9126357642508457,25949.2033411848,123.63,0
2.8968649533188815,-3.002992312359606,-1.3893772707716314,1.734261024033294,-1.7377833983170645,0.7399328763397613,-8.534511956892093,0.3261874005162755,2.667803877920427,1.361348516397835,25992.03878268967,2.34,0
2.477280666665122,-0.8194163996484995,-3.4285545864997165,-2.002500771216864,4.173553000609546,1.4780202725488556,1.686461418310095,-1.4911066547982967,3.459358522495984,-0.32020595454636114,26001.608429836364,61.29,0
2.587194430431089,-3.0598582609563745,0.5368240520887148,0.6592122052308421,-1.396166002759839,2.125623631319539,-5.32054007214791,-1.1330934217702333,1.6870137319166467,-0.5018083009459235,26102.80369973956,22.08,0
1.7343752046129186,-1.0371220745888965,1.4571712564922326,0.941491895322733,-1.7983902307214712,0.13885481085800253,-2.2294562102401607,-1.4138656293421086,-0.7290324846849043,0.3573530477973884,26135.45200539669,129.89,0
1.1133360353999162,0.5851031679149834,2.469897202948644,-0.4278079906670551,0.31432452696545576,0.060499804430563915,4.547644189645292,-3.351704092226238,1.1295911720103964,2.711854957158595,26195.62892545717,22.67,0
-0.4874017781504796,0.8264937840346656,-2.20849395081441,0.7800829408416607,2.4335292528115238,-2.3174032992724736,4.730762230516853,-1.8434438896711438,-0.6454659480407263,4.271851415798155,26209.419217819403,76.45,0
2.746081940293268,-4.541637237643812,-0.9114592034767071,2.3654028948533474,-2.386526632085448,2.481982970120152,-9.572062963900796,-0.9274081388373806,3.217188746841847,0.5712002158090254,26248.785438924464,73.9,0
-1.8331976335509657,2.4321305340523636,0.7510944874970129,-2.7971499880862085,0.31809365480450735,-1.5960822261546967,4.434857775407426,2.219172737040851,-2.1497387331326716,1.0933607519929784,26269.89462063039,17.27,0
-1.5940827314408113,0.3188576640957731,-1.0989243593376514,-1.0568552415112522,0.7548416618793269,0.936876947411087,5.624009020295755,-3.0197873945912646,0.3665731145366089,2.591412909978052,26273.992450952184,3.3,0
-1.9719929091425215,0.034818167495276886,-0.27692584079004945,-1.4485385086001146,0.6036424247587027,0.5419218686912718,4.429679896689031,-0.9303919123985257,-1.217503209266011,1.3811972678212876,26283.62014080875,35.21,0
1.8791871124734492,-0.578710728107678,2.861231457448122,-0.72737941784405,0.7911131777806368,0.7404389090415272,4.338787100097193,-3.790416262387614,0.1383431058764537,1.4982832592137056,26337.487103496132,23.19,0
-1.3871162146681397,1.1775927819457344,-3.7348054139563995,0.9754693564613912,2.642948241127707,-3.355487589634435,4.3515065002707445,-0.721654493334555,1.0692883820906967,7.6198518006192115,26358.74661558436,108.6,0
2.082612075759351,-0.7184884839349874,3.201078101673679,-0.08303211858454396,0.14431627399214997,0.5183988367797575,2.318579564188512,-2.8956592399861654,-1.3625648788592262,-0.6284835466737684,26414.059251052575,105.73,0
0.29935085633717073,1.3450628282456596,-2.1141655122692176,0.6923536049886787,1.8719437637230212,1.348122122184836,6.632717563272104,-6.556684509663965,3.578064759355596,1.9779616533285194,26499.12245845866,40.69,0
-0.866420465567231,-0.013717782494413688,2.564543573838052,0.48373922036827977,-0.21472449876709265,0.11056966224728962,1.335878622483017,-0.11618390083303798,0.3808984109710204,0.5585490058308558,26557.812203478545,61.63,0
-2.7090865711042795,1.0721775816251033,0.9984524628327356,-2.659594789349992,0.7960641382080329,1.0519849841817468,4.292206794466061,1.4043498131709424,-0.12546610155134896,-0.9086572368410473,26593.212615526954,61.25,0
-3.101408792668863,2.0654776301770994,-0.9416960861952862,0.867093702623303,-0.3733004286359014,-0.20399414026622828,5.023070505839937,-2.402223571871044,1.9006393384624558,3.617004290828967,26636.26346124257,115.1,0
-1.133416133524479,-3.021143816837049,-0.3185791792343271,3.8218950378146728,-1.869282764833903,-0.30295599458292877,-8.62642691994371,3.1370022712523795,0.4771447324703132,0.5029177002793946,26673.87719938216,36.97,0
0.15528889064556917,2.447566542425836,-0.1915360009537329,-3.0529025498634237,3.5916694722407936,1.8410196086147832,8.78473482588966,-3.2608586114455176,3.612569213105148,-0.7918858546638672,26690.64432019035,21.94,0
-2.8630039496196362,-0.4331339280727162,1.7235693486497468,3.1652511051963823,1.3864870281752149,-1.2394823302818367,0.9748155177030348,1.1600836484225123,0.9164858293711311,1.7490728079853912,26696.25285205118,21.02,0
-1.948270000351209,1.5180676230882508,0.3752777491547361,-1.910565262332444,-0.4619160164185574,0.41056625683087866,3.312636984053866,0.38679878620112906,-0.40466362492158225,0.08248189873630396,26754.38425688599,50.94,0
-3.3007435086552865,2.275231547579727,1.9316435877797629,-4.213373272219195,2.191252624300456,3.517784845515315,9.488834574126756,-1.19706556206491,3.3693205467079244,-1.9898068462822662,26771.09376558689,39.76,0
1.7410552399603025,-2.5219082822016414,0.2101847810622649,0.8904819994874429,-0.771949145983335,1.4147054093970766,-3.8865522800862466,-0.9868605798129281,2.1779198590944224,1.0532615327847819,26825.51449682712,38.7,0
0.21816726569584344,-4.00776216044955,-2.133895109765848,4.217341787676422,-4.431320562893122,1.066436053170605,-14.284971013893571,2.9701636100280786,1.6563748900003192,-0.4923689625015113,26955.85311409582,7.21,0
-5.079902284242454,2.622579451277126,1.7937462312527805,-1.3209205011552176,-1.725885200902466,1.1420531335540862,6.533234922940097,-0.7275520632177044,0.4503708667962737,1.2348472667861534,26960.021068453032,83.42,0
-2.874523404012529,3.500778329699255,1.1362509286129345,-2.2071903748144406,1.0484490864303633,-0.3161918774834239,7.318997560688084,0.23989156657007382,1.0927353383538168,0.8389460365947633,26983.168824877695,16.63,0
-1.0826026365933057,1.9612390473914902,-0.35305069529679467,-2.4807788116706737,1.5289450128116373,-1.3404566678396643,6.725594214286536,-0.5539657654352942,-1.3682476655183433,2.861698772762966,26992.495069048276,15.26,0
3.243812430079864,-2.134249264319079,1.4184989950044486,0.48588210625172756,-0.39314667617612076,1.6302110684459459,-0.29779458570926004,-4.316107364907719,1.3928137264951912,1.289540401312542,27032.32097356367,35.6,0
0.24388781138783777,-2.1471425100989916,-2.3187241097436044,-1.7083638646532928,-0.6456558096495828,3.5673393870449517,1.0625243860734979,-3.7985863726199427,0.8380229941631391,0.47302177325576056,27039.17652542218,17.8,0
2.117830362223014,-2.0196713099264123,0.35158050396060747,1.7773918608865165,-0.2216977047890334,0.9262046940882188,-3.8079483521956767,-1.1940666985716186,1.908620810474163,-0.23624597732018016,27097.235478744024,57.99,0
3.1266784923376965,-0.5004161664209241,-0.9845611445728719,-0.16062969876633737,-2.318115993998644,0.663046592882046,-3.8231740088557706,-1.8983599868887793,2.919934021501862,2.563035202113133,27176.810373454813,31.18,0
-0.8970692767153834,0.27849168326460316,-0.34515445668220324,-1.5691411144470981,0.7684449488260114,1.149177973349064,1.8094938264718685,0.30593042050155184,0.36864139911895644,-1.3071455648334243,27294.593385948137,39.73,0
2.2110071665843063,-0.3160469934011838,0.8515112447034823,-0.514476368165774,-1.460898326886546,0.9275409569621398,-0.7311490105357371,-2.265646817388952,1.647788963209334,1.3792659231166366,27406.962194643136,51.08,0
-1.4104611120775445,2.1743927759858597,-1.272794550204359,0.4521282388402996,1.7255008511182706,-0.17509390410937853,5.602017357858698,-2.650980233773404,2.864418528447135,2.1944605499234187,27459.331373264296,15.79,0
2.7649964421509035,1.037489220250364,1.7184567055296074,0.3972235213927142,3.555318357805837,-1.6361245760611522,7.4141484179258095,-4.821267949346641,1.718785198252613,4.175667846057092,27560.26296714671,12.01,0
-0.02102612717254071,1.866215447782245,1.8031272448500166,-0.002789333498622426,0.5812344854436249,-1.4145011087061716,4.108806034297164,-1.1399450447635424,0.5989927625872823,2.353066579935991,27569.320723558947,139.05,0
-0.5785559895259818,-1.8840119158737734,-0.9413800212063539,2.8933110946497456,-3.8643373642344403,0.9516103735501363,-9.535738582007259,2.1476555750244195,1.8202701085146564,-0.5634923638261451,27652.30902083993,37.96,0
0.4463555560782534,-1.7198859907964943,0.6577114727812083,2.2655452012793615,-0.9779117502715214,0.8664764770567959,-2.4578865871584172,-1.6644517758055275,2.1200951216404995,1.5576771910482479,27660.378520150214,35.53,0
0.5635901693995826,-0.19873551281827573,0.17399954327887956,0.40455885402289815,-1.024280959933308,-0.39459976537238284,0.9507768343973667,-2.063500804613808,-1.865621016885505,1.268903619829206,27686.983848740285,112.21,1
0.23241735593040658,1.6714797023681705,-0.06575558455427111,-2.137076023598432,1.4210299075242443,1.758889445205841,2.3550559094050905,-0.10202860058620589,2.634804681994951,-3.307913378883028,27711.142177491616,45.79,0
-0.5929510659141284,5.8662318017971105,0.6840492641784459,-2.294347356048177,6.701394690329918,-3.1705177477201274,11.54471813105212,0.8211143067173907,3.0500952959277376,0.7684635343943863,27727.93974606793,53.51,0
0.4424023918034996,-0.025881076166797023,-1.1502348804628033,1.307565053265098,-2.236208646323984,-0.9555947505490203,-0.04518492064943634,-2.79996911107403,-2.158892994006767,2.7678261543299794,27765.432238206846,223.44,1
0.0035716913947747564,-0.5532894325517139,-2.061114094192349,-1.0506700483126004,1.5376613697921468,0.10394244302741089,2.473036690468575,-1.201521712828035,-0.2645908183711685,1.8507795721388907,27765.741299251218,80.8,0
2.778495139955622,0.6708739290457295,1.895061257468746,-0.43330049871233167,0.32382343225998533,-0.10884237141453922,3.147591462873278,-3.6215381162687486,1.1660094034941484,1.817759679302383,27779.310037147658,13.7,0
-1.227836713160085,0.8504832590249655,-2.2679018648269142,0.7405634005770498,1.193920404774408,-1.6392390591932988,2.9988082630180593,-1.0005321552585855,0.37721035690673466,4.036462542098734,27787.631284943767,19.89,0
2.5927639792158352,-2.0234273919365946,0.9319208117740507,1.607522904630486,0.34189946115686265,0.14690429405132052,-2.3141177214219715,-1.661363350852982,0.7874098295519636,0.7015362299779409,27858.610709301178,109.2,0
-0.5052101833046635,-0.37606106887088986,-0.21270648277401705,2.426773578078948,0.6241390361276113,-0.025385563038187915,-0.47320527909279125,-0.9443975780755355,1.799344640425241,0.5048451926827666,27859.038437491963,82.17,1
-1.4355351485540515,1.382220008517007,0.30987799081496004,-1.6406531439969254,0.6906843717503994,0.7859560862206596,6.242797077012233,-2.2850752610550202,-0.3114877973475272,0.5124974463717533,27883.492022370305,10.5,0
0.4691619685901288,-2.5752895405138907,2.2955254516742416,2.1564931210339577,-0.15673128844030415,0.5560704134583011,-1.5880588025399078,-1.1169791770256021,-0.7034083777915321,0.015458691049099915,27884.2795295126,45.75,0
-0.0019750076431741537,0.38880808213890394,3.327477510315548,-0.31708120201771495,-2.18119896641928,0.4217083822622589,1.571808086129375,-1.4939517289795006,-1.4438990743637428,0.060813360260159155,27929.44179554926,16.67,0
1.0287994244824565,0.036109083332058534,-4.399009730512089,0.8328745156524244,2.687006687025,-0.8167922337192455,-0.4182041504010144,-0.6035468157310845,3.7289942032789165,2.846480153308197,27936.824181747015,5.03,0
-0.6444453555233669,0.16796595748596777,-1.9576641557740515,-0.01546854718879731,0.29177069622000473,-0.6384256698316587,0.20241790746418376,0.27404005520093233,0.021689027795499194,1.6715179563603957,28033.932519212434,26.6,0
1.447173987379335,-1.726379232164266,1.3874382340867608,0.8617885354634383,-2.687014538598381,1.9513342292347027,-3.3243108341671226,-2.1681789343490028,1.7473366593772304,0.5815345042120941,28100.207118797218,11.08,0
1.6608248293767163,-2.6318792107324924,-0.8607452140009995,2.1015861811004326,-0.5862663358631786,0.5946474728779371,-6.236935675563537,0.28964254105577836,2.754925646283504,1.2563715913486522,28114.515730120187,81.45,0
0.9632704971545847,1.130616220763609,0.6768799319731561,1.545383706892355,-2.686719062384171,-0.6918977237876898,-1.7935649188148712,-1.4744311473842857,0.7956515048410664,1.314231781825855,28130.282934836436,50.59,0
2.9679181139394957,0.9449463868136803,2.648436337294337,-1.1580941505650464,-0.5027636465190367,-0.06626288692582528,3.1297185713901707,-3.321490816077622,-0.9654566528006192,0.07819869079183173,28155.06899967105,11.09,0
0.6557855911674053,-2.92259956911615,-0.2296155295738247,3.370832822473396,-1.2560095384246237,0.8029005842284577,-5.731468980511799,-0.7181139336929094,1.5403686399079242,0.7435910898688096,28169.702867212338,1.6,0
-0.8425685387930217,-1.9287960249139058,-3.317871280829069,1.587051491543014,-1.023424210353995,2.7432709657947028,-1.5980722087699633,-3.429060051065628,2.970340614128797,1.3529578736853245,28172.506221778924,108.32,0
-0.4679928028345972,3.1919272436841433,-0.5037524617315141,0.31572085658672266,-0.06520266119492568,-2.604193374221835,3.426260054847165,-0.5722130093488289,-0.8916994561496052,1.9064938779821656,28256.925182691935,13.6,0
3.858929190665145,-3.634499755696458,-0.038911798162428735,2.0788446934545237,-1.1898203663808289,1.6655437225235956,-7.010323581964991,-1.863587999290509,1.4746921780379163,-0.8311014506740262,28274.196301920434,61.58,0
-0.4863344607747674,-0.5819548335733491,-2.292033316178668,-2.3106476266700255,3.5164211981529814,0.6546383233462663,3.076231586946055,0.6164704512614259,1.9356271379757735,1.4701185955639833,28279.746927193737,27.71,0
-0.6934172853652505,1.9899647062799848,-1.0613686145608605,-2.0502478594862037,2.584383664230505,-3.424274113235349,4.825691908722399,2.1319720481136097,-2.1030912345481374,3.5960766596458895,28385.12988247558,58.24,0
-0.5428514034230212,-0.04842047236066305,1.099243400506412,0.8295192248342267,-0.27950985867386957,0.4005602388171814,0.9747289176268779,-1.2669203753113871,3.259224393110177,3.1514481991293604,28409.275424830244,25.65,0
-2.008147033952263,-2.7856197381361842,2.7412590677810282,1.616864237922179,0.6667793125909253,1.7058453432968044,0.5470480815779565,-0.4641131587507108,0.6779763753592066,0.3040508769897714,28461.25787310073,2.94,1
-2.6151572303136943,1.3659534189539966,0.2838124598539048,0.6760324652031355,-2.8406072403383025,-0.1206947444533434,2.5691120488123675,-1.8659347638291424,-2.7271132893379244,0.7044633376179665,28480.000158046736,142.45,1
0.855830643236487,1.2178997212189713,-2.575905980810427,0.7035282226466855,1.5838073622128108,-1.4191732242490656,1.8467952491265183,-1.6071001557638354,1.1601878888141526,2.1089780171037753,28561.159896703044,14.54,0
0.358227164823516,-0.49592989594175796,-4.198743451496966,1.665547086393234,1.8924165920128937,-2.84128375418057,-3.7146067374154987,2.7833224083539774,0.8318002543557929,3.107239698707552,28641.28497959014,37.31,0
1.4381850350844079,0.17543713866783306,0.6420081280249819,-0.3178972293531823,-2.876186916070937,0.537554662746048,-3.278365403839142,-0.22797186647484402,1.095016883030027,0.4376395126803473,28641.561952922944,70.8,0
1.3024244812470551,0.07901848817168444,1.9076486305101388,0.23423350340825944,-0.642410730562214,0.5511954252766034,0.6030987383923666,-1.8943028703116152,0.6273224584957215,-0.1953804352464814,28645.84054021405,20.91,0
-0.6389504621195681,3.718323061932394,1.675878971872669,-2.7748987166825114,1.9931354577313938,1.35807025677462,6.533096167429398,-0.5684933910576756,2.700995186446189,-3.695390057846045,28677.00590711165,1.79,0
-0.4960533257161608,0.6979557343650062,-2.5829330286279855,0.9575171333384156,-1.3520920394414495,0.16268686346633526,1.5449726582243433,-3.566186127331068,1.2166195504716637,3.3775220856380606,28733.76612105052,48.56,0
0.3450252407651335,0.800491899736452,-1.198590132074159,-0.9289847608582561,-0.08929270352116503,-0.013376445806283457,0.7551142582326699,-0.437197936917338,-0.17837777906413788,-0.09954307885832425,28833.442853544486,61.5,0
0.22747286023118551,-1.5812622117180344,2.069619323394579,0.5713576255116608,-2.057901543227485,1.414217571328114,-3.4774593092764525,0.3916768628911047,-0.2022825498006613,-1.6003973618631102,28849.493735515938,215.07,0
-2.2757043375257346,0.20721204259702997,-1.0275850037447418,-0.40930450886130976,-0.587753815983088,-1.0007676534421224,-0.40906840725194105,2.500490518425712,-1.1798584506402436,1.7174696185243081,28863.4658847106,58.87,0
-4.68531688157936,-0.9216768499768823,7.237836683804234,-0.6308261575892049,-2.094162271199554,3.319698784013582,6.405194014019564,-2.113075700073586,0.44784446247874066,1.277434159946086,28864.841685284136,27.81,1
-0.7406077019987733,2.057809198047419,-0.31928101802876585,-1.85298923814875,1.6523865168519194,-1.7104971329407317,4.295060531663184,1.0986844438563796,-0.9958337314246497,1.2730873115799408,28913.121331383234,56.37,0
-0.3991284757288963,-0.686679583408031,-3.422907369505418,1.0951006514979462,0.46833032303457955,0.9167665052662567,0.7756006862871573,-3.02088232687987,2.594570107186967,2.902398068495697,28919.295170515757,171.93,0
-0.26272286283068125,-0.10711455870641085,-2.7500426271961045,-0.9681928026940344,1.9545620574588647,-0.12357998856190326,-0.047186409673673234,1.3601801257286619,2.112507809162801,1.4308697239109838,28940.990214367255,115.56,0
-1.1626520354094152,2.1330497956132275,0.691633082508258,-3.7829095423758217,2.465236698692352,0.23385107221613793,8.23375615482491,-0.5686116916062286,-0.2105631806162045,0.4707207510623883,28942.460195461812,26.35,0
-2.5699452881197233,1.3812775775747836,-0.03434036372449334,-2.1718448634052536,0.24287862583879383,-2.3404382153978514,1.843419555114056,4.3630659224867925,-2.6402390311235697,2.1390347281717603,28964.60057462129,18.6,0
0.6905112868676959,1.8689666320602236,1.9193727963890672,-0.977125675718179,0.2983712810329866,-0.9191973164602306,5.410992010686552,-2.5737402856427556,1.3276599422455448,3.86712184131204,29032.8550983124,20.8,0
-0.9851405925538506,1.5929055867979152,-2.8976860320789877,0.2614493266962108,2.599989694667526,-1.495572347104333,1.965541401132643,0.8632944351623069,3.5481382025477557,3.203193165935884,29065.591716454343,46.63,0
-0.7949040700167969,1.8082162147463756,-0.3167507137999367,-1.5476187486979904,0.09464721626742645,-0.8288891406463871,1.495470996711045,1.631331526002053,-0.4054982981136088,-0.06201756970767103,29191.978898870035,89.58,0
-0.6332261233356622,0.7806073835643121,2.303409899002851,0.37764986162186,-0.23710457544680252,-0.608164513832999,3.569834651920152,-1.6385852639050755,0.23424960888651314,2.6044336539740507,29288.346627356783,46.47,0
0.517318982825248,-0.7516010318832606,0.8125780319948273,2.2933523276401795,-0.770158146726351,-1.037384776215738,-1.8658637181627655,-0.5575688846783564,-0.4458763721363752,1.3915511320807221,29329.072458092323,5.56,0
-1.64869242572717,2.825907603461361,0.6443169614971456,-2.3633454416696953,1.6010382467198,-0.17736210518662568,7.7727248319999935,-1.1193284697121346,0.43668463869860585,0.9589240692620354,29334.16599912704,84.58,0
4.162221351719075,-2.900552503963268,0.31905637908795803,0.97232700360429,0.10671871043391623,0.8103347116476813,-3.64405259926407,-2.3920433519905915,1.285318250326045,0.9739120196646072,29355.43784556706,107.58,0
-0.9481200661346456,-1.2426226604038917,-0.27746557794017446,2.2256620960615727,-2.450529015744344,-0.09318829189021832,-6.406754517316717,2.3943066707940486,0.1925109855843865,-0.2915806851622529,29466.568573163975,23.22,0
-0.23591405053374592,-0.14938884841809008,-2.1237037731596935,-1.1459863180006664,1.0793339708554128,-1.0583955451024383,1.4233929232115234,0.46110478834013136,-1.07751024413822,2.571428342372498,29498.405180396574,71.92,0
3.8867995904649346,-0.6770321239866255,0.31384906665004375,-0.6675972925497693,0.39185088902481513,0.4856138476085568,-0.23617677311283677,-2.8088008172331875,3.0208920756018096,2.564403887782392,29529.375101003374,37.15,0
-1.5674565161615022,2.2432559299236776,0.004403826762610752,-1.6097685081610806,2.5368355815471,0.3849642989131268,10.267666887135817,-4.079302045655094,1.0665033275236877,2.3478221679963616,29537.810338322583,143.95,0
-0.40387881010719084,0.0989749814817934,-2.54418723226064,0.24201587636128763,0.2802065601505789,-0.6362397880311709,1.5023033643823382,-1.5340636592399801,0.13800971000379803,3.183796452129601,29666.180594586844,122.28,0
0.7688782752997122,-3.763537164560005,1.0244834133183012,2.939111697078358,-1.668529120313904,1.4915665755428735,-8.35477064383086,1.4189988689316806,0.20092220048568565,-2.6255930293506116,29668.707251501684,49.45,0
-0.541543796299829,2.442993035772713,-0.7139857785521714,-1.5224121179396957,3.002704917853129,0.6747615364451444,6.442892513199888,-1.8242697572854647,3.5830801464335713,0.10615329457775502,29776.873743641634,77.44,0
-2.3124934096982024,-0.22987706960841736,0.821381180289431,1.2722389906942693,-2.463749104270402,0.7662135162829979,-2.572909542872431,1.138251665770854,1.6191052503284107,0.8370415630720367,29812.125936331366,140.66,0
-1.2036925800494713,-2.0596862855412263,2.74212493290952,-1.7513969247373282,-2.5171004078304806,4.202715124244228,-1.0363683407990087,-0.513075522940432,1.2561025055997286,-1.7430031967584392,29929.283120450622,457.19,1
-2.8936485712760143,1.7049687264599989,-0.046179718813423976,-0.5515229884363859,0.15911838022781255,1.999149232914555,6.624814724419302,-3.5001522428879865,2.73905902454727,1.2391016475164522,29945.25850824215,25.43,0
-0.6589363365636559,0.7827471942973315,-1.2254799423539398,0.2882532221643035,-0.5281361933014588,0.826989304850213,0.672476619631258,-1.3736506330484575,1.4203990345403015,-0.15647324644537308,29958.957266933634,92.07,0
-2.4423372229716076,-0.3023642673385506,-0.07436245206869896,-5.862502890918478,2.4937819853736234,1.2959998132416983,6.85916171992246,1.7243958474064494,0.4497916746396471,3.465108478957775,29980.117501347806,42.12,1
-0.23060502286463236,0.12431491034998499,1.9408383638321491,1.206070508035804,0.8195084277296338,-0.7284717368007789,3.399663033765752,-2.03230262666559,0.4973364066374001,2.5854671315796063,29985.0361896687,32.97,0
1.0450188127064732,-4.114828430435075,-1.4053174972279905,3.0651236056408027,-3.1783549977685666,2.2190778771651116,-11.117306686864827,0.8410672351436703,3.1855945908697048,0.013081867505533973,30026.003293856527,131.51,0
2.1044757297943475,-1.5303742641821017,0.4256659988118533,-0.3576303997728252,-3.8747618961362624,2.8968727459819736,-5.170634186394461,-1.818469698176616,2.1774929859404386,-0.6367581692145994,30049.099065127404,84.78,0
-1.2266630070741211,0.48143207212673145,-1.4550794495016128,0.7925176228331685,0.7446920342097616,-0.266826093009684,4.257848916439686,-3.0281419063919994,-0.004012363921688911,2.7063919647691703,30086.093145729774,34.62,0
-2.385436599655233,2.001961719256781,0.6379462966144211,-0.7150539234587678,-1.5082153034238441,1.443232603224808,5.108955981455818,-2.9037096897491006,0.5764166341261245,0.3422615300379024,30130.51893206252,16.71,0
-0.3137556499009223,-0.4833181456574198,-2.05878242527657,-0.6671830583538298,0.9524457308657156,0.9713155086084914,0.6294771833714563,-0.5877020419060719,1.3705815226798692,0.5345647704306529,30212.114790599288,29.6,0
3.383575729685795,-3.37465624203352,-0.7528953733522135,0.4004233914582258,-2.576524268268476,2.3996552836902727,-8.222203020302906,-0.7174074865741795,3.1398583998756204,0.5955296990010552,30219.512344005783,22.72,0
-3.016153343879157,3.026625103093589,1.471523115729477,-2.9787163247716655,0.4326271791869398,1.5356696031744568,7.561422853967564,-0.7674626891577395,1.8662025823309496,-0.2859694151527743,30261.27861452504,13.59,0
-3.3928552161618226,-1.3465950590227533,0.7927599664088875,2.895639410304385,-2.613016093009361,0.46550588144502364,-4.508975628579385,2.1830975913697888,0.6039097859950708,0.48372966870495215,30278.322219886966,89.4,0
-1.2990154086736445,0.292469284295211,1.6610794846995893,0.6459693698292546,-2.059591869360456,0.8523031778389046,-0.22729989562539635,-0.5394096497682672,1.415434313564992,0.8361407516129121,30292.348439403588,19.88,0
-0.015427769340370934,-2.9846306997213725,1.1259197943562527,-0.3684537029656174,2.9264263096218546,3.1586318739158874,1.5776887498405217,-1.4698432852749606,4.009206463604309,0.08937156084740894,30304.15694613209,476.63,1
0.1331345850608452,-2.014857308845547,1.834590024393004,2.105150693961815,-0.6564063035357746,0.16566521481757174,-3.2343238899035134,0.5039095292995135,-0.38816702683687243,-0.42887368571913087,30324.953211498556,32.69,0
-1.9958533612143903,0.5484939677692633,1.2785863658594774,0.6417419795463501,-0.6276429944704613,-0.2472971464524251,1.0661838983253518,0.48897907948521313,1.7049230569413418,2.467900075260898,30479.671268275386,262.41,0
-0.5804500360290046,1.802925438742325,-0.5705660059455004,-2.904595846843424,1.3483024583716232,-0.4359682829711529,5.068837021537217,-0.012751764100468299,-0.12953104547199867,1.4641414552142278,30504.043930551827,33.25,0
-0.9265463968762,-0.6193790931924589,0.5892063359701187,0.6397583809840559,-0.870234987427681,0.2868173351158658,-0.7468120225965353,0.03780140159785872,2.2336893242385463,2.9993318732830287,30587.411683021848,6.42,0
-0.5344987808864277,-0.19928864703252835,-1.2024461217858589,-2.4897163294248266,2.823337043063086,0.8981627866941388,2.529611675202538,1.2121818891101053,1.2316520055918359,-0.4117263355298153,30604.725401538057,7.12,0
-3.535266239605093,0.5737970665203886,0.058264696462097865,-0.5284769522138303,-0.34055602600958146,1.7371912863011234,6.502126395011181,-3.2950425128189527,0.5266806231832217,2.2394639892528225,30611.483616508285,59.07,0
2.275955346126639,-1.4601113042879394,0.551854671376904,0.9361498510864255,-0.23511356196255195,-0.02873362338297198,-1.7680549856797256,-1.630113447109546,1.22730475453798,2.177842245543123,30659.691364365346,60.46,0
0.1452697747034699,-2.6440058596100386,-0.9452048850409778,3.0305463984250007,-2.856544618681319,0.3762012777030647,-8.672278790311513,1.4748668214429874,1.5411190819322966,1.1712404373030434,30661.5531651361,36.27,0
-0.7008765874605054,1.24266519035776,-0.6106975167376998,1.5279698046719181,-2.1215388324868503,-0.039796325054658056,-1.3852372121182843,-0.7511118758565123,-0.03326422531659157,-1.0341040411268474,30764.615075093046,37.75,0
3.422543356144316,-2.8814754742569764,0.35992853879759357,-0.16333609817503092,-3.5980354795093463,3.294008907299849,-6.306983063103951,-2.613917532511536,2.7596003206964177,0.1695323765108825,30852.51760298885,4.6,0
4.874000803788536,-2.575655452148956,-0.20757838624602365,-0.33192263087908835,-1.7860632587884333,1.399221807494089,-4.891121932244422,-2.644578614513918,1.5085036432160095,1.4424850678601147,30974.962591747713,48.24,0
2.2081801766507936,1.2313390026574047,3.591329549003688,-0.4096324530557762,1.446346650154922,-0.21968011920858743,6.677195120832597,-4.486964483396698,-0.3766204741015229,0.35836286540729523,30975.36973766612,46.67,0
-0.25905423337791,-3.161664177789848,0.0255496225686499,3.246565422458839,-2.1533416186121146,1.0335498519929895,-7.449917188837822,0.9584308727401227,0.6017263051356455,-0.5764339896801547,30992.71857798084,11.53,0
-0.6691104572733371,1.1176119314591075,0.7783370261191107,-3.8406011812866447,2.0730178470315987,-0.005688107180524911,4.991648151611311,1.5367518063641064,-1.8051220660787943,-1.0932768214085207,30994.217051709966,8.13,0
-0.426076893757657,3.344186863515737,0.15416625451905985,-1.8522842111187585,2.6660996277099835,-0.2523884915735497,8.208695706500992,-2.2271495347215646,1.7937894265840244,0.37943675554367573,31049.24121277781,9.57,0
0.6852256923972744,-0.5136340808952131,-3.1658655327060745,0.17739245626081046,1.9082440483326015,-0.8680783619344534,1.5596778907404978,-1.589006399530501,0.22646570546741218,2.989950192068661,31203.419638003234,7.92,0
0.8606096309431426,-0.4124821478808255,0.6484884715746162,0.2688133561555104,-0.8685637699572355,0.6562341584581147,-0.06509950094939342,-1.9251489641554795,2.8265789401945476,3.023051686246882,31272.817428199833,62.16,0
-2.5304086575487172,3.976561043142397,1.2153553616492774,-1.6745092124312335,1.9756513878129565,-0.7840097413957415,7.295348256039511,0.6192248108312508,1.6874402471866696,0.028841299544236976,31302.607599592757,15.22,0
-0.6766624554297678,1.3762015524850635,-0.5235234319879976,-0.22318011151632267,-0.5966941742519327,1.8143171085606595,3.6602590044487835,-3.7279890942006286,1.806651751911958,-0.39162505306500583,31308.47061985431,19.82,0
2.070183589307087,-0.5111638042948192,-2.4357232680556,-0.11875559778162126,1.1824468759815328,2.3507382546995443,-1.949545645183469,-1.6475588033103956,3.447141280914899,-3.1273401767739193,31317.073833426075,13.39,0
0.9314805190693802,-2.476002145063055,0.40961127059929636,2.7821610522274787,0.28833441122484893,-0.29570515451827456,-3.311317640529544,-0.4520703241563312,0.6927593778154579,1.4581116120165478,31352.043183516977,206.8,0
0.31911004577022073,-2.814610051124249,1.0429430889782758,1.4453523372154564,-1.1556352504324572,2.0311762574893253,-3.5298766830441823,-0.9444563209626,2.219502700781633,0.683216127926888,31352.546481804337,126.35,0
-1.1651996765680857,1.7241718928242742,0.3158553611138295,-0.7176427964937171,-0.006544418400748597,1.878348456576665,2.7137529970725796,-1.294755515163113,2.3126152658606465,-2.389935359116419,31380.085463286356,18.03,0
3.894007435858097,0.3209428309701634,2.891305876993229,-0.7198078855612895,-0.832732459136954,0.8118026442794226,1.7012499103868008,-4.124307628988747,0.524529624397394,-0.25068180484597136,31382.89362834094,26.8,0
-1.1008200420469199,-1.5821510320236682,2.5366709501809126,1.8745880933096297,-0.09639790191399844,-0.5045479414744958,-0.8334498549144467,0.8610833170867769,-1.386851786651993,0.4527139555621995,31411.38825516014,16.31,0
0.4753549001406743,1.0546023444486685,-3.5638895070010115,0.12893740924458474,4.138656031976575,-1.3329487447366106,1.7213327984947029,0.5096118082078593,4.164268879807269,2.421146810965792,31419.354333386986,45.01,0
0.8250393038691086,-0.954573803251253,-4.116784338589111,2.87530720081582,-0.9078658879139117,-0.9221825498716849,-2.09145964539115,-3.1755875393519086,0.1142623377594909,3.6723848967460677,31428.878584172227,2.29,0
4.455223855250611,-1.955316485758841,-0.21449344979820695,-0.5358408574503188,-2.8558625924973535,2.735820526357862,-4.293410131291248,-4.068907987028242,3.590242708256965,1.5701246014529773,31437.18094958285,73.33,0
-1.4708015704787103,1.307057369393942,0.11393051389064235,-1.0060846978065494,-0.05533399885811363,2.08763776096833,4.100836309720894,-2.3553623256742973,1.835902542533975,-1.0434701869848868,31469.975831007236,49.14,0
1.2349642415585076,0.5761121772869664,-2.7151707944842594,-0.20892721793850455,2.1918597867967495,0.3592710282985697,1.4029434639526834,-1.698590959021009,2.9015786137401682,0.4112872113972116,31594.368361331595,149.79,0
-1.943525306296468,-0.37473941170073477,-0.34025033728396814,-0.7453755500860525,-1.0382073297238708,3.818298567434001,1.0040879324598626,-1.8697985126034924,2.6250584645014636,-2.1289215779924873,31692.299302673364,12.67,0
0.9544931121823668,1.036466443387257,3.7690394052185403,-0.5749625195446519,-0.4663572365304499,-1.00145029936088,3.261947625780832,-1.1289415712915458,-2.4737947915304264,-0.0686109549490459,31698.811538513484,106.96,0
0.6901758466234555,0.8606980207924331,-2.849914593840176,0.05333119599278535,1.410038051626191,-0.09879465065597345,3.0657953393420962,-3.135796408334048,2.159622240708721,2.6144847914868623,31834.052220330916,103.05,0
-0.04427345768517721,1.5666659455993366,-0.8727813549051063,-1.6692242385006164,2.68472044795487,-0.18363212169534204,3.0208227371690617,0.8685593074097613,1.7685426626354521,-0.7166429179561375,31877.49654149288,9.84,0
0.16798085053537026,-0.15851157722192843,2.1030284407026127,-0.4716152653735668,-3.3947915677012155,1.725089226932409,-0.892548356425879,-1.669925805354954,0.26284110889264545,-0.005649349218905364,31885.232144782003,34.05,0
-2.1968962713272306,2.611908541275417,-0.015431999292869536,-1.2265044899610045,1.6178891088772314,-1.8672178727372055,7.833828888533971,-0.9220592358153461,-0.9212781121821532,3.5332102164401196,31904.4886296254,13.12,0
1.693683917514213,-3.1528793114257825,0.4668907807596613,1.3667978331155377,-3.634783279769192,2.993162716950381,-7.522683592636014,-1.1910275719944778,2.1954403695316156,-0.8223729074773685,31942.84991481107,20.11,0
-1.5878586003706123,0.5166259252210691,-2.54574564027315,0.7219546639120762,-1.6860631491875142,-0.42229193702691253,-0.23086176231841757,-0.8374901195952885,0.9025821725080077,3.730351875923173,31990.970103313477,20.86,0
-1.7740532780392821,0.9438008699369888,-1.3580624770311114,-0.22076195028592782,1.2819255439565995,-1.1746375740735024,4.511777206296423,-0.8796671091043489,-0.25434521740990457,3.4784846287295053,32001.79412749846,53.81,0
0.665699308054281,3.4149419343250105,-0.29982674001256093,-2.458208324195561,3.8688857303136697,0.328292735242601,6.182243856837996,-0.6034231596027966,4.022488353410578,-1.7885995480821077,32014.717410238336,35.45,0
0.83513571194811,-3.722009390354125,-0.6328894887421754,2.7238919835361033,-1.816059318546485,2.39660425727828,-6.26961564952977,-1.6988915917867415,3.966551489766452,1.9862692362537193,32025.055022561857,192.84,0
-0.2703869271466084,-0.2574404169633382,-3.1580546329914174,0.7259327109169558,1.6531105580040673,1.0161822205454916,3.569078094401933,-4.26295883408239,2.9524653165017947,3.136656527973953,32058.809113499334,9.78,0
6.948089674570333,-3.408299437975323,-0.31359718895809596,0.9301552032441576,2.6088619018441173,0.6564640778356257,-3.2557978701346943,-3.695462820898824,3.5609462969101675,1.6888998845871344,32079.750606934795,237.46,0
-1.393489001820515,-1.4310482374971958,1.1130932283877921,2.5850962500595216,-2.2931977020222236,0.32902235392718304,-4.855302890875229,1.4607465956749515,0.11491333283547012,-0.4245420329346843,32094.674842496075,18.04,0
0.1497777700987858,-3.1975529466955357,0.9149254313468917,2.819321526860457,-1.0415985657881757,1.3711385198625115,-5.300260327940655,-0.03826980814169845,1.4058031776814566,-0.20351432875152664,32158.32500383672,97.35,0
-0.8632274592253615,2.6689841645058348,-0.11015411442774359,-2.0012953522920363,4.199026130996469,1.7763975520502087,8.431775578897478,-2.4315581212122686,5.028004426600659,-1.130026136180946,32164.283131778524,27.91,0
2.3232763574659874,-1.4561996225432992,-0.6415119903528332,0.9447180155911669,-0.830452713214054,0.9256395249134519,-3.6413088249728047,-1.573499573497333,3.9136733814017473,2.462381546375642,32216.531698527182,11.04,0
2.7995619498726443,-0.658010481229182,-2.5001655378038565,-0.9687856129791429,2.878142344398217,-0.7653281193761955,-1.7222985012792402,1.2888795935183675,-0.3077095660858502,-1.6550436605597425,32230.398597094812,127.82,0
3.093698904935409,1.8434391615220682,-1.45667798913867,1.3288483603172851,0.4894323372618177,-2.8933952806113457,0.19969060013906312,-1.8011331550225442,-1.2417691842803997,0.8697968857487874,32238.781756065637,146.97,1
2.78656909638912,-0.591904691492404,1.5898681459018051,0.1183886795857465,-0.446923846487968,0.18583624629685935,-0.013654559847903976,-2.496518423063738,0.26663483357430406,0.7859879032966026,32239.306175506994,70.9,0
-1.2948080811198732,0.5641920641202716,-1.6102998734493372,-1.0508650576822132,1.986156355626692,0.099559142946868,3.9094126728197245,-0.5916404546802286,1.4707383268866403,2.107535910214232,32321.15975074004,55.32,0
1.4207501807073846,-1.7978140300686083,-3.9139940000063045,0.6110309333433719,0.5412012745852538,2.872363785164401,-2.1727587387299616,-3.236897732492268,4.024184481169381,-0.23889731403814296,32384.783940062207,42.48,0
-3.349119295521819,0.5178816969146134,0.04244042138500226,-1.3548304110835565,-1.5049227683181474,2.1115596995895447,5.057113865997207,-2.578735219995276,0.29620360359765074,1.9185137185311878,32438.431703621158,45.51,0
0.38514492821997415,-0.9411312509532614,-1.3082547337892265,-1.3479215547360117,0.45972326451026535,2.6494174456758266,0.9105269027293383,-2.017366701863587,1.0969063229796823,-1.7142266704548725,32472.64180488782,86.65,0
0.3645174882617307,-0.15473901095762155,1.4709665158848506,0.2766979042543912,-1.1527759518683414,1.1284684032599388,1.0129151923314874,-2.4936503799319425,2.097620902831321,1.7796519907188086,32490.674141543906,6.97,0
4.9310418282593265,-1.6851208394641333,2.2116600731371627,-0.11911114031102055,1.3075558923260018,1.587277173046923,0.8929223041682939,-4.6211964058546915,1.5170630819689588,-0.7637660965404698,32507.336400265955,72.71,0
0.42661415592918317,3.22184779479204,-1.4166627196052752,-1.508739580580803,4.906820604932177,-1.2601420576097102,6.770018757386686,-0.5210591819807617,3.8042301688622984,1.019083817067192,32579.816673470596,148.0,0
-1.7576546894797342,0.5075396463544363,-1.394910614865452,0.0416141718065679,-0.31672214806586907,0.8370153386217044,4.114238633926041,-3.235248682322042,0.8542346257274549,2.750575843358127,32850.601882628136,4.87,0
-2.8839092544734024,0.12191499634783476,-0.530314420935332,-0.9026030684886445,-0.04518386241170114,0.2596637508718658,4.390701441668681,-0.9490511357717613,-1.0425598565832934,2.7988494566369178,32937.37915526492,10.85,0
0.1369838334155521,1.5811526694927847,0.9234607617195589,-0.13411472757890874,-2.3437480109300504,0.157764980445517,-0.429603815022443,-0.6525550807833816,1.8561072346061458,1.072899810221535,32950.838130681586,82.97,0
-0.7566768240954689,0.10772538241614571,1.7826995080670582,2.662641641975031,0.5797673712053908,-2.340389673593054,-0.8630023698673859,1.7361556888145793,-1.4774679319386013,0.16179737260275462,32992.11390038,38.37,0
-1.8893527730979365,2.3659889429886265,0.2016061581092392,-2.0110866400128806,2.9666948318704742,0.34817232619308325,7.194453314921435,-0.4084591601364984,2.3211749521782723,0.3170358391192938,33107.261022977895,34.59,0
-0.11812796705396056,2.812213005741127,1.576938257069851,0.2050936063247748,-0.744521900145662,-2.0144780026985716,4.2594645454022,-1.69784591326953,-0.5644024754454253,2.5866788461020884,33154.67371139878,10.57,0
-1.2740281859421088,4.49097042557265,-2.135571343504951,2.563030455629681,0.26890412588022816,-2.777793243785143,1.7199009261106404,-0.3294753675920886,4.45073511891798,3.1592893426832207,33227.54245013831,46.94,0
3.6854367593024175,-1.7967185089747844,1.480109529336435,-1.117097656326068,-2.292964433084382,2.622892594061083,-2.250131474094525,-3.4692272934419663,1.320298460156439,-0.16414062318313638,33499.53813949505,9.79,0
0.623616860958842,-0.09342939856584476,-3.3681843107141076,1.865176013704155,-0.7219319289726445,-0.6845500420090607,-2.8512930632573545,-1.0168902362382632,1.1573139321228012,1.810386624641026,33630.7700426282,43.08,0
2.5861254618978533,-3.470067658068004,-1.0724240915466017,2.4615089797034733,-2.273704681635443,1.165076266255401,-8.121942549235014,-0.9833098000868467,2.07890619517236,1.3956523735445872,33630.99898260187,94.75,0
-3.0279920641188447,2.3353584953862483,1.4593189378974962,-3.911578481363001,2.0065719943560403,1.0899473678178553,6.733984188302229,1.8973960356253814,1.4212179723841936,-0.9201428727957295,33691.71454276998,20.42,0
1.6071046497370376,-2.9397972279978974,1.1659024602339096,1.5538268732003293,-0.9879792636324964,1.1065963223229502,-5.114694826239201,-0.007553123486476188,0.4552485192598743,-0.6811503701473884,33724.774175382794,43.6,0
-2.5649158678248494,-0.11994258532865998,1.9527054707040337,-2.4709672464834456,0.5926505169646452,1.2151267767021352,4.821836728448698,0.4328743206029455,-0.882093839210188,0.5333448391484863,33737.576190881824,38.96,1
2.8449575780110825,0.15342192358226447,2.5264685693722693,-1.7204711176139535,-3.43822469328503,2.832970343540123,0.4539461612419692,-4.577777591872804,1.6580334567333521,-0.15816052411564252,33737.988291502086,76.43,0
2.816049543499476,1.3893715628989094,1.5243431735826216,-1.8065106841524319,-0.08125521621236143,-0.06314099019240635,4.9495009911303365,-4.386672450673013,1.9002328448499248,3.9555798118902836,33830.43592611676,120.67,0
1.8276272824760746,-0.7353361274259884,2.168262714679328,0.7286085286697555,-0.7576625184495027,0.5738915334371408,-0.07909914762993545,-2.3659654285262546,-0.12604322958736636,-0.25146057764821195,33832.70809159042,35.83,0
-0.5185371928838515,0.644361094266046,-1.298721748601689,-1.9647548331751588,2.6200616242966084,-1.1669888648565323,2.6849067234709647,1.9492459874530152,-0.2602598980863091,1.2109174186852496,33839.95693840186,95.93,0
-0.06135984095641511,0.955828774696195,-1.8110675743476308,-1.0747612915818325,1.5620675872131526,0.4451088090160715,2.84443296655014,-1.167741606148554,2.1749406210600313,0.967625157400312,33865.83862602829,3.69,0
-0.9291307822751118,-0.8710549670508994,2.0158889418466264,1.0844685407353913,-0.4242296454725607,0.1634426603814761,0.3196679409903671,-0.3127319577572597,0.25844167659507533,1.3070186719616095,33885.6847611943,9.52,0
1.6932212758462413,0.9684330836920214,3.4427137284773828,0.1235057061232766,3.071229655333858,-2.0251078712204293,5.271995362358491,-1.1504846316588757,-1.6448506996671783,-0.05382981813180199,33941.2405026846,15.75,0
-1.5438315622804413,1.0588427798590487,0.0867621882125682,-1.8402454769605538,0.31755593544830596,1.0325116951163211,3.2943443539832598,-0.07900556358612221,0.442155251988658,-0.5506197152750552,33981.73947987126,34.42,0
-3.3131805184694656,0.566591690735776,0.3352809195090134,-1.1340794791545683,-0.9955860355490389,2.641467381270091,5.147895991373402,-2.708646196150509,1.0868759388774292,0.6633543914361594,34028.761729552425,122.49,0
2.1159495988155395,-3.9802060433741078,0.6378386959611364,2.226583059705141,-3.121168313694706,1.893371706265594,-8.496198886352813,-0.47772177414739403,-0.45782424188959436,-1.5842084161775731,34122.90064779717,28.63,0
-1.597132580293541,0.7613845536368781,-1.3989173520537532,-0.0860121857947741,-0.02911184814281298,-1.1147555381883691,2.210943375332439,-0.15110985809190491,-0.7078163905967856,2.918391317554211,34231.27094088309,70.1,0
-3.0362020429422265,2.4246147284091295,0.5150840672960151,-0.9344335709435813,0.5845847868746485,0.004212359932362147,7.694309140348353,-2.039670785417247,0.4977701541292171,2.252747014523595,34338.06976910499,81.31,0
-1.552540680504858,-0.7131919125514963,-0.436838905201243,-0.9094922472836311,-0.5868698152054594,3.0484866993285906,3.3633617193203293,-3.425079730340804,0.5467304265129485,-0.39912432989968294,34385.84161219068,58.35,0
-4.046869242265848,2.3550470555375376,1.4036124487875075,2.8503226541899735,-1.7351177077198372,0.620318714838952,1.7045191054114197,-0.8050070823538396,2.721016876588646,-0.6212735491207624,34424.39950169238,309.29,1
1.2374493532594704,1.0810005445672541,-1.6918622341038634,-0.8743703337875051,2.524304063891158,-0.9345758432765744,2.669643980697367,-0.6487069648167626,0.46334507194449925,0.3142756072016518,34433.91414146318,56.93,0
-0.5044555395808501,1.6871847383457292,-0.8313147955831683,0.2531441168620656,0.41770539173823473,0.6904094179635902,4.9709354830889385,-4.050831378271107,1.473990872526793,0.8374503051026558,34480.93552055628,28.23,0
1.2118215588783416,-1.383927423170987,0.7463571115580689,1.7709700585440658,-0.761850508043252,0.49422069223478654,-2.952240024299139,-0.9303525479272112,1.203458701849491,0.1660085034090787,34503.62955696456,6.69,0
0.8055531320197206,-1.4463512355064965,1.0396423087433435,0.7037087343010388,-1.9318335915859544,1.5442712517148438,-2.4588569676355325,-1.5054391938311285,1.4382637188638503,0.5938960119254311,34585.96220550319,321.72,0
-0.33746363584867733,0.07601366709044344,-1.82617023551555,0.5644813106956501,0.11821137562244044,0.8369074477653493,4.710359631864555,-5.3392452633807315,0.20614145338873102,2.6891022680048704,34608.73268752576,9.84,0
-0.2946356271397107,3.3136260501193666,1.5846539352749351,-3.93367506036556,4.623162667857248,1.5476833932689957,8.410569415338564,0.021769288818180854,3.3484886718287425,-4.087563079039665,34641.996283308,5.88,0
-0.5230552975581095,-0.5921370160410668,-0.3472751468637467,1.108865419305403,-3.045678368495116,1.0748773322900838,-4.178108245981918,-0.062311514335085194,3.0758039405342243,2.1374358697998446,34650.67277381819,138.03,0
-1.1636906108445664,-1.2324622315340548,0.39758877174038776,1.6752321685468299,-2.0664011218143603,0.2174842324335104,-4.305881353097599,1.492438283780639,1.05214126678624,1.2293718242150633,34721.34140028496,24.35,0
-2.170614745067767,2.2091682741774377,0.6654057120085888,-0.871036511853245,-0.6356651506725095,0.03451275537101404,5.116205331693105,-1.423131830823944,-0.5358116044835795,0.7585380393702932,34786.732231716465,69.29,0
3.0690437410066354,-0.48595146972940106,1.82131640384475,-0.3206914709746389,0.2932899763843897,0.1754431104899441,1.7790818918558051,-3.295631013111315,0.28789713697356645,1.2838138005204482,34795.661553096375,26.93,0
-0.8798804398838157,0.7963922948612585,-3.6682752529523732,1.0755127163107057,1.5512322794674311,-1.142379726569515,1.956612568616683,-1.3487701944698618,3.098610477469463,4.844087921340908,34841.200904250254,33.28,0
-1.966709035928176,1.218665091023723,-0.8440704098706671,-1.1706928204619695,0.7760363920975368,1.4264189749445262,3.93493462962537,-1.1262041703152577,2.82059219420519,0.8019819089999287,34880.276526845475,20.76,0
-1.9305580223499261,-0.020146360380574935,1.926125703837738,0.4471575555576076,-2.3059239788095405,0.09983524581394902,-0.48477941491629334,0.6906419106027502,0.024479784515917702,1.7784304677449096,34908.307499950264,287.52,1
-0.27591663971867075,0.44048404662708907,-4.071384355946636,1.7959010875764223,-1.3195016379107543,-2.8683072521733033,-3.200499156259111,0.8564868223899353,0.014865357883217745,5.279085233541959,34949.522394639636,35.37,0
2.8883279161706508,-2.749294019842266,-0.1353145539710987,2.3674023181592516,0.17915588867183452,-0.041335856356317605,-3.2987945616776417,-2.330137729874444,1.2123616351142363,2.3741707504255958,34988.64079655302,83.84,0
0.6623925121448415,0.9466402233021703,-1.7970719897418905,-0.8355260999359702,0.584263593360453,-1.4476992874399865,0.4362239553668729,0.6292832160479052,-0.7179116601512758,1.196954673215838,35014.9191785873,47.57,0
3.572643350787879,0.25836800433048235,3.6720930126911844,-1.7590028416815167,1.1636995082298949,0.5773224458034905,5.182309968870546,-4.142346559965892,-1.0574610640492903,-0.7480745105184172,35116.95013967588,187.85,0
1.1744488980404313,-0.2841076946188492,1.1531133877442297,1.4198579912922717,0.39887045734525906,-0.670120970776732,0.6097496881119763,-1.7549203262315938,1.2882497586935204,2.2894489166668537,35160.08990358456,3.78,0
-0.3775097678067313,-1.4417804032686434,-2.0867250630882817,-1.310317185488029,0.7114521025194174,1.8461776698119032,1.2258107995707328,-1.4783531186234917,0.6353653134057589,0.8040624169006022,35210.84413726468,46.45,0
-1.2311725182548399,1.5184588269054107,-0.6131460782356846,-0.29171481190256543,-0.2610588415711901,0.8650194659082449,4.620412905889261,-3.2259594389021786,1.0792418768443648,1.1661290372954987,35257.35766387372,58.04,0
-0.709164299526001,3.8824808306328604,1.9817442306523168,-0.03444674382947066,-0.20543285140761358,-2.6344381704082838,5.665630313578074,-1.0613966772935581,0.4900997717938623,3.5057533497071436,35305.87105134207,165.33,0
-3.3651080150608155,-1.9394467395500823,-0.22299511779061443,-2.5474763073841653,-1.498635304517022,1.3734033439005218,3.3446364300158007,-0.3641423680156687,-3.947638432087391,2.8985436094506847,35328.678761826384,4.28,0
0.7396162307534051,-0.5396388574261731,0.6748751897279074,1.4227022198009838,2.0114941673633018,-1.5291151855039127,1.0084573952017446,-0.3719989476742327,1.5317094102580544,3.301151511103659,35368.722845098666,56.39,0
0.5701333618182596,-3.4937881470006507,-0.6008538046784577,2.887189518420401,-1.5632363482562035,1.8849147197877731,-8.641471456329224,1.0599585075308808,3.338799225235397,-0.4836229927571045,35403.48417324313,125.91,0
-0.7731246109150332,0.3745361969168767,-0.5861972568424503,-1.796842833392743,0.12091306736700902,-0.49579568269036245,3.040968050935605,-0.1712086495219789,-2.345211145523411,1.4563759515918842,35421.28624785387,19.0,0
-0.6031440899796578,1.5986595279082696,-2.195239153136191,-0.20097425713350758,2.2733458709184218,-1.1623417711831032,4.159420910664456,-1.0899757677537227,2.0238826045833123,3.147230184533005,35448.12987529084,136.84,0
0.305770323832653,0.49148759360177596,-0.5993106187235483,-3.1527817778452354,3.451955025345614,2.1047768608379935,3.773377559209015,0.0995246451835401,2.73133860176147,-2.6010844948851304,35481.53180853501,2.25,0
-1.4926577376590673,-0.5015989417736957,-1.1997292620343674,-0.9714441413525703,-0.9609165489879814,0.7643676385781197,2.224844714388351,-1.5560651244634491,-1.2601278968139784,2.169665907034112,35542.75890739192,86.7,0
-0.8382109817232137,-4.364358288911703,-1.4894998962804467,4.419183538915194,-3.129444556085606,0.9463350289019318,-12.480370685659022,3.2667236480614275,1.3731255731947059,-0.26907019559144363,35569.36109435355,176.81,0
0.408288359288314,-2.1922863314031025,-3.553746590027663,0.7355341924481205,-0.6040397941938667,0.7039232469775933,-5.236670610937032,0.7617134334003999,0.6791319536881626,0.5456860972458878,35640.36527088717,70.59,0
0.18423947200044632,-3.4913985955210873,-0.31038591083660516,2.017640270358845,-0.08908496372112151,1.8701095032398727,-3.6357712132596784,-1.1138685582286336,3.2140114743956683,2.1132147054878403,35654.466540520945,38.58,0
-0.4860419286827178,-1.1076232145769431,-1.6091061951100776,-0.41141259591270496,-1.1861784221551797,2.7325199798289077,-1.1867464896392763,-1.6071269063037892,1.3678279060305547,-1.1284442417260387,35669.59576023224,3.98,0
-3.2088398418552915,1.6663544059399205,0.4875340279592437,-1.2993027480472925,-0.465003370364256,1.77194752753071,7.586092712956348,-3.5211631547462385,1.008371577798902,1.8340601479564562,35768.317554160145,165.26,0
0.030588515905409674,1.8716537896664045,2.924755899390973,-0.48451013608328486,0.041746360503757574,-0.4503504360203528,5.886858405706225,-2.8503800143791693,0.43195761995224735,2.1181057978201943,35782.699831635786,42.3,0
-1.283586476649386,0.6656879455969642,-1.6409873218013664,-1.676920301942077,2.546947908870696,0.09426317117186694,5.8289906787129,-1.3452578214410273,1.372265735808472,3.025833161160887,35863.07377634556,2.91,0
0.7480946830475443,-0.2732815811252429,-3.1807651697922,1.2298794165526816,1.780316712288637,0.8863368119086854,0.9120995709913076,-3.070515551891763,3.2545429966561072,0.981393707183991,35922.74488923352,77.09,0
0.7677656751465523,0.4692957279177593,-2.253011654484456,-0.34143531626185675,1.010451334876543,-3.2204773133685887,1.1040496785852345,0.6454514964122742,-3.158562026291201,3.45380338381065,36030.61688094763,43.74,0
2.7412422671097696,-1.352830350931572,1.3524660065519638,0.6849273361517432,-0.4395516926150549,0.7357847722252397,-2.0360877815682774,-1.77561773283286,0.28659256067859273,-0.8926136834059966,36094.93470809229,9.63,0
-0.8786876647126389,0.21479626828813458,-1.7161604471363037,0.5484035932569911,-0.06788021814328205,2.8901441887678154,3.159958078079926,-4.869273044357158,3.655369775893508,0.3698900977775196,36125.45977654299,16.67,0
-0.5682930324214122,-3.010134336143772,-1.2422339112907865,3.434153545025783,-2.727464441491409,1.2141199100074425,-9.164056265349577,1.5482683568308944,2.3170439136885967,0.20924716864225557,36147.24842248992,5.33,0
-0.43548646670811797,0.28463733807974245,2.1607749897922996,1.1353215519178792,1.1919658183757753,-0.847979690277298,2.104543522176424,-0.2188140599619427,0.9259454266454059,1.2984761919288856,36175.56307258354,56.51,0
-0.07521498934283988,1.2011745020937046,-1.7728501031661994,-0.9051214844228371,1.4907697181381498,-0.574517178168863,4.01432737917879,-1.6387417378106806,0.749825012542964,2.310437268850293,36271.68648691722,64.24,0
-1.8005762913881846,3.3229535786432502,0.0735108912380531,-1.387392477618687,1.3910581710931953,-0.5840983186842306,5.637868836914703,0.031106154776910477,2.089284333704491,0.8524689086725707,36375.599174171264,46.81,0
-1.7086575658255712,1.4241426238573016,1.4144860694962,-2.702113823835875,1.555914074154613,2.6953444599230343,6.993131605769471,-1.9479011427759694,1.352450039105448,-2.5240451321518704,36402.426260179185,111.42,0
-3.2154230667330315,0.712348023444151,0.38693755419002573,-2.461307331617032,0.633750280898197,1.5959249574910115,5.968014782888763,-0.5881452576160136,0.475368970407011,1.0898671319929238,36409.817756252705,129.27,0
-2.4505488178978823,-0.023538699765552673,0.44195799090545274,-3.1805548455136368,0.9532410724922956,1.1540892750809824,3.6613347237517946,1.695746741649602,-0.9526829650045283,-0.2618710454583928,36425.04794784494,63.15,0
-1.0747536776729594,-0.5649695389510865,-1.1061849809574729,-0.7994915382518317,-1.5640301544424804,1.1709207751749038,-0.95856961207474,0.060714671998963965,-0.5796235184698497,-0.024840049239805984,36482.56287402887,1.83,0
-2.7344240939379887,3.6610975604070557,3.827175635840567,-0.7762518722466414,0.026171935082848874,-1.1906191048898882,9.719993405436206,-2.3091105306483257,0.3761138704488417,3.6350428454257417,36500.86047852248,78.23,0
-0.34553245592767523,1.187048640914169,-2.4200512817132243,0.5593639718632917,2.009993218203838,-0.22204937803951402,3.360416857964309,-2.198453033359782,2.985937267355826,2.2672659630672083,36538.21560900292,36.18,0
-1.4761526258908202,0.07376496756047224,0.016463963650053648,-3.4084859401382825,2.1573239873186543,-1.1924033445544784,1.8610006373136498,4.754549257149385,-2.581327094590711,0.001068292628853884,36570.68327287202,55.19,0
4.4671511510985695,-3.7814814855237806,0.005770471546617029,0.7096603241466466,-1.4102966412173585,1.434743261643535,-7.201679619652766,-1.1368584314550676,0.8097469898564742,-0.09172612887635401,36632.572651928116,69.07,0
4.902316463674107,-2.5547563579475434,-0.38422519907790176,0.5755164675768144,-1.4796126712257107,1.289400813626749,-6.134603849696794,-2.1065046661553932,1.8908189957195232,0.2166706058665855,36641.348336141564,29.02,0
4.051333910424821,-1.5016011890102585,0.9091894128906766,-0.05624440722855262,-1.1434765349466691,1.429327591274124,-1.9068618820694285,-3.551876683343098,1.0966509919420706,0.16717234564552408,36692.19832520612,162.86,0
5.011594759361141,1.2415387072361215,3.836895136724304,-1.2507609027692892,4.268961492797734,-1.4788680984002502,9.915039693722068,-6.196428036782693,-0.5381011027118108,2.060126590099203,36710.88949937773,10.35,0
-0.1310636404469574,0.7827536029298887,1.4127582273782187,0.12093167179061304,-1.1605086234901418,-0.08614431985179209,1.686550325760397,-1.5481827389465066,1.320529289429425,2.578625542138667,36744.94823692541,73.36,0
-1.3377792837827134,3.7590850135380327,0.6390047562572325,-2.528753476289424,2.0503674266614684,0.3088385305114052,6.967276305406378,-0.31596791916112077,2.911573530746842,-0.5921351877555028,36800.20710873978,1.28,0
0.5507107488269023,-0.4392954004302976,-1.4675893736279102,-1.8471713629536786,0.8830307920637819,0.4407591593577087,0.48562670696659616,0.33808042566881724,-0.6514593203084789,-0.3142571568000525,36824.492855534394,169.07,0
0.8147325702023125,1.4871812938539717,-1.841884041614947,-0.5167286705448262,2.4481696989403465,-0.3901439105156155,3.681977569369842,-1.8220713560765924,1.93354994350105,0.8028189575745994,36894.764098484105,8.76,0
2.49913491776879,0.26554276055527537,2.414232520069651,-0.3569579233674369,0.9507823178195913,-0.7634819990245828,4.335093059564493,-3.522169474350605,-0.5524688927332049,2.2363284858466814,37049.440261218835,7.48,0
-1.096453324351363,0.8915034209837958,1.3558063081560285,1.4952058912420634,-0.3882777678415468,-1.4140330473781166,0.9744277547932066,0.18771753604140784,-0.45504885463592903,1.2818811394078469,37099.44935366782,27.32,0
-0.6464764024757828,-1.473086187044731,-1.1215499011299164,2.4479720236310696,-3.8821459174832027,0.9133039685494054,-8.500049006201962,1.706877959582882,2.283884623263744,0.4141488203398376,37136.903679889205,31.4,0
-1.835366993304972,2.8785449374497234,-0.6042373022970555,-0.3944666233930463,2.150572297853124,-0.8908550776089724,7.5278106203007304,-2.0708392575999683,1.9871289362030464,2.7614339411118194,37141.69742048277,16.68,0
-0.5764846526914755,-1.9273223538284188,-1.5965531237242048,-0.4192057078214251,-0.8716325134189395,4.092572286775439,0.36123730774884544,-3.6884442951425336,1.7688580484101153,-1.2004074026855314,37186.88348457864,58.19,0
3.664058757520734,-1.1952171908269156,0.8675300821932406,-0.16408251095687487,-0.7228093666421112,0.47455370674459163,-1.1872440699215987,-2.839256528221471,0.8532857949071351,1.588232308652521,37268.66633432553,39.03,0
-0.3684616579533111,4.25762680846103,0.0071872084406476855,-1.9457729213869528,4.106659266150965,-0.9367863722117223,7.951213711487121,-0.4067342593417065,3.5558229468567673,-0.11243334490979895,37279.989361691274,3.26,0
-0.7443920333555516,-0.4107994287230159,-2.0157130229728337,-0.2965217009419375,0.9693085178450029,3.236158629040637,3.6345496029476774,-4.487393598191625,3.893112234916233,0.5151016254258585,37293.873551454504,26.03,0
0.8107274835360635,-2.1516008795457227,-0.2068995990195619,1.740644959846474,-1.9660630326359692,1.7905547699128255,-3.9403004397150636,-1.9957590593518741,3.2661085332843207,2.0909311616543955,37331.39793765881,109.1,0
1.3828927112948193,-2.027306782389212,0.29642567763060435,2.256659889824677,0.016585264624130236,-0.07070163584689078,-3.8557240867234572,-0.1647344657912545,0.962078447934485,0.49775184465112177,37452.63745568603,77.06,0
-0.6842021833136002,-1.0971694897282656,-3.885317568216695,2.1216687722862093,0.894076504145785,-0.6062017000564663,-3.9381715532021317,1.3755311663158682,2.5085993590661895,1.9908237443657573,37612.92664751663,84.88,0
-0.7131976171831635,-0.8035509268027854,1.283098273897346,1.4609707601290873,-2.213878279012291,0.9241403923802823,-1.5505605277797883,-1.1709336309019085,1.1974774985165701,1.3609856769060475,37651.83337526229,78.85,0
-1.5300287063376126,-0.2682867019756603,0.7907263496873387,2.3662887471507608,-0.5425107719178257,-0.554455373571096,-1.4563143295708842,0.7448175671203532,0.8379998020459687,0.8989803534152709,37706.261970615364,25.21,0
-0.2061129003230422,1.8064047827940986,-0.39265928540585116,-0.7349169684035529,3.1049228306217636,0.9320355256814121,5.870281079072812,-2.355395033431302,2.765678771693468,-1.2103722337290477,37714.27182308309,7.82,0
-1.5748834753785923,-0.7121201744257786,2.4106658590826373,2.679304219180932,3.4166393458597435,-2.0619017219164255,2.463059888637638,1.3149405436051222,-0.5924410010560586,0.9413220432301592,37793.053495915185,21.68,0
0.8114665355005396,-0.5847327166117972,2.2738596523297234,0.63071996511661,3.091904814579822,-1.1215362859389801,3.9181014500567164,-1.1591626262267243,0.5094627753603377,2.2446780197154568,37794.05792604184,116.86,0
-0.472105787858082,1.4768643773383516,0.396478995804433,-3.22549145638987,2.7143574535075183,2.3162929925651063,7.423117835796033,-2.3084934333977856,2.1078687999632906,-1.6741354042080636,37855.09021280102,256.83,0
-1.808901507186313,-0.3291416800919509,0.025530653999648045,-1.4486518811394786,-1.6332721323457826,0.4169265475096633,4.593505722315038,-2.617138117185561,-4.036115603793654,2.4711549556526773,37880.17701547006,45.26,0
-1.2081013099955056,2.1961303678113855,-0.8470869604037764,-0.21601834053567637,1.2249548109849187,1.235198981635961,5.7545056564088695,-3.433887827051092,3.648399935611307,0.7707092336451861,37938.91793410978,1.63,0
-3.7516573429551436,2.1504671857416335,2.764077907174591,-4.109748235876056,0.638395235072251,0.9129762946182948,10.507975481260257,-0.9001142855246036,-2.464789266971079,0.5991250902717938,38035.23711634134,10.81,0
1.503608578752739,1.7938684688219904,2.3206298157539114,-0.6459688332916933,0.5813774085551671,-0.8120644323883597,4.387129435349056,-2.3440478826422253,0.9452821255049664,1.742808027787513,38047.6572969274,26.27,0
3.4729916382879273,-1.5867433409333083,0.42756963357235833,0.16646297828327195,-2.1793528226320427,0.8198281656788626,-3.0611388128400767,-2.823856603038057,0.683963385376805,1.7625747129565936,38093.069533608395,57.17,0
0.2374046392479643,1.6900683990488714,-1.6643637219150955,-0.3781668665865352,2.464504593100666,-1.5702759784479858,2.559540009172534,0.3782232749176475,1.139360887938314,1.0936415457086448,38100.0169273263,6.07,0
0.4083740416086168,2.3788105051158865,-0.9599859073779347,-1.6469954712852037,2.729251698032674,-0.6198835540177898,4.793943710776383,-0.5870836227417384,1.8165111021749962,0.24193717498579337,38103.13672167982,187.61,0
-1.4142286482490203,-1.8630824203330802,-0.776969177335618,2.843929167535687,-5.35007409467293,0.5021166331705396,-9.84190307519654,2.5260634849207437,-0.39205423784384497,-0.16241812319795645,38121.74542849731,30.53,0
-1.0610798614747017,1.7879932702599293,-1.9116574985213135,-0.14401561996208467,1.3246167875078592,0.5212924150979324,1.769928710761111,-0.23077256166187,4.543778506349353,0.7714661540547706,38148.9890898978,159.41,0
-1.9056249855211127,-0.5745913288970248,0.11841225061739169,2.6645176673853026,-2.2029710965056784,-0.19301951061585282,-4.260210148070678,1.4720587482874437,2.0341309356950994,1.8723118627875355,38163.360896007944,99.57,0
-0.6811020950353037,1.8509683367710106,-0.11340328699511426,-1.3637526231239576,1.2850397553208706,2.0108987659821014,5.4859309741298725,-2.9055694905608584,2.8915943381335563,-1.2299146229477058,38224.99154642726,92.54,0
0.08466623482751945,-0.4295921967076164,0.46864163664511993,1.0235535910154387,-1.416918957675984,-0.10333830516808333,-1.6207317473425067,-0.47428681730518885,1.230820652157865,2.2396237157064505,38230.04674587985,61.66,0
-0.5091643441864672,0.47047683971626375,-0.48845786993470686,-1.8279896825277344,0.5172610005843242,3.2994074219943235,2.7360142970222263,-2.1279979953449413,3.0582861183787293,-2.3240939904983158,38356.78958201366,65.06,0
-2.0668140054031676,3.6287884558490973,0.2570163220827064,-1.5230355409022058,1.2041779433367705,-1.5514880038554544,8.749389566209858,-1.6893365189007055,0.06297174729559496,3.297111063527777,38374.7104558058,67.05,0
3.9316347766325133,-4.511784928394162,-1.0839525894539692,2.5600632126541445,-1.2475661132546212,0.8616637999638573,-9.748861283505272,-0.15473257154164022,0.944866456110036,-0.07819234020057042,38380.22964934219,65.4,0
-0.7034232942894239,0.7866452448883738,2.108956451275368,0.1995556961732765,-0.72819055610746,-0.49579206347765675,2.758189612868726,-1.1888855084311394,-0.16452269172498846,2.026257469571526,38424.03346048383,53.44,0
0.41227528518996026,-4.4264940960310915,-1.8072327893451074,4.0997227515452295,-5.389397632821639,1.6609845045587655,-16.36693344378545,3.7390553232808283,0.749425168783742,-2.579503098499735,38478.42647246908,280.42,0
0.2510897555489824,-0.10708396852798585,-2.045387736953883,-0.23139758172556535,-1.1718087395488506,-0.031995726573048125,-3.154343055550793,1.119342238420641,-0.011057971229982977,-0.09097604237995927,38637.360896161415,86.66,0
-1.2416176549090523,-3.5237162711995005,1.5711043437897603,-0.37543511182971157,-4.43897989727772,4.2396073907913125,-3.0338262478731166,-2.087445385537744,-0.08168925222133694,0.3058465512161652,38675.683841349266,146.34,1
3.401901691217302,-1.668209099023529,0.6905434785253058,0.15432193213575252,-0.7089882289024952,1.395087047083641,-2.585664223151835,-2.418871803379413,1.894737912686987,0.2435830260699866,38753.73667478473,134.86,0
0.8963506523562658,-2.2442041889580864,0.5535555329908927,2.0873854723417864,-1.877333035824448,1.112298714981983,-5.198251582574833,-0.4549683409376618,1.3798580724998275,0.12784790455694406,38757.913911655785,16.79,0
0.018223276634663055,0.7699069196462931,-1.0131882160220966,-0.8689827864212127,1.5073660695342395,0.2865089344020363,4.407004517646907,-2.3839626265664027,0.1890158206281365,0.6643381274917675,38762.24696988933,6.69,0
2.6780731855878894,-3.918492000268602,0.3601161045779502,1.7955133006697266,-2.206017085159157,1.9207759436411433,-8.2911899136175,-0.28951875573060537,0.7667550628674845,-1.2983962258048618,38783.33081337496,43.87,0
3.199965815865787,-3.095947439688131,-0.026330414005532043,2.023371069262756,-1.1227960309728604,1.362275142066835,-6.009113710490973,-1.789665221803948,2.3918035329276783,0.6229733947247733,38811.71340402888,47.91,0
2.7910140842745648,2.2812580389443884,3.963103916887622,-1.46230879233004,1.6156037163262442,-1.4991395601063597,8.13967297969442,-4.05031917812466,-1.4792459095446815,1.3433332222453496,38813.577726617616,115.87,0
-0.23678151308618833,-2.926491887769642,1.1456045417170866,2.500192037313515,0.03958041441253646,0.6157983891364365,-3.5471713256291824,0.4144390875195232,0.78038967844986,0.44361118687515444,38934.765495573425,39.13,0
1.261651537752629,-3.073277967655583,-0.000805519735064264,2.9357872738133937,0.06280796507924435,0.4140940552828066,-5.316987351624942,-0.03316969056423502,1.3513833237017312,0.32382722567950883,38945.883111569136,55.99,0
1.2633366765528764,-1.8518572884603712,-1.0370652711336237,1.523660464661054,-1.543514110641886,0.6789646232921119,-5.894139316177516,0.2275400499069975,3.0638838689636803,1.8308789074839333,39057.810822604755,49.67,0
0.2350466490330878,1.087070024011477,-2.1094332162024387,-1.474126677310765,3.8533048718681093,0.031206667742244062,3.2738780119214645,0.2736601087124868,3.453411125495429,0.4900200604304955,39066.46347062523,3.53,0
-1.3914319909467863,1.676050627312909,-1.5737608729799129,0.3262344777272006,0.495656912668778,-1.4883213448205248,2.20754034415769,0.08491240935135291,0.7669776359195052,2.697710376713024,39074.45723994331,63.08,0
0.3083814068459835,-0.5628768498674785,1.7993345768053777,0.27990849744912116,-2.3069317637549247,1.4157439506236043,-1.0497292836922036,-1.6091023170366987,1.4640928783156046,0.8899504484686629,39138.469954203676,115.43,0
-1.2778402879012578,2.3866984604276387,-1.4717225023555223,-0.08418584493239856,1.5115144148223045,-4.000015659392116,4.174196070017464,1.10855701393294,-1.6148905703259708,4.882421464753138,39142.93697903906,12.14,0
0.08453126290359281,-1.7796877230098582,-3.2089078023038695,-1.0022550199581226,1.5783358834045402,0.746470482040939,1.3225195168010595,-1.4841305442048998,0.37670851528349536,2.785425416021564,39166.22630482353,59.64,0
-2.6625685661508505,2.1721996612977827,1.0193376685411515,-0.9466804867419485,-0.9136353694122901,2.0857785594968012,5.8580368444001145,-2.917381661823946,1.5404196576427294,-0.5735618429770324,39256.62745366337,59.53,0
1.129010480079647,-1.039686257059721,-0.25088703272164303,0.9598925892928751,-0.4840223894972946,0.7040861150302138,-2.427449184586696,-0.9620835111482103,3.5349744344628626,2.2823904718604053,39272.19159107257,12.66,0
-0.6998466107750044,2.3617053737751954,1.5886886386142045,-2.7302987070388705,1.408678108490142,3.005271305896116,5.363103892098846,-1.3410024163735614,2.882542302247397,-4.769186389677638,39355.154398634615,9.57,0
-1.7043174166790491,2.8742646920817756,-1.0580418983997457,1.8302397489303601,-2.1910835854447988,-1.4462631016239962,3.9107447592352953,-3.702880406113085,0.09064372175859259,3.963810780218125,39387.196087247525,255.45,0
-0.24603325703324708,1.185571010151595,0.7329286507065385,0.32793284793894106,-0.030834728370880082,-1.0277233312325416,1.3963564600773306,-0.17361810778531173,1.8043673266285127,2.7772642651580934,39412.184592775535,33.53,0
-0.1087226437174077,0.4749376077241937,-2.1480294991432505,-0.31939826605717636,1.1339507883673277,-1.3696594518110883,3.6260725675667835,-1.8437661410544344,-1.013733601494124,3.661634847487624,39439.07081171121,17.77,0
0.9669010483709646,-0.11196973934716259,-2.201253740709988,1.212849834669198,1.0738261339347677,-0.05041813368801572,-1.0016609963837961,-1.0241873145375524,1.025535771470026,-0.6928985807704298,39476.97930204842,13.22,0
-2.6181387584794082,2.1606779930524502,0.11000727900138818,-0.2615935926701659,-0.04630702099527939,-0.10184371914173534,3.793058327388794,-0.17701014512702218,1.030609204978525,0.8059616502754469,39509.47679099836,72.59,0
-2.2899363210046673,-0.25541749232175137,-0.6323656282593872,-0.1738953908711901,-1.1096036543618704,1.474094939912743,4.471427233241023,-3.724514400084334,-0.8069702214277044,2.2990786966504753,39515.34751550359,62.11,0
0.7853371407475433,0.6009561801388628,1.4137869322226435,0.5877114199841146,2.3478613370110235,-1.162166998438542,3.6020917443013065,-1.304680848366435,1.1238396581579315,1.7713552202506766,39536.32299695236,68.05,0
-1.3974586202288655,-0.8455544679267966,-0.21022937847648793,-2.6970900837742264,0.1960193723532463,0.41468823928763554,1.636577678457178,1.6369212096961956,-2.826069910909773,0.20748257988296814,39549.67991714863,6.99,0
1.6764827489812566,-2.252723440695549,0.6557929636068368,1.561409397053008,0.4463084371396506,-0.3031915265602285,-3.0126832590758137,-0.0662453886444696,0.4197391675190234,1.1743448554924563,39614.64109620045,146.6,0
2.795133031284694,-1.86650772809695,-0.32638558030925524,1.5655476570100173,-1.6941726542974043,0.6183617067298876,-5.400272272482353,-1.2836506451329628,1.6458103059577498,0.7689222223260941,39634.40627210979,33.05,0
2.839238530117677,-0.21384752418190245,1.3252655925915904,1.4405741317502314,2.914469166145725,-1.8363186711170858,2.7652406923750643,-2.5157620711614306,1.0013838866553502,2.741098977249097,39674.562178285785,25.44,0
0.38255972290304285,1.2744963597565722,2.2832417263796305,0.16508360466216054,1.5010721335471113,-1.4425356028327796,5.938311149062811,-2.5114923247426146,-0.28836293574018357,2.715172739282144,39714.05821782846,41.34,0
-1.5985957623098104,0.7160810102577495,0.5153371872532793,1.2702470227681928,-0.5117245551348202,-0.9818476355946018,0.9672576729082759,0.002245932648472504,1.5066707235794263,3.3186340006074726,39736.15589797969,33.14,0
-0.41860950404286346,2.892774871044007,-1.7873286916207993,-0.8237993309782682,2.2156886034261114,-3.8175387553517197,4.708639340109136,0.9009712320974572,-0.4661222899131643,4.591935819944122,39745.527083315086,130.48,0
-0.8747364035647944,1.390972897290643,-1.4996983766630978,-0.9842925604546147,2.5642382086340625,1.3142152471864934,6.4376666386667925,-3.280604020583846,3.7097206298913354,1.5279977703080654,39815.999213878065,173.17,0
-2.8003146690781486,3.0167589484461144,1.4480417369349348,-2.020222508615246,0.2641362990528394,0.3384298979174245,6.1150545816139,0.1353712069273496,0.6579705928964936,-0.33277423683663554,39859.7434648287,24.51,0
0.04714729038538734,-0.6105881285737804,-2.282761538273238,-1.6755924636226558,2.3422293736462763,2.103479970724669,0.5031813417854379,0.16546114510178112,3.624035888736608,-0.8942166610470086,39929.72485041874,130.65,0
-0.6424706416799184,1.3997835715040372,1.1312279905951554,0.7496344011287408,-2.384086925376832,-1.6204486986729834,-1.1389683824811008,1.0363379662948873,-0.9252310970362023,1.4800193555886185,39982.57396591934,99.87,0
-0.534658480712827,-1.152419141745449,-0.7875254989111808,-0.1936818621389682,1.3055333140307375,0.5128278108557454,0.2588254306895224,0.34311765553559415,0.6329033480234298,0.6010635671809077,39998.91693864352,244.6,1
1.4509278427516996,-0.5688061979550569,-0.952009866826472,2.0060934426993096,-1.3733218872681396,-1.538300196245147,-1.6503953782445304,-1.8938820906992595,-3.6220278338974143,0.5452130475201267,40032.86999905902,295.35,1
-0.9726032990927119,2.7580385291771394,-0.040144829044180375,-2.9317478936272376,3.946458557488352,0.4643237536052025,7.994691015722174,-0.5090482789527554,3.1454520930200234,-0.043835341935507754,40080.45820884055,56.92,0
0.36801690202375004,-0.3501248479925001,-2.630265951651163,-1.173520322208938,1.8674695099513507,-1.573533114612868,-1.0717434396047063,2.726108354659949,-0.45624036587216765,1.6301099452367684,40092.74155736249,21.86,0
1.5864597580419233,0.9927757601908906,2.6409267214733645,-1.2668133678933287,-0.026499286027810154,0.6025853892703886,5.594851075632375,-4.326666221574364,0.7875623736966832,2.0117917484730286,40126.35372137003,113.96,0
1.171250568835574,-4.886504934828684,0.5596976160947995,2.636649801362064,-2.1374448196854976,2.662693815813563,-8.212473901775377,-0.3582191240570657,0.7906011973318074,-1.4063047043106214,40156.01102408506,1.35,0
-1.0746676608410572,3.3054634123443227,-0.14003871158276027,-0.1590255798133383,2.2207502490440945,-0.6813874491545582,6.576280671705241,-1.8447722017043529,2.335538836433278,0.5848588498906445,40177.03545351323,55.08,0
-0.7621955999246333,-0.7632250041610992,0.36987769519783753,2.2808199793039674,0.6441806733202076,-0.9179855065404439,-2.191803633227635,1.5640291613873032,0.5098737756668533,0.18765637697284054,40255.39723742792,27.93,0
0.07735883664136378,2.0411689504391566,3.0352932743252135,-0.08512275124069224,2.466289385172805,-2.40016281856094,6.481820244781557,-0.7115030134118818,-1.4477305776465297,1.1569784554310987,40367.419381424435,26.33,0
-0.44749916835678416,-0.8865899421895411,-0.5070862411574794,-1.3212193436309234,-0.8135578180600449,2.899760466303178,-0.05275682703943643,-1.19035278659765,0.36391037770165025,-2.516764475353361,40385.447754122826,68.3,0
-3.4589196960925017,-0.6774684581696551,0.03156441825476741,-1.3234685753331388,-1.5320514981423905,2.8600279286675603,1.9215666784957561,-0.5936199794527839,0.4401836990577169,-0.03120141318031444,40402.857558481475,124.96,0
2.4329342263280136,1.1960333722266596,1.3127299448160707,0.07526057611630366,-1.4832328951716087,-0.4096286314686862,-0.23356643888251855,-1.921522242304264,0.5194516322231801,0.29271310000007655,40470.34249607054,62.07,0
1.034792708819599,1.0250698475313411,-2.0194544842109385,-1.2615621404401967,2.903440172913955,-0.12255199858201364,2.5197257369504595,-0.43815283606594113,2.201477286461179,0.09072656452987726,40508.74368198974,125.7,0
-1.001543382395178,-0.24359237590205485,-0.9649574838525734,-0.6745547897571855,-0.9071683243405795,0.5453976048766566,5.830115208608395,-4.9702811527061845,-2.6736394796008343,3.552544102011711,40546.15174462237,20.98,0
-1.3476797645523604,-1.8487139601592029,-0.02483308591969169,2.4881360849009844,-4.653764605478154,1.7178657157232096,-7.603503410069582,0.7715571810943274,2.1954190827115467,0.7257008111939018,40603.404383300636,48.64,0
-0.42329307603261546,-2.2313549503494436,0.12293789264478816,1.9566280507520384,-0.8871943828504365,0.7593425615394682,-3.0253172978242064,-0.42867162127346714,2.3133581357654025,2.738072101110089,40789.520066268975,39.92,0
1.6099015624614732,-2.6251746638466793,-1.1846891196977802,-0.43581484392209124,2.201416621704646,0.6268548340219334,-0.583999633548002,-0.572031397065579,0.3180170610628459,0.9952556543170645,40931.2325907905,249.53,1
1.4842295800959366,-1.2153105648148892,0.9736510677068285,1.0775936060687332,-0.25532060023561065,-0.19234882714526103,-1.4430332432748993,-0.9886452856373822,0.1763022881422952,1.1174317046595688,40942.07854386888,53.89,0
1.1024306127834098,-2.8661210438107205,1.6742562541494868,2.5082164552836113,2.175954367124218,-0.884575424989751,-2.156813816698793,0.708277743067391,-0.5863074761852269,0.2552183194158524,40992.789611979846,71.41,0
2.3387736380093904,-0.8057388150241466,-1.2111717913088826,2.5465288811007563,-0.6325893656575181,-0.5057200533956022,-3.780189202483203,-1.7736780648484647,2.975385799334618,2.5551780093512715,40996.642319447055,59.26,0
1.1219975085678933,0.368178223671636,1.67211116565535,0.5367907963466503,-0.3506332119021054,-1.6225081332550242,-1.1769878040754178,1.130465540023454,-1.963986853170288,-0.6503815629241929,41028.503335166526,87.64,0
0.7776037759331869,-0.7823624029307072,-0.009306265024877414,2.0916423971671514,-0.8485801786458649,-0.43077552011437675,-2.725263323789886,-0.7273868696157952,2.560188976612939,2.9781133833275777,41036.29460679009,56.06,0
1.0623390367927945,-0.4330114173275358,2.1183807069276335,1.666989511748032,0.9247122243972865,-0.7929733775799113,1.0979183793635272,-1.4737638680673224,0.21954450202049203,0.9889386956167563,41047.486546846056,5.49,0
-0.09458614835396673,0.5208373790304957,1.193515972545606,0.5838251722027561,-1.0738300737098252,-0.14782127233822367,0.6237764394208236,-1.1101585483668592,1.6973648180012748,2.4431735386391633,41047.62581508379,9.05,0
-1.122565806340536,-0.2256902329817514,-1.1009701489302217,-2.1725416390075845,2.2169673454797865,-0.09244973010382485,3.850464154967568,0.5395417053663039,-0.746499213653266,1.6239638401717087,41063.76760188666,59.99,0
-0.10110318725863432,-2.418471330536499,1.225087231983903,2.5979007525620537,-0.902176556125418,-0.276775274815167,-4.812450395631308,1.4363257772858202,-1.0902577221130287,-0.4329334068905111,41151.741753432325,21.9,0
-1.735331567761026,2.91322633510509,0.3207906029693881,-1.1563752936514753,1.9756118505943574,2.709206454872902,8.725165912189206,-4.513222772452754,5.08439097328807,-0.7742660433346313,41157.98456487434,6.39,0
1.2121576451091762,0.4776857712643623,1.8166709136036685,0.41040149516333224,1.4618940774229223,-1.0578107950743254,3.3777583091410475,-1.8765486292250542,0.37226099389176337,1.8935863039969671,41260.690788762644,37.49,0
-4.356801650512215,-0.4375754488964638,-1.3425295079155555,1.4188710558612256,-3.8799651171798706,0.136954512212048,-0.6093981680669927,-0.36369316808169716,-1.1392885453050665,4.278750903203299,41263.985326729984,53.53,0
2.3291012707235046,-0.03436793896820001,1.0626720911311986,0.4746739784273817,2.3003305252384543,-1.7398191678529105,2.199233404912563,-1.3328050956089723,0.8252393106884517,2.8627588972837996,41330.32200851195,26.91,0
2.090729984918668,-0.4200103760233791,-3.582403785393758,0.6881150419748583,1.8586279309034883,-0.9616320893876052,-1.5839711117201338,-0.5887561247032276,1.030708428385555,0.9994150420021525,41387.35736036819,83.84,0
-2.0966232653367323,-1.0211648416197407,-1.3340756862227459,-1.886769967223454,1.1281911305648875,1.2647449064922434,2.177027094939877,0.6628631211097358,0.41917633970128554,1.4004117985903561,41396.29470725283,68.09,0
-0.4645918933447304,-1.1774893001617288,0.6617481070790366,-0.927816246733564,-1.1313537175334407,0.9479034079888548,1.015213985947251,-1.130156886317945,-1.8113294364482355,0.8709835306306082,41450.24668422725,8.21,1
1.3726604969547311,0.09677995039078091,1.913225169482058,-0.3136731929052097,-2.730679346884485,0.5027470371793807,-1.9674332011858258,-0.6190404493609232,-1.4880908699932718,-1.5517547878894251,41497.162924871765,92.39,0
0.05318884309199401,-1.2308977170161222,-3.2395724729774296,0.5900540989399599,-0.8859855576623523,-0.6438869573847249,-1.995514897239687,-0.6015290071783822,-1.049220931375547,3.0908836736028324,41540.93214799799,69.0,0
-2.1124951437266777,1.258714242688921,-2.076556570564147,2.484333488406951,-2.5174962002538583,1.1136800677305094,0.9460585687059442,-4.000961411415213,3.2422640203485606,2.6560299104885354,41591.70060465686,66.95,0
0.8262094765871091,-1.3767834194292354,-0.76498222585597,1.4092388686457968,-2.7934556568905045,1.0112820122544293,-7.241753573712108,1.0879967232587626,2.219913270105166,-0.22121587203321535,41679.61187320077,53.4,0
1.3701015465569095,0.9696003542666289,3.2172427330335718,-0.22246868517271423,2.4343122903192156,-0.808454274110958,7.502368652143457,-3.873654978877972,0.35564807029557666,2.4350821071873785,41730.59265238676,1.74,0
-1.7607587119872614,-0.8450256744601691,2.303499399998385,0.055314461272415905,-0.7728292285576204,0.28871938027237226,2.3428988454922917,-0.668020823976183,-1.4089495431533172,1.867992656137638,41731.30851716162,30.92,1
-1.0493536492307227,1.915855843358028,-0.827303934910338,-1.51456608769846,2.407893269982796,0.22084594618415712,5.599653428458761,-0.9889399581054658,2.3849844577376906,1.0048098498577955,41737.56624605061,31.66,0
0.8347927684369434,-1.2108062514737794,-1.5695862137283094,-1.476821080367824,1.1244192167728,1.7480178358000935,0.07501308584500031,-0.7245300146227852,0.23361966473123985,-1.6260504521673043,41792.075867598054,186.76,0
-0.564992187658838,0.6174020406058485,-1.7066745830158982,-2.6659703917577304,4.687954168169211,0.7232467739523148,8.708017737548404,-2.5745667481212795,2.3206011764422207,2.738690879372058,41799.16122270725,111.74,0
-2.9195259694295546,3.182512603149278,1.56419683586796,-2.166624889617412,1.5250398671284109,-0.6199399397636874,9.762755060490283,-1.2373972799592572,-0.6886420411136784,1.596671736865824,41799.25352312738,58.59,0
-1.2394284251059775,0.02565221001743534,-0.12762249561996475,-2.9147943383583197,2.4775795682186406,1.5577548955778342,5.24593480134865,-0.3261614486542209,0.39558956713049287,-0.4868016832506372,41805.79435852351,19.89,0
-3.6408212843822083,-0.2791673351190085,-1.5819860228488527,0.1303381935805361,-1.3708365286190594,1.290182829017434,1.576764652760612,-0.849459817430392,1.4688176878944397,3.246880975011543,41813.648118785444,15.81,0
-1.2073284642733764,0.6767191842541069,-1.0098207455874586,-1.1180207849083572,0.433445328950515,1.058577734431968,1.708620128937433,-0.08623386552367729,1.7291966761676036,0.00226960597248016,41821.41542069558,28.05,0
-0.04758866485610724,-0.889480485738671,1.5053166233785298,2.1119235038609885,0.2726831021631895,-0.5816296718274651,-0.734538388766311,-0.24708322871250998,0.2617280920342423,0.8231923368878958,41825.37874104475,43.08,0
2.259581312353016,0.8493141179391646,-3.933960828614364,1.2879586331237425,1.4429797536189852,-2.1366379341159485,-2.104389406029497,-0.1634959324646228,1.6934318410735885,1.8354183054833515,41827.150917187275,23.82,0
0.729770908778266,1.4329875339205382,2.924848866750245,-1.0714243008297166,0.3661644886051496,-0.12022935064376683,5.473200080737654,-2.726885322416967,0.9519473861381111,2.165785931038908,41888.40176132586,48.02,0
-0.9567972797638947,0.597047977054298,-1.2746217525218155,-0.494655939441337,0.09556392754905996,0.5366604197824617,2.7674842488344558,-1.753163053902055,0.6314788670485427,1.382984587171877,41898.90302808129,12.75,0
-2.4907404235360917,1.6958730184751,0.9290891010121376,-1.9355481605033489,-1.0721491632396503,1.013979168853947,6.231953587776935,-2.1705233750264945,-1.0224474949114604,1.009216163648469,42020.15460470567,248.24,0
0.15184873384838415,-1.126977101595935,-1.2056193947261193,2.050276746938751,-5.0498269513954614,1.2398112358236906,-9.221712766831248,1.051732995049334,2.062631605398426,-0.11075039035805045,42058.94686016207,8.42,0
0.6471761290157996,-2.7542217268715197,0.9623584029982972,3.278909346310424,-0.026177532238786605,-0.3312238005739586,-5.4331133828856055,1.1937496833035581,-0.0022971212525921825,-0.4998522567097856,42073.740848384514,175.68,0
-4.087913643669323,1.7928713065730815,2.3307565109630013,-2.2490475011029902,0.9144035023196365,2.3695364441340767,10.840885966882327,-3.424825556578935,0.1224144489011526,0.10256049417678859,42161.410375905645,160.15,0
-0.7905129783294093,0.5168239564731198,-0.6996431510430319,-1.5475849365534786,0.08687690757317401,0.41748228532020637,3.2325036145183494,-1.1336596257775164,-0.752455845286748,0.984764333428358,42396.32615293226,49.44,0
-1.7038782795982068,2.4384200045790783,-0.8895344316897158,-0.46716208397173364,1.7506008204477308,1.006957101405796,5.273198132487934,-1.8634542533891438,4.492966067886374,0.7060123221752674,42396.87988792127,84.89,0
-1.203166514412013,-0.9869166373270389,0.7110113850965056,2.4191649608413144,-1.6553303920579936,0.13619902352611213,-4.48251189122785,1.6502869621723724,0.4636594273117054,-0.8186417866036164,42501.49546484301,38.23,0
-2.664779614992228,-1.1315477913422574,-0.7015350941684213,-3.1109778339604657,0.4052735851025365,1.3360732807543205,2.895592444788171,1.2210410460490637,-1.1173666874832842,1.771650939852918,42578.27134371766,65.63,0
0.8529543371771813,-0.5100977522457539,-3.186996680355044,-0.062251242767499826,1.9938332748944285,1.0301996619479952,1.4477303064850247,-2.5668465946181063,2.7784379696050663,1.3323143057506357,42613.108124202656,28.07,0
2.2331207911293074,-0.04801967741069113,3.7983126877295037,-0.5447651279673444,3.571644785013258,-0.5575866156650766,6.865079990950921,-3.166100950309601,-0.6906918846168746,0.48735848440307206,42622.60881117424,24.29,0
-1.1699571643101807,-0.0699046231479119,0.3131319874762597,0.8658120026167783,-5.128814200204166,1.404731660181356,-5.425002516648598,0.5881934863957352,1.5208416943744214,0.40086755618204095,42626.107789336456,57.11,0
-0.2023820619591603,1.9083805323884317,-0.8273568778938368,-0.06099776049266781,1.3005450303751724,1.1194893547588192,3.955958234573968,-2.776327561868775,3.120930175668794,-0.8034575900184528,42651.16459808871,45.81,0
0.043020959193519115,-0.13369957793340204,0.2058380172910662,-0.34997657554067185,-1.663561774078691,1.0748903016414226,-0.4350776971129305,-1.3235518381356588,3.5602877791372554,3.556740741838023,42677.93647964157,57.32,0
-0.42035262278690744,-2.6013873996701538,0.4461997211169102,2.7279554570516167,-1.2560506071698478,0.8345476339225061,-5.530249971028735,0.8738044641522109,1.5907478152872545,0.37038327924728953,42699.438836953304,22.96,0
2.1652247571590664,-2.15110436472545,1.4407452996415082,2.4552445760205206,-0.29628849726010364,-0.1631895354431336,-4.052075294958052,-0.557029512948634,-0.024333209315865467,-0.39870346443427707,42721.529656868996,30.72,0
1.1345171806901275,-0.23463726772833615,2.1056627074690537,0.4450732147165223,1.408127478582308,-0.6708407763635228,3.8289152947798684,-2.6137934871332935,0.4104755082746987,2.801878763390585,42740.4065735376,6.7,0
0.4844434034360068,-1.2527955491271787,-2.266708338554842,-0.3534420156360314,1.017750560461477,0.7131184770035093,-0.879731889184051,-0.2733871812024139,0.23082447399787254,-0.1371619722399382,42741.75198122455,4.49,0
-0.0828288087394583,-0.3211379360285118,-1.8158729973078875,-1.1004399133075122,0.4004000297636914,-0.450750253395053,2.5397014609617643,-1.415346133585813,-1.780069843558313,2.5875591559103643,42778.32830436437,20.0,0
-1.1396274238658735,-0.569628663168773,-2.7915893021835814,-0.8670420776285777,2.0978020865982723,1.7585686616289886,3.651386507803222,-2.3919541380559415,3.4525862118450834,2.6617688801278794,42807.91498580001,6.01,0
-1.8664444879598763,1.0528840448049541,0.03721684249470436,-1.602460994460281,-0.002497527109940778,2.9455071817199876,5.512952590314893,-3.3515050975919563,2.374831091155074,-0.41248664645721855,42919.41779190148,8.12,0
-2.8470838051322676,-4.193025490424521,-1.3137080065813254,4.602355016426134,-4.271027703166366,1.7636511492127906,-12.375772476455282,3.514671022871023,2.6218639234000656,0.5343387730695104,42920.68759082626,109.96,0
-2.2278961771518686,1.0374802653300847,-2.0078337519928504,1.0364104960073952,-0.25865078624787086,-1.4003391905283786,4.199158948436641,-2.43839779821604,-0.1384853847594143,5.492336034783186,42938.92335993968,3.58,0
2.8811845786536034,-1.2032295805167654,2.152577689754356,-0.41493540864158196,-0.9869925071319993,1.5940879521225553,-0.43854792864946335,-2.9194874978754575,0.039031192436516204,-1.0339281527097417,42977.82630314245,70.92,0
3.7841606888365713,-0.750710523740148,1.8718833398696288,-1.2866801333364197,0.44237928505701696,1.1792490584509918,1.545341240775771,-3.507272930466946,1.690173339400987,0.9642411593485289,43028.709599650734,21.68,0
4.729427121208451,0.4892301669535366,2.093415216076445,-1.8854299555065253,2.0488508205238913,-0.19657731358167235,6.1576060724141835,-5.40239422812587,0.43923230255819945,2.3165446197150246,43077.69719692559,134.39,0
-0.5252658416245157,1.1067458653254922,0.07210968600045842,-2.071661442388841,2.862160013569618,-1.838484243965219,6.071199801429815,0.36747560194687434,-2.0192678937504556,2.168080850419071,43121.583333994655,551.83,1
-0.3240512549664436,-3.2505737297928823,-0.2798144050217519,1.7418671777426507,-5.955481217877777,2.908917654010907,-12.353096878902972,2.59178691356839,0.8621637674196801,-2.7100220061787805,43142.631930867334,24.7,0
-0.45442381482563177,0.7672829295115128,-1.4927888907940732,0.3252302493379251,-0.9171849665131553,-0.7651198740637933,-0.9211739749332066,0.4050354072356275,-0.30958141508305603,0.7786049204621771,43142.79503351177,48.39,0
-0.12451571328557576,4.1363798874922075,0.8503515896143534,-2.9670242049076387,4.3936587252414725,0.9697660826287464,9.84379067426328,-2.0584736652504305,4.248299964237524,-2.00165435779816,43192.56033750895,32.28,0
0.5181819643192984,-4.9793575537801935,-1.5930202258056854,4.7404579584004765,-2.288484442158262,1.2877356112714342,-12.114575559147797,1.70576317664854,1.5262304399224917,-0.6854416047485452,43241.97280284207,55.0,0
0.5402310350942021,-1.8577839844390067,-3.109112712826758,-1.2266938429248464,1.2306914629936045,1.0752309478376099,-3.836306247420378,2.3488603703570643,1.6099304236226697,-0.5656983225231595,43280.85291134382,8.91,0
1.396811645784838,-1.5571645912307035,-0.5705963206614217,0.9949603727989454,-1.6802360195350643,0.7525399068236485,-3.8757200887113625,-1.0541094162909537,2.1851288698367437,2.188987836849977,43354.31829542251,378.39,0
-0.4730958151949216,2.8359869036419516,-1.5113700640472927,-0.4408535284528251,0.7978271309613386,-0.7626871818056904,4.474556889383684,-1.9316338991479522,2.3736831492015504,2.374164687538949,43367.03907960349,37.03,0
0.48832231041572816,1.4381072043897158,-1.1119765038639886,-0.9410348224961216,1.712699273555916,-1.45684993330323,4.1993172937070575,-1.1857832472916061,-1.0702718664521824,1.4961571985843694,43373.039027725485,28.82,0
3.423644605906309,0.5633228894859341,1.7473895503324224,-1.9699606829852225,-1.3708570222250156,1.9326352602816326,2.6317244625169574,-4.968066729456762,2.111300001755146,0.9920978640675623,43402.04943236375,81.51,0
0.6251429485831772,-2.4099804298601972,-0.5043359790764779,1.820417424646397,-3.2736219390750776,1.8185301619768888,-6.775797299315142,-0.5391935452690446,2.6976563560899134,1.2902103476499955,43507.98071862292,30.41,0
-0.5406388735606869,-1.7917034634604292,2.3020302220443627,1.5345483235698711,-0.1606660671636464,0.46355335671581216,0.5147885273512707,-1.3334153141946754,0.011569825057944128,1.6498313088982162,43510.87737912143,166.19,1
-1.9459424600052428,0.4857343801565307,-0.6430138942997878,-1.1369993422333375,-1.4146265581720705,2.4815718731521876,5.415054767636223,-4.694670684358629,0.861829748104112,2.0220916747027204,43587.248285956885,40.37,0
0.23527552829051068,2.332516170477651,3.415450495394391,0.46655162720111965,1.864328308306371,-2.125584790216385,6.951283044966575,-2.0584857354488886,-1.3440403955736073,0.9525117967833314,43621.10398264679,83.64,0
-1.9437905238126607,-0.9361559985233601,-0.6623386524553705,-1.663999224863622,-0.6514726692497363,0.8222243644024145,1.5095376809711318,0.3001200449098935,-1.966993862093978,1.196775043235725,43693.88283361921,8.39,0
-1.4960406082974498,2.0872670904339907,0.2938191678126858,-2.736066088884287,2.013928258933517,0.2027910051387082,8.371843911540138,-1.7425341925881477,0.18017383717745905,1.5103667859605716,43735.9459702364,122.65,0
2.6151346211456117,2.2778279049614705,2.6984256163035933,-2.182069796502718,-0.6179021531067628,0.23474798154048188,6.167341823034829,-4.769275713773963,1.1594852015694537,2.3501373630960947,43765.46787272517,87.5,0
-0.1213306223732733,0.3546546865826934,1.548810613540327,1.7746762581544013,1.5823159318543558,-1.9180200493681516,1.6777775817119736,0.08889622829231358,0.02169888322355973,1.6205194632072555,43958.86516947116,16.46,0
-4.432614765901251,2.46123585802677,1.4403071252792947,-2.336636850287187,0.7493834727226321,0.09352489119445041,10.12720481501035,-1.3720535060592463,-0.6196393772949045,3.0670256907829323,44001.905143178396,11.2,0
-0.4328947757333137,-2.113759054423797,-0.21711057901035602,2.526710272422624,-4.08411682619064,1.2150562000849474,-8.803854571733941,1.6209459496723642,0.7984072740816933,-0.9570430343657583,44007.08348955764,25.71,0
-3.038421874137618,4.254169814147934,2.552013369343996,-2.432490066542047,1.1687854288982926,3.065726591208266,9.566837931690879,-2.6024597536424317,4.564602357142892,-3.062633460050403,44122.125386288586,243.62,0
-0.49967567543822544,1.5176856816735005,-0.3888894162176778,-2.6493577424092347,3.793323716220315,-0.20502889109983738,8.87994424494983,-2.03226459861619,0.15513929226764955,1.6635798506968986,44316.81694369716,20.29,0
0.004270499514838377,0.5643544587966843,-1.2582235814750906,-2.757611928083013,3.697965298465766,1.1685664789799919,7.845211342423177,-2.9973532431559535,1.5224517364141592,1.4359418234488093,44328.39479036602,40.59,0
-1.1231451530056968,-0.5207517699965856,-2.1043649473764674,2.2058499105953047,-0.42670368532860947,0.8105829856070338,3.267771001090474,-5.413732499949247,0.3472319240394999,2.982759982925103,44334.04902359566,2.98,0
1.6546826277318574,-0.5038704365690991,-1.7545343238319688,-2.1835167030421934,2.046075689394539,0.8115598147489753,1.128334522488005,-0.42341719171115333,0.0797745024672919,-1.0852645112991635,44370.990902103775,33.9,0
-1.2062204458964154,1.2217312853361835,-2.075024106332587,0.02204294107784799,1.9219477055338743,-0.3270290010497343,1.1093710415063875,1.0508977688826802,3.438458588043609,1.1846424649076104,44514.52767366714,56.06,0
2.5662705333593046,-2.839112137924908,-0.4097235894636122,1.4256186695949997,-1.7802447341154595,0.9571126753605786,-6.536696708503485,-0.5790102695333863,1.6972460356846737,1.1575717667493142,44527.60313473772,199.92,0
1.144110917386623,-2.4258120484753656,1.0433618677886654,2.019296741832422,-0.51595403892061,0.08676688970475963,-4.09316146311848,0.1677503102224438,-0.06671931156718602,0.187216403569204,44562.99204285735,48.27,0
-0.44748687426399103,-1.8011613643842184,1.6209985369376483,2.571242461943503,2.3913492113260526,-0.7278061508248711,1.258783228191908,-0.6921039013098321,0.6905269830755558,2.0213644630320893,44565.6085133656,112.14,0
1.4478179936180604,-0.9387660388405508,1.499372454027948,1.0395480798114811,-0.10542493179133838,-0.39416353619102096,-0.5678150028725496,-1.198889843093299,0.3376223856331262,1.5955778790076685,44572.31326917889,52.49,0
-0.8275276952795797,1.0981872267178172,-1.0653824727770966,-2.019896515563405,1.2090099798041734,0.9720233728505208,4.411688187509821,-1.3263948444320472,1.6941374254561679,1.0526208770395078,44605.45717075484,3.71,0
1.9502080164516657,-0.734783244164138,0.03884741676146941,-0.8900093536795148,-4.473056954700828,2.2233925869585565,-2.980264374916414,-3.1502350780746915,2.66400779884318,2.9647475259085234,44624.63029806,25.59,0
1.912993050401802,-4.244617350136783,-0.55441047682335,2.97063142457808,-3.3505506008482846,2.1892552039695996,-9.375465506557065,-1.0974439440167285,1.5554997894373719,0.06275751083753478,44689.6802686531,56.7,0
-1.0990564695203804,-1.400324401903568,-3.1463950195020303,1.0019269476406012,-0.21407572693787635,1.2565625619169496,-0.5325761890547359,-1.9752782845322745,1.8711339004322083,2.5149930738548933,44705.3717644602,196.5,0
-0.028328971400579217,-2.7146066721083963,-1.7395135566915805,3.514556900309335,-0.9148106138506986,0.6004083701133335,-7.696574015165777,1.239620923312231,3.3998896745837617,1.0840593304243862,44717.18082048292,128.39,0
1.1166063902001244,-0.16773740610361676,0.7357271784621044,0.11093720384044325,-2.0854151285058786,0.3406644862728308,-2.4769335459249944,-0.3648769586925916,0.41845987450008537,0.2646753292990506,44806.479932005706,17.85,0
1.0811227684806886,0.20080795415734998,4.174762874840248,-1.025968183153267,-0.8845027722247079,1.0289122065170244,4.071973108776659,-3.19080715837597,-1.2749674964896962,-0.39041905262073473,44813.07025639393,17.16,0
2.716261805622685,-0.119358749964945,2.434652610251851,-0.6859247286428358,2.7881167527457547,-0.8677490417439201,3.936143895023353,-1.868233133808443,0.2725577934158263,1.3319093225353886,44828.36929692734,15.6,0
3.8227139145158144,-2.090430518834193,0.6634233714405668,0.11504473333967846,-1.7140853150604318,1.5169743578259065,-4.135147528117404,-2.261319640617436,0.660595132287964,-0.5121408530824763,44848.82013282841,167.24,0
-0.23853639612480348,2.1227714634750106,-1.3476099506400425,-1.0225269028032091,2.6534684310805305,0.5103509943644458,7.904183184326292,-4.229847599719614,2.8657172768848653,2.1124817176972925,44854.8104347285,125.48,0
-0.12771262760617097,1.5798249718072275,0.027069219944950484,-2.259472623801008,1.4035212317745653,-1.1000825973067316,3.003349815422424,1.5230217126478824,-1.529871694313893,-0.5251038087316269,44871.120970631535,97.92,0
-1.2905518903791404,-2.3111978680118757,0.951247750449437,3.2025519632208117,-0.8269060117169432,-0.004850931329766408,-3.559177276517822,0.5992705805318885,0.7809099817233636,1.655254710743749,44885.45383378437,33.42,0
-0.31432242407761457,0.14867221072502457,-1.6035387991119434,-1.294985731712456,1.7918054141196773,2.3088984544676627,2.390103478957255,-1.49796509705468,3.563195108502473,-0.8406481790881961,44894.05880788681,46.63,0
2.0421914189125676,-1.8889436986228145,3.4296159468980445,-0.19488187767149334,-1.420395518685556,1.8122924339570414,-1.6321759514915921,-1.4836830430100427,-0.6536846950555342,-1.9034987078328056,44895.72247114191,41.58,0
-0.9632030523729436,-0.36448558235842365,-2.0892786571923696,-0.4834133934311846,1.7049251300821506,-1.4855631820362656,1.5617993324582133,1.0540901383849994,-1.082583598833378,2.9565137521849603,44911.580413161515,19.99,0
-3.107100576546505,2.726475022403412,0.5716814601644287,-1.3477368876608995,1.3077413953521353,-0.8764088944945305,8.455779164485737,-1.157286132550781,-0.057004810499891034,2.8860338307137168,44955.26627824244,46.71,0
0.9276846364698933,2.4661186834067217,3.139909748294959,-1.3033765776644741,2.42129939046001,-0.8941994456550983,8.350286994663973,-2.92549598069544,1.3582834708431668,2.0711773519773535,44968.88413184763,3.01,0
-1.2863542019961636,2.2222267938007167,-0.09929503687809582,-1.5808147947784523,1.5015628746914251,-0.37274626451910153,6.596213538564951,-1.4580080955082235,0.3446123519476323,1.4799706027715647,44977.56898740532,10.19,0
0.7820755062486288,-0.3915991993271358,2.0952950737813083,1.3517830577268681,0.04842937894734223,-0.33709660916870593,1.390646197570755,-2.092105356084586,-0.26011326743696106,1.0051612508260754,45109.18533338175,142.49,0
-0.7400845472312765,2.3534273495033804,1.8228206959558033,-0.4094117607028329,-1.4098844049310326,-0.5385277300102517,4.483421639804952,-2.2796733100950126,0.5061604069249758,2.62746753320338,45222.742149564554,91.55,0
0.7082990886482918,-5.221850841802693,0.4440314983891901,2.26276330168516,-2.1827968104692728,2.6094634383655753,-9.892095958232952,1.6451772208868132,0.972119695087238,-1.6504523660396986,45319.22685500977,36.73,0
-1.2412828101714533,-1.623852628277223,-2.9404232629605964,1.001132254721822,-0.7561590308036246,1.1434950895364924,1.3807925346066448,-3.7721157107963625,0.24801914592480978,3.85791495020261,45465.85208059365,48.32,0
-1.3091685391856482,4.581804137160953,3.5752872692540674,-3.9563679552857467,2.0745946346976054,4.448356946400024,12.776060023557129,-5.2648116619310645,4.258908501629094,-5.3321320565806225,45489.14147831233,31.03,0
1.294462681150792,-0.8285488620053847,0.8774835734101308,0.750104393995569,-1.1298548272596372,0.7330692555797402,-1.9333920697668252,-1.2532554985821567,1.4719968780379165,0.621825762142048,45629.91095507461,88.76,0
-2.4507630328884917,-1.824485152580807,0.1169737835095015,3.0992322656075753,-2.951841033642281,0.6867625029450427,-6.097336270603448,1.7976053981183835,1.3710497226161116,0.8795635455760573,45666.93827381287,100.67,0
-1.7145734479036279,1.5124694227878415,-2.318636190073067,0.9631123477014694,1.0484402515046962,0.03429080783922894,4.42410239220466,-3.0112962408831145,3.4714129917380214,3.716475757283158,45728.93265270175,94.66,0
-0.2743552380387193,1.0936352546415413,-1.3348366485330834,0.14357112988117193,-0.42121423742264086,0.9533682155618892,3.5821376349097416,-4.056132796304211,1.1944006077965033,1.2341564495945754,45800.022814560696,84.35,0
2.8104630201922474,1.1597497916361608,2.5160857168751782,-0.6892408676174668,1.9100254628036764,-0.7341438985390357,6.421829468603636,-4.396091262596758,0.4427558272789095,2.1154995420848905,45826.969135402156,15.87,0
0.22291147592567884,-1.6430840374611366,-0.021494123275447308,2.0478079081156237,-2.398270660568347,0.892696769611224,-4.867120820421775,-0.4710807017457337,2.4695529655038824,1.877629311731176,45848.35656958469,27.81,0
-1.5555404088513667,1.5644012531530609,0.24837667581079748,-2.938972443223322,1.45796714825393,-0.2379431156722504,5.9333966308491215,0.3191528644361563,-0.8438541097048537,1.1225911774618322,45877.779203743696,42.25,0
-0.06674913432645613,1.425183461583377,2.2660321007783386,0.14647673729378952,0.5641701146898959,-1.0442718292988278,5.91377673098662,-2.995006178275448,0.6225959766355276,3.7956220927068034,45892.71353524713,27.11,0
-0.3582036602849139,1.5641904637322943,-2.246229941560247,-0.3134087766546505,0.7801802701257043,-1.8916233211259637,-0.051292578089157416,1.829504115142821,1.081549308108794,2.198669979220356,45895.68735932841,92.41,0
-0.931878516170481,2.5014189609800512,3.996470611053152,-1.2821297155526472,0.8821605590250172,-0.6245044669412806,9.566595569447346,-3.2973947597928968,0.16934371698208006,3.1232455130939347,45952.43626923013,26.97,0
-0.6782654012482325,0.41338860192500204,-2.078138996193447,0.6061270612481324,1.1370421390518848,2.0501984091220327,2.8215445871063047,-3.550807164799118,4.140880951344114,0.5162359156485012,46142.48508527601,10.67,0
-0.6099711371228411,0.601389601986565,1.5012049486421262,0.691326653406396,-1.326982607135859,0.34601826663322827,2.2028125359656987,-2.4634462502309664,1.7847745163997533,2.901738625735197,46207.070413783134,34.1,0
1.8278437231365323,-4.878544325372514,-1.39199461347583,2.5969975747557132,-4.210248599554334,2.827281804042256,-14.115061556987525,1.8771410367833998,2.822400924296775,-1.356271912905743,46240.014538593474,255.0,0
4.100504096378956,-3.525292813426089,0.38107240480441273,1.1143952848294882,-1.446145835556541,1.9212898140702044,-6.735589184989679,-1.6384966846062543,0.9337340271527688,-1.3554902237445066,46321.397134193016,17.64,0
-0.7022046311889658,3.7051526431545425,-0.03956472570136682,-3.204444159444356,6.259630056857005,-2.219945564177617,9.597436485924435,1.5953119460732945,2.0106896355583346,1.258104453920851,46402.633048482545,62.57,0
-0.8724253468951075,2.416470903606567,-0.5389489335319826,-3.1799835588066085,4.850744277243972,-2.501836732547675,5.953944491001392,3.5366280710263656,0.35620304523773294,1.5067004318284134,46407.542535989436,37.88,0
-1.133118701191926,2.4573433868015973,2.332689575018904,0.6889722101525318,1.5566685988903783,-3.0688286334149018,6.279016285966423,-0.5800350376980081,-0.72733213298942,3.672446192480839,46427.44770171868,5.79,0
-0.3947601405975151,0.9674561656363049,-1.8457112158325555,0.5192212350183845,-0.42965857597197865,-0.5684801826927831,0.22805309360578,-0.6843800370249973,0.6784123952104812,1.3942128416384656,46457.887285243036,44.5,0
-0.6911417403493216,-0.30860190924434927,-0.3791967850880671,-2.9053944545050805,2.032601035616915,2.6032600100202314,2.558235987420003,0.3833611785357862,1.8001362808384065,-2.4067343546048483,46482.060286384876,79.73,0
0.2692547778950676,-1.484029574163304,-0.846069386213568,-1.4303484400634572,-0.5527983943869772,2.6312029585620205,0.18402214937897265,-1.8423651194719672,-0.7880595803549222,-2.0009975616767566,46525.23030805303,47.8,0
-2.90785860603648,1.6688651848741045,0.7520745569060041,-0.2268409649447175,-1.6602115884479804,0.9126341306433582,6.170381536879839,-3.5924265514640803,-0.8498281127316436,1.5985781248730642,46571.64980410471,134.68,0
-0.754421938764153,-1.3339704253558855,-2.193255344189785,0.6280870385011783,-1.2888542443438342,0.6677658412623027,-0.12885278756752888,-2.2411950809634136,-1.0884622244616118,2.188073826009721,46612.732870135806,23.16,0
-3.6358780344211654,2.3481055118561183,1.3500301165844997,0.6324130502855506,-5.1583631663680745,0.3080654862517298,-1.2590633444485226,1.0258529526533056,0.5513529528075809,0.7606447580628664,46625.020438155436,6.86,0
-0.9177088482639014,2.164726421583752,-0.7293957291271096,-0.7284652777992343,2.423558561192425,0.9514187676670344,6.298954435040418,-2.6832935201979917,3.5344151793610985,0.33959040048025213,46698.80120019935,180.25,0
-1.533717523791665,0.7210023044251535,-0.9574499264468864,-0.17413563872048743,0.06061377869597395,0.9130587784436461,5.722777020213766,-4.17669591967825,0.4072132854069159,2.524653660088534,46723.95988724601,31.88,0
-1.3668910896579063,-0.7952421564563215,-2.6219133486296267,-0.14976683980378225,1.50110181800735,-1.30957377719846,-0.5913387232646874,2.383621354914722,-0.11264079122797122,2.869776221795468,46784.67951920609,56.83,0
1.4727107876875956,-0.3032944664995718,-0.657393661159998,0.6562121755357753,-2.045027459219131,0.826469536373008,-1.9430922818684955,-2.533549940794993,3.411747055081503,3.275524689621263,46795.33348478886,103.07,0
0.19533924819971316,0.5722272501518935,-2.4161140808782475,-0.23052816800761788,2.7324808849531736,0.7674511362771109,3.6979638587330097,-2.558100612833979,3.327544247668268,1.2198841488812295,46799.813018086425,26.48,0
-0.6084360618646869,1.1752546121402312,-1.604498656882801,-0.6138810947870388,2.068649560551885,-0.13346579981892862,4.911973075224295,-2.0234536576795876,1.5796904152882554,2.1112489834198236,46818.89826906794,82.86,0
-0.8194930899364101,-2.163612343753798,-2.3714693931692503,-0.9252935640356745,1.2057005126241365,1.6281127064094705,0.9724828889283967,-1.0366602601891182,0.30078969075176065,1.4020215363497273,46845.432650430565,10.46,0
-0.3910427270751736,-2.2297216097300736,-3.9814850603767833,2.143049863100192,-2.9831072891744475,-0.3481888851896576,-6.274128366440165,-0.0027552548370231023,-1.026054416902276,3.1115697208229753,46889.11269052921,23.38,0
1.2418660904382004,-0.30005305886725364,1.0365658539972924,0.6186475655221135,-1.4860489143884903,0.36641591258335465,-1.3681653958058664,-1.4001044423753477,1.0534033177001871,0.9633020707721937,46899.540941192245,11.16,0
-0.8323978591725616,1.084181135208238,-0.5749465731607806,-1.7568704094263903,-0.9322282776037141,-0.4113795334514854,-0.6750367250186269,2.4488429379764614,-0.7187771678060113,-0.26102042298169637,46913.818039380516,109.37,0
-0.8778244300844775,0.5944081423497131,0.042164754474274924,-1.60587110841192,0.16869911077482458,1.4550001318724928,5.690795448428705,-3.380675887734208,-0.7730512265454086,0.3322106090614625,46938.21372421108,17.37,0
2.1732375137312396,-1.8777455103155403,0.16708489683068506,0.7727362956136907,-0.8313603373835752,0.6650016765623691,-3.1052069163414595,-1.3691891077559328,1.9674343161287684,2.0654008601476015,46992.27561150795,83.14,0
3.159635850427321,-4.063423300023038,-0.2320641543264661,1.5949538056592174,-1.6396317189889245,1.6330762205631417,-9.463870902798222,0.7933681987715393,0.7550927568440851,-1.9314353671874462,46992.91267502744,187.55,0
-2.016749974742382,-1.5838426194598574,-0.6252095323387812,-1.2803034700914402,-0.7585725862958277,2.846663494228054,3.465453116920308,-3.1131910302154355,-0.8529424318266459,0.8321178793456758,47001.359003504724,49.77,0
1.089956415505511,-1.2525604767849026,-0.4548513634489417,2.0207052650929995,-0.34882797521580844,-0.43969340485604486,-3.4402595797270066,-0.21071435346377865,1.6147240792106075,1.7714208153665318,47026.67971333755,51.48,0
0.04240732598230357,-2.1619409627897244,-0.7688273469973841,2.5644675266607777,-3.1332126436901815,0.9432086743099174,-6.810299691335974,-0.014473303545707417,2.0927028707656232,1.7246694708646675,47054.706022546954,41.18,0
1.3575531220915453,-1.42388141483885,-0.07231072040872188,1.571277171706133,-2.3717816657352966,1.4391989725987304,-4.25377594894989,-1.8663783191908492,3.3608719256258537,1.83004732105303,47109.42732675464,26.63,0
-1.058651887264619,3.1167319473837556,1.2556770580951118,-1.8058533974914215,1.7449579574365157,1.1247227331023084,11.433110502523748,-5.588671080097584,0.7072766070038555,0.3448280841575395,47186.63596330198,42.96,0
1.4022847300735233,-3.820327014491431,-0.3332437307424432,2.1987381621389614,-1.2924042901731414,1.907939720570539,-8.172958300020698,0.7378902874942579,2.1012363153073323,-1.026727144486474,47219.246265290574,61.02,0
-1.3354706478319294,-3.1903494484556547,-0.5225395044016437,3.3545892021568875,-4.90788766349754,2.70700262771039,-9.333824104524133,0.17693578980770175,3.1866667677767717,0.7932712035650437,47244.74202962604,278.43,0
-0.4513479731250032,1.3917063344361602,2.2501409322148476,0.04735429825355697,-0.2642344023868526,-0.6022282087685176,4.303866284714203,-2.046789430388749,0.850054090043397,2.8935260964950738,47282.68793347186,181.49,0
2.4986925201154255,-2.049528735713838,1.8257782212839477,1.3563887228593283,1.886580978209667,-0.21368809456149515,-0.5218204707911444,-1.2687425294894346,-0.06027976076171915,-0.07815423253109932,47285.06420634134,129.8,0
-1.145708816215196,0.8682634746797135,-0.9757433041876242,-2.4951865087261926,3.913536105109416,0.4601013499604465,5.466223322600027,0.5681804681063936,2.234353005882382,0.6293132257559536,47356.7421347492,143.96,0
-0.008746545186772314,1.6965292924585693,-1.001939913606572,-1.7205035089697092,1.8205260574282147,-1.613938274253959,5.45497772373622,-0.9417866089378637,-1.1602257760177896,2.531215511627621,47359.5706383306,42.0,0
-0.607623596527535,3.602229863685368,-1.1294438645608516,-1.1478842321479001,4.1252654552003465,-0.9783499324634224,8.162841740742094,-1.6575584512812034,4.056210463972625,2.0346298104640668,47374.963181534455,70.64,0
-1.4313376741450035,2.583458053195781,-2.2697955458449073,0.6189844591612239,1.8155488927358792,-2.194861520479469,2.4452958681673005,0.9362045579323284,3.0139071096863517,3.4283708187093453,47384.38696585018,147.54,0
-1.332839747778021,-1.6978434531826458,2.3018349879781947,-0.3608083469903711,-2.8569136007312617,3.057077155064197,-0.3027332331832002,-1.7918436587453717,0.5859039155665713,0.10640644369204744,47468.819240275734,440.12,1
1.5095329705060596,-2.578127058508038,1.5929637098637806,1.4987196774261855,-2.155504765582042,1.3521763266590994,-4.117070363208931,-1.4470693952939122,0.2462843996357854,0.203612793514942,47473.607609772975,213.16,0
-0.24927634026926948,2.1620821006070994,-1.247645121324563,0.26337116330779375,0.21621409276906378,-2.362703947293343,2.3847372555209976,-0.34232381876264806,-0.9141587985523911,2.307203200331335,47486.482942717914,35.94,0
2.236978500201945,-2.996311508404948,-0.33457743602306267,1.966303166968249,-0.3278092150127212,1.0114204852833215,-5.254948694265315,-0.8924912733914327,2.2442136021212766,0.8384092542482892,47561.33048319503,60.74,0
0.16139725397980076,-2.573002332607226,-3.3749294104875496,-1.2645278895547034,1.6410056988513038,-0.3460337217722374,-3.261057903261022,3.0705907854771137,-0.7564980030458854,1.567411208682846,47569.80328448144,81.42,0
-0.5020430424523739,0.8259691079673027,-0.09861744301430464,-3.345461438097663,2.8368157436492156,1.2750086111211103,6.22182282917831,-0.7920480526073528,0.721549216432509,-0.5624893747752726,47585.86691133632,196.5,0
1.1468261710445553,-2.229297518993757,-0.534863146181777,1.4498313625965,-1.4891973578506283,1.1233250642224346,-4.961269839530714,-0.5968302633523132,3.4741342963167634,2.605440120521581,47652.63579383448,19.23,0
-0.11524260049714541,1.3348572961878298,3.302591552454277,-0.03544939729475849,1.5926789678903144,-1.798678578754516,6.086356137392474,-1.327888483971503,-1.5822214549072378,1.7735789160251592,47722.09959145143,90.11,0
-0.6273900167008608,1.3633165888270047,-1.085733615384935,-1.2273733754878855,2.622904161928734,0.5233265099849078,3.7300626303106483,-0.24868280273939758,2.8030552111646454,-0.1621419114454754,47747.9419428995,48.82,0
-4.569206033039483,2.728652925791374,0.5348639960025927,-1.305820216845632,0.44575994690183307,1.0439320263166623,9.557933144444654,-2.738928312781617,2.3880801289288236,3.42901476684238,47833.512386337636,21.33,0
0.7308977641209304,0.7789943590059104,-1.478821657432227,-1.2380376257372718,2.5488962360594627,-0.10681621912855863,2.9259463622080863,-0.637063546838796,1.0167567445049923,-0.06235736385026547,47835.84336221691,98.42,0
-0.37315052280555516,0.5380711948789023,2.851639172865396,-1.3316900734520014,-1.4553142174248264,1.365118164111168,3.773149397342517,-2.5837670401340738,1.7448455618541159,2.6079160302476962,47844.4575998368,53.22,0
-0.8863566995978929,0.49991965152460394,0.07318682501300477,-2.0204216099106413,-0.021881715869728424,1.1114054833635076,2.9970102837085917,-0.6423367810431386,-0.7944830551599562,-0.7109354041877185,47849.09541888538,71.31,0
-1.837783822909266,1.927579161619248,0.44321956234524706,-1.6935494758282519,-0.16623821328838662,-1.0881029939644422,5.002584002486893,-0.0709947536535529,-2.1989088592904458,1.706161990630139,47867.764203529136,26.35,0
1.0613812898735606,-2.4473235945898963,1.6659305217454647,1.5467443277461603,-0.8361660224558984,0.9673364219343014,-2.8786783704847427,-0.9397399433907934,-0.06115216376446608,-0.23699802775437973,47931.468419139725,43.66,0
-0.22266425645782295,2.4495767933957557,-1.3778587836800875,-1.0874129860764128,2.3538081397000554,-2.9806747206642417,3.8077484758730953,1.3733891169375534,-0.2866642764950813,2.736058751245821,47945.896656472054,63.44,0
-0.4267656254005685,1.126836770690998,-0.9908666636325665,-1.7087740436112595,1.8855809213165051,-0.6372579170066246,3.7341151670359904,0.17808176544035392,0.02120314145109703,1.106811103333146,48012.95970830228,34.74,0
-4.174720210359963,0.6340374716989178,-0.251992113966244,-0.10944962201894592,-1.3919291258041433,0.5918680167539206,6.047027569648335,-2.8452493876745963,-0.761099150969482,4.324119358102921,48102.07363130706,15.37,0
0.5691726172904936,-3.0945250666259674,1.4057626338118614,1.1522979329290832,-1.9193127162176642,1.8375808581738005,-6.698680128835693,1.5795872510900315,-0.08450553762943391,-2.560613857908895,48140.41058472245,212.95,0
3.142394613677648,-1.6408146661291378,1.0219810807124936,0.29043986856308024,-2.3484857731479103,1.4228638332300776,-4.771716723461661,-1.3569358643228928,-0.016163685761042768,-1.7400779952677832,48149.521306278286,47.56,0
-0.7939323265487743,-0.856775614922122,3.061127564041083,-1.4178114468537104,-0.15792458488189354,2.027439913620746,2.9478318739164773,-1.1927052025551044,0.900430420462762,0.4229874816359305,48150.10902008646,94.88,1
-2.241083058471113,0.38324912036842773,-2.8597640208807285,-0.0774083806746736,0.19286280704235392,0.8330186861968186,0.12689322730067537,0.3799429712880862,4.191639215047911,2.9005259708617572,48169.70595323476,35.41,0
-1.9155571507959608,2.6878774358360955,0.19347669406364454,-0.14834929351565362,-1.2191375325017244,0.545182570937008,6.498611120594454,-4.220816517806643,0.6595357120603148,1.838030501559201,48258.90808492212,29.52,0
0.11570185538894806,0.1349018105694133,2.654754645270928,1.5304865829304035,2.482959627266473,-1.4898895883003442,4.223763360069103,-1.395711062350148,0.00576530922068097,1.7791557395542696,48372.57739225892,34.98,0
-2.0652543979125144,-1.9753018498175399,-1.996483743824434,-1.3358509520883164,-1.3107876493464752,2.6690255761932433,-1.3353110977434828,0.14891904346666895,1.009978355858561,0.9717619313177646,48380.3873844971,35.21,0
0.39077322253306823,2.6536778534694783,-0.8321213530072141,-1.6249854788973663,3.4967890210492163,-1.0290834553224764,4.948099629615947,0.17864750105938176,2.069338510853112,-0.07898702968991822,48390.45054632457,52.07,0
-1.0871830552657806,3.3219709775318336,-0.2855558666161361,-0.17637139004939495,1.3979089091987973,-0.47008932571906714,7.98170978803076,-3.785683199972177,1.8271738674331905,1.9784585881392038,48502.05964116036,51.97,0
-2.3115413166953394,1.8830234840566455,1.4031720382734174,-2.4167920277181816,0.6893447106742459,0.5114804987039345,7.6864154732875685,-1.4084206351919188,-1.3226689766956765,0.34767018665251403,48517.46422977988,45.69,0
1.7403573227090914,2.4727666500570193,2.8298313548547447,-1.0511749847446477,1.560556314782695,-1.7814629241410274,7.931852772905787,-3.6180943121635973,-0.1531622681281597,3.2011067011348815,48545.48327397939,10.41,0
-1.6295249282921938,0.5795290770297291,-0.5264136967472288,-3.166312851516436,3.17362871974986,1.0554024449758694,7.8956393612594855,-1.3309338685543808,0.9136110819483576,1.7795602583668613,48550.4391615374,45.55,0
0.866777903923252,-4.380522956068354,-0.5355283338274444,3.6873603526543164,-1.1093412470943165,1.1217021565232341,-8.70332521643111,0.8097443864350071,1.277305245430808,-0.2962152275926344,48557.57741142571,13.04,0
-2.5519710288922157,1.2031249773731207,-0.42747689213923845,-1.7305297638915391,2.9287748520432757,1.806536489840168,7.547337415472441,-1.8870928130708964,3.4992333572307337,1.0802665557652145,48565.39682883845,9.76,0
0.21031864649618903,-0.16264547785949213,-3.0654504917084906,1.9198600940731811,-0.39648659170684897,0.6099100417656501,-1.713095658683614,-2.1705984741537705,2.544727330435272,0.9844511004204279,48646.8630860999,176.36,0
0.4882778554927161,3.143162815823814,-2.9547606868214022,-0.4234154864978197,1.5569721068406244,-4.015947196137389,4.118066710250321,-0.25182770193572157,-3.1117919496203412,2.3587406115077196,48663.25207585316,255.24,1
-1.4185068534644563,-2.699336289655016,3.403164523035212,-1.2770597026839658,-2.81080816884781,4.793925195410345,-0.9731512304018378,-1.3295069884634958,2.3710743714168743,-0.625545767906593,48704.505080843504,116.7,1
-0.7065227144381072,0.7215852692555805,-2.8663039770489016,0.40130901200600855,1.866752428474237,-1.4504804625228334,5.39735961521706,-3.1661677244792847,0.5674819498562456,5.60156735054888,48735.57414032176,34.4,0
-2.2666701064595465,2.778315950337203,-0.756643897317936,-0.5672131331710014,0.09864560403387357,-0.3041171683992518,4.006667450269922,-0.40148453629792336,2.563267927209538,2.0920952651241276,48761.926506984986,156.78,0
3.589921648559341,-2.2291058417656586,-0.16191817838427625,0.49657226589601666,-1.3351520471273992,1.0832325609314024,-5.457162008595143,-1.0972558573063034,1.5631180858350544,0.1402216628603009,48811.23527673664,67.03,0
0.9331202978413423,-2.585102789719179,0.1652012164674247,1.8056631138160024,0.5809348033305695,0.3499469904714339,-3.370701703275693,0.07184624424482688,1.5155249818487477,1.1434176550809567,48812.32695923021,96.29,0
0.18187355050917642,-0.5968091880037287,-3.3100570895015538,-0.31890346556152493,2.7287081380200924,-3.500996638081386,-1.9459842251679207,4.3695714943147905,-1.4912972884548963,3.255675295535505,48815.32020010887,30.88,0
-0.6912532238458984,-1.8747769412679518,1.490390514610955,2.1296895388447528,-1.0416182622288326,-0.1876002744664846,-3.8374670768249466,1.576910700100158,-0.9175964885427548,-0.3093588817825048,49036.47652201959,210.25,0
-1.1542636644337037,3.6014525510295594,-0.029965276470955038,-1.5701423681447517,2.9787836698046153,-0.7642344882433392,6.408712298383179,0.2081005036098209,2.910692520925522,0.1699911356753323,49122.563257874885,112.63,0
-1.171018482888051,0.22899916189243275,1.5843216255337262,1.9220548373933095,1.4381229106298283,-1.402046346043915,2.2309989146989193,-0.05658952654733029,0.34897060813715475,1.740487752502819,49220.437428426405,126.05,0
0.7780348419731196,0.7731080742788143,-1.7268148783551593,-1.0662103240793974,3.0506009452221208,2.3429967394337634,4.708079270882205,-3.642106500811939,4.430591543132837,-0.9891596764134287,49226.03745902026,13.28,0
-0.877018908054439,-0.05049456712825695,2.5249838750396005,1.544300359232179,0.7769262250633855,-0.746853479386411,1.9005964009480647,-0.2511914347731383,-0.451608388251991,0.38200190928026734,49264.44515029678,21.54,0
-3.1907246615640403,1.695653247552646,0.1797870494250653,-3.3499516180697384,1.7868261555092697,-0.3393262825014278,7.0872167684730565,1.2981195938267533,-0.062299400481023115,2.7882989475710884,49370.26769180185,22.86,0
-4.2166683468040524,2.602079107246817,1.8134286443203012,-1.3379283884048938,-0.9031172502676985,0.8938549097091935,7.541159483226463,-1.5717170299561127,-0.0855314100718787,0.978213486750397,49371.048509505534,21.54,0
5.09438212585114,-3.077603672789338,-1.1933779916647094,1.8002795439819128,-1.9565388474525924,0.845984339395372,-7.013999126216865,-3.069404205340317,2.1336351751898035,2.1129905576779473,49379.0384896196,126.7,0
-3.292643859177939,4.2643949646071775,1.166679044505563,-1.6684917599936577,1.6577701278769261,-0.300917254083962,10.558688409307775,-2.0384586243723293,2.024295717730589,2.1435635436089315,49383.39839487037,3.11,0
-1.6879502273499813,3.263620870970363,0.047135163099596644,-1.092169249312579,0.7763216332278019,-0.1588558621981507,6.922839699440563,-2.1201951324402923,1.7583709482117253,1.531921750469336,49404.69318052687,6.14,0
-0.9140984621346654,1.079383302491452,-1.1617964354041328,-0.24798086954298482,2.006451574507939,0.8066988357506791,3.5414062399704553,-1.3503706293554307,2.7789702658411084,0.04437160500280879,49510.57805460684,21.81,0
-2.772288021250804,1.8197443964008366,1.6488105595632003,-2.4291443482974655,-1.0986966424507467,1.1280376734466477,6.104332923884355,-1.1740856974009573,-1.4378480241513802,-0.03963622536691891,49514.32836776754,15.49,0
3.66589284424454,-0.34184275386337903,2.9794478176257395,-1.2197600957796841,4.714960271152526,-0.35969198029652827,8.573208362854539,-5.1242888477110355,1.260275019084689,3.1074941400400524,49600.18941262493,18.15,0
-4.114629954914146,2.806508093096964,1.9726661004254784,-3.423637885817012,1.591661278156335,1.403145694091106,11.406256760794003,-1.7724005021356501,0.9060989572259162,1.3165412944026285,49617.439157014654,104.95,0
3.1949007507080758,2.179005237666586,1.6626343361757017,-2.7499707227070003,-2.2897284714773614,1.4534677076821163,3.065134714421138,-4.41875948159932,1.9199869155825224,0.7503548737822324,49634.897757825325,54.83,0
4.416082285378016,-2.0000994205376905,-0.0356952254859253,1.0822523547627612,1.0694027321304334,-0.09609997800542538,-2.7668889378871406,-2.115424757988292,1.4153802351585882,0.9229256059140487,49664.37826925218,1.38,0
3.6127750410035526,-1.289034074299615,1.799129441992915,-1.6833550052399873,-2.528595810968776,2.528189337426328,-1.9343773977935856,-3.017875095354385,0.48798983102821136,-1.082957557929293,49673.375694244816,37.46,0
-0.37164773592761424,0.8060433998397644,-1.4863090084168071,-0.9112122703653981,0.8232385836439808,0.6661991210430926,1.618434122433573,-0.5290385766373187,1.8835840535823294,0.21262162818996733,49702.935578747594,35.06,0
1.2387432006267196,0.11083706767718127,-1.7993956309763113,-1.485543925853566,2.7565604351859836,0.8354878644046984,1.4145269503915432,-0.2974134791245151,1.9214944433364978,-1.3488906644400314,49756.9552144115,8.86,0
0.12289323957224463,1.7763219259151621,-0.5257137728462072,-1.0844118365295052,1.644117446500102,-1.8845201189423826,4.053062988092218,-0.0869371572048625,-1.644820419664566,1.0198745128777738,49836.45965507926,74.28,0
-1.2874488394802361,4.586255648931118,1.0033671775072381,-0.3785979400622481,0.8282710835706577,1.2393326607047657,6.635989280311708,-2.8854533123025368,4.647855924972857,-2.081861912242627,49875.3595999162,79.71,0
-2.738238183833528,3.004443584112604,1.1039005444916152,-1.3745939387682424,1.0547917074082998,0.9393800760186037,10.595136646091012,-4.287688932279615,1.1806216358159896,1.6520019067971954,49886.27771397694,83.95,0
-1.9205925523269793,-2.341945339239407,0.15029214519744571,3.221789486875785,-3.100939193748104,0.6997563323306593,-6.3066647107739415,1.1726940014562341,1.1370180505511456,1.5215589045904518,49919.31744350383,85.74,0
-1.1580863398180203,2.7796731258689866,-0.557879795392503,-0.15963924223052062,0.8011620743248542,-0.9158117574445181,5.416264989217041,-1.9133610543826798,1.1091052992004466,1.8973588761723,49971.59071994013,1.0,0
-3.1222537287853913,2.664740443205375,0.7656307746810338,-0.7176114994311678,0.12735959570567712,1.9555083838239908,8.116978081734137,-3.86997759810754,2.8140644627765994,0.7142460105305548,49981.4965968747,201.03,0
-0.060968441743215473,-1.3219470371685231,-2.2093383413238983,-1.7359806148339114,2.8650332653978507,1.6792520015541603,4.5658659117297935,-2.7144340727421263,1.0447705004050423,1.597355343925802,50069.051063499115,110.4,0
-1.612283674278848,-1.4832091053904866,1.1575327067226526,1.7097421626176748,-1.047266467523007,0.806001814750128,-1.9767894184072599,0.38322671213393344,1.6394368156298622,1.4283443786013308,50119.867923109094,153.31,0
-0.13041608050606535,2.141375004475196,0.23332705439660062,-2.9847722881260976,3.6042940692679517,1.958455482789651,8.212557615421911,-2.5425166020932544,3.1135621555879545,-1.678348714384446,50199.17858002144,2.02,0
2.9131498364564097,-0.8407934357277443,1.9556876233495997,-0.5303118142780028,-0.5391012466865741,0.7058979875394981,1.5255762839526095,-3.7203962103868697,0.07963504149936595,1.5282576456588128,50324.39542622164,177.54,0
-0.44679623031078575,-2.3037703205060627,-0.8214005310893249,3.3428536415671477,-2.674506672472313,0.22387552471736677,-8.398746901375365,1.8784514375717776,1.1710323205497208,0.32272426557586265,50364.445851727585,108.88,0
-1.292935242477291,0.6614817645709212,-1.026659225270562,-1.065336744072438,0.4610869779492316,-0.7223499315404189,3.1384260537314623,-0.1725300443727742,-1.045618655955737,2.2870072456466337,50399.2936009676,119.0,0
0.21729522091180176,0.4105136229754347,2.216869263878274,1.778578324370487,0.7270586236443553,-1.7830685253152638,2.2736116919732132,-1.073639887246287,-1.4461789278419634,1.0950067691896515,50482.5952668857,7.37,0
1.833740912375455,-2.177589267525515,-4.281311683879034,-0.5948901170205825,1.6898417728529724,-1.8236397436919285,-2.858808133720641,1.4597446095588813,-1.90602330051661,3.1191989515779834,50495.31022381593,88.26,0
-2.752877947886529,0.5169481211888465,1.0410641334184196,1.7370588943584475,-2.9674159830567284,0.09307898029439776,-1.5764231136108244,0.6437805064017792,0.7142901839009994,1.2659382343189394,50523.80147922697,210.09,0
-1.3361505382892847,-0.820988944598844,1.4209302190561393,3.4886428581750644,2.434754044189193,-2.083342411618549,0.5936736615147161,0.934444961636538,0.6325148189543887,2.183832630174658,50599.647941926705,74.77,0
0.4567075431869313,-1.0090698542815872,1.337750932445693,0.25310098778047785,-1.7596217798570764,0.688193821070652,-1.3316908082219245,-0.9488649206498205,0.7595964409009426,1.800126108828231,50655.927789103094,55.94,0
2.0166036243616188,0.08757708709301326,-3.3467738099503186,-0.9829622863207166,3.9914794743038224,0.519530835170929,0.5934549514984009,-0.27418277644970546,4.107583542686946,-0.4021747331485268,50666.821349425554,190.28,0
0.8309662285886734,0.7997130070963514,-2.8318913917119026,0.025374841245761948,2.4035069609228046,-2.4514101765689174,-2.0250959576814695,3.2934435318576236,1.0539045285937572,0.9238731092078761,50683.72794288158,39.03,0
0.13148708177023338,1.105708863950575,-0.6513105816919113,-0.9736343729038646,1.175072561488161,1.3276850495863992,1.985792697065245,-0.9432678286485138,2.093367908001569,-2.081075860318238,50714.868650363416,60.44,0
1.668157334071747,3.0143882635633537,4.167723539586543,-1.7785943411231337,2.0055046573831494,-1.5369976018916163,11.04092614922802,-4.784937030079228,-1.1648141125097764,2.5105248432080565,50732.67068890445,43.05,0
3.326589095833521,-3.6237256135054636,-0.19572417788385654,1.8240824199884123,-2.170958563294344,1.5207962201280543,-7.241449257798662,-1.64488916535681,0.6920191018829687,-0.022212803125922775,50880.76854962441,176.55,0
0.8709521956283357,-2.5856156538442376,1.071864250415318,3.2864299596648725,1.5000145702249759,-0.5466751737568667,-2.7406009277852204,-0.04580716508370464,-0.037032279069295404,-0.1368927040774155,50883.68324884337,6.14,0
0.23307132549212883,0.8679266937242742,-1.9947397552143675,0.7634702966690294,1.1018185130046871,0.09346457257033612,2.8740496736491745,-3.132131769118956,1.6131392568011034,1.2685470864155717,50910.23168862218,46.2,0
-2.9406863606214815,0.48135629214829234,2.21577465072026,-0.5655611411960084,-0.856561122483307,-1.344069388774587,4.993043970424773,-0.1401108175713881,-3.465855278352901,3.6036616787056093,50983.0342826382,103.62,1
-1.9241893453174606,1.176587299251142,-1.799061290055345,-0.9843597309418792,0.5830675176406488,-2.5186613353967635,1.6227834951350935,2.5784435317416983,-0.8504711939139549,4.269676950090139,51026.197371484595,103.03,0
2.1734981346542783,-1.1032174357970521,1.5564419618170708,1.0284878693445243,-0.6844375907115593,0.3443159035755681,-1.3836703498964078,-1.944868879189038,0.2562112378809609,0.19277291003626007,51028.0953244127,57.86,0
-1.610135767755939,0.7991438660301133,0.3186605073100113,-2.173396065029686,0.8915441100071568,0.2719542523985293,7.822910913295778,-2.7491079994513687,-2.244040741825155,2.099739789054182,51052.85754809822,156.74,0
0.936645736373177,0.8494949254688894,-1.8881750420138461,-0.3170358600088098,2.810348673439825,-0.032502551019649044,1.3545695824755204,-0.23171056567763448,2.4264356827519427,-0.8733546515194477,51202.043214795085,186.07,0
-2.7951044910672675,2.8347553997566135,0.22049092281272287,4.623649234011456,-0.41903064348319474,-1.6524097710670533,1.9153831876168566,-1.5018664783263582,1.5787761046761157,0.3156284827460992,51210.59561509623,72.07,1
-3.2444923313024794,3.489910334257371,1.494731717130108,-2.070837042342081,-0.43604006200273515,0.5670604406424821,10.486678454664737,-3.7100168951778985,0.06155233647047442,2.4801362384249295,51241.348446506825,34.46,0
-2.5038646976991785,3.1178043067200254,0.356068003407757,-1.1810457308804667,2.617898119355166,1.099021770425028,7.68286251720004,-1.45577320790528,4.36482018926809,-0.10410722070112866,51245.552829184824,2.54,0
-0.49889871593027446,0.2983018071200054,2.184833655680256,2.27967941981072,0.588098495881288,-1.5530594050789075,1.234059438081901,-0.3021242790221842,-0.13386666835184013,1.2970234953954767,51342.632459684646,26.97,0
-1.0113034290660865,-2.12808312286944,-0.18375784086094793,2.7554865882581066,-1.740088697361499,-0.2613258854349965,-6.633663966633699,2.5616147074374584,0.38253966899812664,0.5650618747770952,51362.69317204905,51.03,0
3.7143950071708094,-1.6789321320229211,-4.404466337634382,0.9438808171363162,2.941242482398806,2.7656025796725707,1.1715310860277395,-6.750759293105369,4.237828852829857,-0.41824983709521746,51371.84856510725,158.09,0
1.0740985977965083,1.1526654209020388,1.7248632116373521,-0.13979915431997858,-1.3937160371003134,-0.9536335724755339,1.6352362172375672,-1.6472089017115228,-1.0236128118903154,1.5183621848637263,51381.90847397677,122.84,0
1.3302531860874938,-0.22906509292360488,-1.2765288637582795,-2.1980429589700696,1.55202037608738,0.22176685177873165,2.3124482627994425,-0.8610531761492211,-1.4041161511780769,-0.29257753098274986,51416.372387892196,9.87,0
-3.825559100104452,-0.3908970082120693,1.3795560396265267,2.320058357493864,0.5827094268557742,0.015342421069113316,0.7362340169899201,1.3885467711193766,2.7015823504625733,2.1815552768686186,51503.42165289578,7.35,0
-1.8026634312901098,0.6445097078018684,1.4275428752901145,2.0916418554554146,0.24704541544632086,-2.011646645518857,0.26766332941839033,1.6662544440420466,-0.5404308227540584,1.2727471917373616,51619.77911613998,58.84,0
2.9565032431343274,-2.1256657120633546,-0.05942779286360822,2.674986820587967,1.4363329856179448,-1.406160288137401,-3.673804906535115,-0.37631697158891986,0.48544695746815136,1.2332746731902577,51733.44697628418,50.37,0
0.15852363301539896,1.8588728862856752,-1.1612920753586413,-0.3364104375208845,0.8363795117325227,-2.7507377180359187,0.8826738842910504,1.733860347371924,-1.4111679188704223,1.2450146424836015,51735.55767062652,21.13,0
3.2543166538255366,-2.331746632141894,0.9940165708659738,0.5795972594606906,-2.337881423678926,2.227303207861724,-4.2388551560072845,-2.9096144097391416,1.5910418506213384,-0.16743352848605664,51764.94915042941,150.31,0
1.663254856387704,-3.8129408458787517,3.300373684824643,-0.5379840326800442,-0.2745757489031426,3.21971719400118,-2.854429958847104,-0.5372308630170275,1.2552627244781478,-1.7488882440502276,51805.53116327276,11.64,1
0.01142735245377624,2.6353080837518217,-0.885595684965848,-0.14746076236821237,2.965505401975637,1.1967451542622027,4.747044992678542,-2.3204760191147535,5.269197058042541,-1.643482925821818,51826.022468406954,34.49,0
0.8073524428617278,-2.793437528355521,0.9680542214721891,1.2350135408976122,-2.738833564515922,2.5216854834269506,-6.4669506245370405,-0.011650279486505322,1.5267309985403532,-1.531250881294595,51829.989657469516,144.65,0
-0.3300996902287632,-0.629540613011139,0.36954986357916997,0.32320787312062216,-4.560905341781087,2.2068069607341596,-4.001028696296185,-1.1611119797838716,2.0874894818265064,0.9304698828171787,51991.7719363378,32.49,0
2.358814662574173,-1.6669722296372527,-0.8977233512151563,-0.10523379425231161,-4.360059470273151,2.9871368771741746,-7.018760166620653,-1.631098312102285,3.665320362828703,0.3829830599959215,52006.50436840985,87.77,0
4.023932129466198,-2.9920590831251213,-0.6683872401100364,0.5449398107322172,-3.671779428625141,2.301972390831917,-8.291123136134711,-1.8442906459190425,2.101855679493478,0.286137764949698,52020.762249769294,43.0,0
3.069935086966014,-0.6992613439660663,1.6649534921507332,-0.7842175305217662,-1.5075849618095278,1.497158801640966,-2.5853732123329634,-1.259739331288806,0.4538988242131622,-2.222392582858244,52058.637059328066,9.5,0
-0.4674457900505994,1.0789888349359604,-0.541926567522675,-2.456228203059638,1.2244308109411093,-1.281315337148731,2.8115235218561305,1.7480989592405276,-1.772851599416331,0.9739761823478053,52078.09665556375,171.96,0
-2.0032268713742454,1.889651879095136,2.7122135868643555,0.7787345177771914,0.12491436153205226,-0.7962493494625851,5.062454137665442,-1.2348845862535898,0.36072433198969567,1.618220275313966,52243.18548793812,40.35,0
-0.6242542263455553,-4.708948779200153,-1.6231992812937395,4.4892247775769185,-5.3485953042146726,1.8742036474987651,-15.882149509285451,3.7374381934370016,1.3431583091572206,-1.6758586852158386,52258.09154893109,87.2,0
-0.8094172088073681,1.4303045539641568,1.5061441241165454,0.9459598034965423,-1.53219036403291,-0.5786995155425806,0.49602355175836016,-0.2852387512620318,0.2229524555058986,0.39286575271366353,52343.837942375685,30.74,0
1.866000387361292,1.781844465619261,3.00948118602637,-1.534319009026781,0.13841269095261244,0.4106708451231464,6.909650444807876,-4.886233699685738,0.8441554676150235,1.8740174026598249,52346.46049466617,2.24,0
2.2896592250979673,1.226671474223238,0.7206263779126181,-1.0325259577885704,-2.235410720551248,0.8690600890059783,0.8303622872569041,-3.410065880315026,2.641835890095808,2.2798577406878846,52380.57990735278,7.89,0
4.625133746545082,-3.6710584279356056,0.504547847156382,0.18444503907496101,-3.0174807750439814,2.9837520274735656,-7.281384458421716,-2.5808746261915383,0.9759751884822626,-1.4231134989104102,52405.945499680514,45.56,0
2.4805164235090604,-4.690720025773489,-0.7681901292159847,1.645591149181446,-3.2869224212306665,3.261293388082419,-10.080485955538101,-0.7157726761390946,2.557639006723897,-0.5236005223496105,52407.80193875609,77.12,0
-2.015828991350479,1.5764990669841006,-1.2144098130272414,-1.1319657161294039,0.8387785309214241,-1.9323190711710796,2.429295397492727,2.242192226711148,-0.2055295595983233,3.0922879072919307,52521.266117668725,27.49,0
-0.10880151383927927,1.7184271701797922,-1.3078536290599732,-1.6240191909828874,3.637884114598831,0.054845858846231534,6.685852597899181,-1.9202086057662113,2.4736074183332057,1.295168950355544,52521.938134397074,78.29,0
-1.692162105717119,0.712576375130263,-0.2959296116847221,-2.373730726379459,1.012029489613477,2.8272164125918002,3.1033355679808605,-0.2498970430728903,3.3166537971570453,-1.5907043626313238,52565.53875314933,78.96,0
-2.8401401757396556,2.9609612762532853,0.12866681973264993,0.0013801075155723819,0.673818582443013,1.549614540967286,8.447015752476666,-4.550052074509621,3.7574094043363333,1.5027200788596249,52573.05958340812,80.12,0
4.120719586165665,-2.737078563398615,0.46091911154850007,0.5040073248277572,-0.9440097752312427,1.0719700923958086,-3.9978868146226083,-2.429581351003126,0.5953974042747459,0.6176229926016721,52637.25931315845,45.09,0
-0.7514542290237118,-1.7317133713521446,-1.1576359487825765,-1.94733591322287,0.6359163249776942,3.4080847695440015,3.071309394011911,-2.932460946781011,0.6499825632008777,-0.4070082765217007,52648.555236141445,161.14,0
3.873553482524252,-0.2069216057437856,1.3827267397301997,-1.7964055059926336,-0.7868415052288015,1.474970551649368,1.8585654297011611,-4.496400618329896,1.5845505081022928,1.4906930119312065,52660.98928272384,44.67,0
-0.3486853583375946,-1.4845382303270749,0.5012238723044358,3.038996121373838,1.435186847503127,-0.5760838145013066,-1.2442771614909707,-0.13651928675564362,2.4440097026764365,2.2185857740607458,52757.68493319517,39.89,0
1.3892302810278525,1.3486803213404661,-2.426100221767853,-1.5115355580493581,3.618673556589931,0.663042069277252,2.646591693009133,-0.7338371216608232,4.523724217664748,-0.46737731310109987,52794.60088170647,15.45,0
-3.1611716709683795,0.1421949583659421,0.2615846953946779,-1.5369270360476586,-2.5895977149160117,2.71042740768396,4.03542873025174,-2.8161234967334874,-0.35290461012400187,1.1876718499556294,52808.408436709135,24.9,0
2.0664817123357953,0.5926336993167551,0.9312186783008674,0.5350767016929681,-0.5052113529375992,-0.8005043045936491,0.39297473685734186,-1.9842345785893976,1.2312366937532042,2.263876936195416,52920.62567192649,3.81,0
1.7901611843445562,-1.6636512282304246,1.56730334754534,1.0264707720091386,0.09083708742925634,0.9812285418477948,0.7799582542420328,-3.5915394160237,2.2600183899616697,2.84150304510141,52930.97258887515,66.25,0
-3.0617565079700553,0.7139375561579928,1.3969823844572133,1.2387491026068274,-2.3922097378659766,0.04471970566024674,0.3489519301999371,0.22354594650218385,1.3541977473157405,2.6802292352505974,52951.591763142605,19.57,0
-2.12189703466432,1.1278448288110174,-0.8729458374797437,-0.4978000494152639,0.3646305651367924,-0.044168436490948516,5.493140762766315,-2.290100149981493,0.16873220199946637,3.1369581643050193,52956.88727779935,24.57,0
-2.512548194646018,-1.4025764540572783,-1.5708323686960484,-0.44343991574018227,-1.674981482942218,0.7487769587393477,-1.5406331348203184,1.2364166304703574,-1.0033376601814927,1.8307642911448763,53010.996397426,96.76,0
-0.3871106810441912,3.2802056011154996,-0.8930903342250531,-0.9403202297003875,3.2190488949259564,-1.1895813310651835,6.320362323025689,-0.8847124438701084,2.791032389979054,1.210857794785055,53086.99686127561,26.76,0
1.647160474559929,-0.6846018372873444,-2.094774968129955,-1.653002527625891,2.685683968044404,-0.750031776698002,2.8954682346507883,-1.1533494255402896,-1.87670119446559,1.2722435458397396,53099.70593926232,19.03,0
2.9954429894353254,-0.2183999277101688,0.43394780509418573,-0.2008135413162888,-1.7908583761372627,-0.09160633278311386,-1.7825331799565636,-2.0269726791188005,0.9754178151419569,2.2397633595574558,53187.11971443285,13.04,0
-2.28221834421208,4.141454892176638,2.62096537286446,-3.084102627564244,-0.12178165811201214,0.9602843478733145,8.813952435321504,-1.614243371133905,0.26341658534344214,-1.4024816213302604,53210.29390695779,97.92,0
3.1252139118526596,-2.944317486013747,-1.0836953279114376,1.5593944482009268,-1.8709671963663126,1.2047842274989262,-7.441323870577329,-0.9023966867520496,2.597966869709322,1.2379445853171127,53303.31904138284,10.03,0
3.7470702249182724,-2.568457841167686,1.1935664175528828,0.4420217717607918,0.6598895769522046,2.1174605371618322,0.11978619893763813,-4.886171767888396,2.87159094022189,1.6005845412858137,53459.605646688746,40.3,0
-0.6219935513784691,2.5186251876966166,-0.26356895426355653,-0.2240145884006235,1.3181158809367577,0.5359586518519469,5.188743654064857,-2.590421045648939,2.4256189351744037,-0.46082825314648,53486.37209427743,46.96,0
-0.7282568849306403,0.9552594910578273,-0.5811929408471463,-0.17896629405375009,-0.9696897073307347,1.3624143889015394,3.444833177155767,-3.6381619224141644,0.45600814216234875,0.32691484862758213,53531.34207133235,76.58,0
1.9358884124501823,-0.10409143059162351,1.445436073595479,1.5206452133760284,0.40899674071203673,-1.4109685516988726,0.7566785276792222,-1.9280151266372585,-0.6296375400484069,1.490860893973831,53534.62805572264,66.21,0
-1.2394070533640869,0.8665414267829715,-0.8012639378172217,-0.9094552913270896,0.6276225271739302,-0.03511979279441383,5.1567558029632306,-2.2486914819769828,-0.5531407690438124,2.293544246715552,53630.546501993544,109.19,0
1.554763268973784,-2.64905169186624,0.2227800893164552,1.8952493837422635,-1.0577333329827516,0.4477139228626784,-4.716932926936304,-0.5356415558834402,0.5788465303535739,1.009620456236433,53737.74519246643,3.98,0
-1.660427309436948,0.6992987053824736,-1.6191752893444047,-0.6730647264376751,-0.028796500308379436,-0.3482520334599029,2.626379780717926,-0.5651635136491608,0.2849407104106445,3.0761350752167695,53778.38314695441,23.85,0
1.3513461261943305,-3.1163653485396794,-0.4711819179853971,2.4281447968011225,-1.9908315143101452,1.5544849716852773,-6.167830354956872,-1.32466648409618,2.6752757448536677,1.691244657873199,53793.97041415743,22.36,0
1.0733503473531343,-0.27673134170613367,-1.26954459119052,-1.77623230204187,-0.032305611190157846,-0.05234008024233621,2.733603699858693,-2.278335701140736,-2.921572424775939,1.1853011299140008,53863.673948250216,11.26,0
-1.3351935040736955,-0.42537153335900035,0.1049783812302314,1.5384783852920272,-1.9226713958378483,0.002174262896943825,-3.3500206518279088,1.2388483447686256,1.9664837404017275,1.9401371183540057,53865.57331507073,23.19,0
-1.737591508076524,-0.05237524087626655,0.7053705085847155,-3.49542712873419,-0.06932767891020508,2.268349489815768,1.1849750050323635,2.2125910658900994,-0.22768060005321056,-2.7282943367700163,53881.82779713286,25.1,0
-0.23171769407423837,1.9200361381322475,-2.3511529190327405,0.4050931040203656,2.8103782567254516,0.29331175738882714,3.2771986301496767,-1.658976355052952,5.246967751088102,0.9537028729637622,53890.074648037415,48.96,0
3.624680374478541,1.7324349191620967,3.308829017032294,-3.107537924839667,-1.700274290167873,2.025068403969014,6.118906124329451,-6.581589669909557,1.5742011629786035,1.3886156651992363,53892.76649997172,71.83,0
2.2403933891292773,3.3180080461199175,3.265215353160679,-1.490942665485533,2.5774730967713566,-2.1833504977629934,10.726501959073873,-4.74739899896305,-0.14662693217476197,3.5499494004348136,54048.03653554918,32.19,0
0.5484892556444334,0.35837902456948645,-1.3934919093641234,-0.937695976059113,1.3688412388896587,1.2580292328528677,1.8950947836461494,-1.566203672455732,1.6911278626620359,-1.0211332353677576,54070.39772011841,83.62,0
0.454976139843019,0.8466450435536818,-2.128012832598422,-0.5049991078307814,2.6670985060343955,-1.5035296272644165,1.547138258101964,0.8662485420952866,0.7656098169560439,1.214594308088476,54146.52015871273,27.63,0
5.293102924377147,0.06811794518916536,1.8113566729209496,-0.3425436459248208,3.6754356103832,-1.7809636957707455,5.875287062370554,-5.053021172419135,0.09183083106490497,3.2391325718912687,54229.27246117901,23.29,0
0.6413157235270974,1.323548036741451,2.552604410150402,-0.8497224068173184,0.6957267022778213,-1.1629548029673658,5.002975176138507,-1.7085183922905725,-0.3685359576119007,2.4896891714831355,54237.6858336429,51.64,0
-3.766163787109877,1.9775407260856763,0.5017951053656902,-0.7959390512428726,-0.4548675288661026,0.7365874537140252,6.069207902494275,-1.432926526199362,0.9199968138186922,1.9036902257115793,54238.13162179672,2.56,0
-2.2935610370224797,1.2874749278325124,-0.04350781621313815,-1.5601040712213878,0.5086889116901006,-0.007721927909392638,4.075198542938415,0.4152804574623492,-0.12181259561664604,1.1354428847710705,54253.44876280657,6.4,0
2.2721945006221547,0.46116643489634535,2.790819079197754,0.056431315791031444,0.7000712924554886,0.4344559003951888,4.684233340386538,-4.70197667206739,1.23531907619258,1.4337003945210416,54319.69955815172,36.18,0
-0.02986981565935487,-2.19902913782166,-0.34330583629929445,2.883495861071754,-0.3551706960716824,0.5434610070352592,-4.251765917429443,-0.12964951504241184,2.9951547327173014,1.8236491596266928,54320.71352998925,187.11,0
0.8022574412198348,-2.938616815386654,1.4306480704691953,1.9451819806902062,-2.298875522857813,1.3085707516476293,-6.3472447973428645,0.524454916721858,-0.33634893931201093,-1.4759308809064158,54482.17037712946,84.09,0
-1.424402956643465,-3.328571497645793,2.577803520077472,0.9010724113954781,0.6506778683024373,1.9082402646147776,-1.0993269126894267,0.6525769364647254,1.576921346681046,0.7273853794775292,54502.3115852566,400.18,1
0.8282813289809114,-0.19649934013797687,1.3961644322213134,1.454351540609122,0.6439283119390573,-0.7119763809734442,1.0532679374102965,-1.5348533253508723,0.8382200449149629,1.7177670016241346,54540.40500230688,122.74,0
-0.21044441855029583,-0.04138264796296831,2.863540355553228,0.602814603370726,0.26507033608369435,-0.031426164602511936,3.1660122970435487,-1.8167895171677348,-0.2234272600521885,1.056712170830699,54631.77493998249,86.66,0
-2.579152193609006,1.2685238317691978,-0.6090963731203782,-0.8730289344926766,0.6253456290755821,-0.09895094519679551,3.8589370786303467,0.1614536260445003,0.8420687380791881,1.9789729528028026,54651.48187322421,62.36,0
-0.3520369901149606,1.9038192586871883,-0.7990918549805115,-1.472557508169044,2.377949333413471,1.7549057626404714,3.1564711515956088,-0.4585054712533265,4.748125152071033,-2.0884340660079577,54736.41779726861,112.57,0
-0.021105414896707586,-3.226664914620765,-0.04275525100954347,3.7526873056832732,-3.0214981625178785,0.9136319778184661,-9.659860761310807,1.680587740023784,0.5725502320167555,-1.1889552029844177,54764.12249100478,34.65,0
3.0116317975210216,-2.9807414365584086,-0.8556316618973399,1.0338865421529848,-1.770887232179287,1.6778218593477183,-8.122845830987881,0.10151569864040977,2.5702519722667434,-0.369518392307691,54768.37037030541,17.28,0
1.5886917372335465,2.186339974184518,-3.002240752537766,1.587076474664102,2.6575434089443077,-1.028432722543703,2.8977078713594144,-3.2937043628749825,3.9363048737742172,1.505508211672882,54872.58820451128,47.64,0
2.2516033841012497,-3.6978422418099077,1.520628766056902,1.8899477456846272,1.0451487440191003,1.1545880699068285,-3.997694238109983,-0.4976994244482237,0.7913982381575586,-1.0699214028936463,54878.99822112096,52.74,0
4.35519969911705,-5.262758392359852,-0.44160324240459925,1.1437848392100693,-3.6130347464365924,3.370673461796844,-10.668083269597487,-1.704053090035015,1.6706855385818737,-0.7052825626737227,54951.00047513808,51.24,0
-0.9187542190678737,-0.7366992434189814,-2.4324890099463836,0.05143972175850964,-0.8416953861447483,1.913301797937909,-0.3430287274071668,-1.878103248860552,2.157160544283574,1.2220571726169276,55080.43250666168,55.12,0
-1.4290598988180476,0.8468561440755937,0.37700245170558544,1.465755740839793,-0.587929846349846,-0.928024829644138,1.088015838114727,-0.49673728248726334,1.467194507075802,3.076617981885809,55100.18620589279,194.06,0
-0.8608929195935224,-0.35770914838262224,-1.344582103939897,-1.3194148396947254,1.1632826953120423,0.23531126892721205,2.3153827709403654,-0.11513217318980562,-0.45308062308561925,1.2562934245352118,55118.988914761954,152.14,0
-0.8856766813087156,0.489761866819413,0.14633784293422303,-2.5086259749085213,0.1586501158481225,1.662269527686314,3.713547053743809,-1.048994595631212,-0.3847677383828838,-0.9196945043757165,55140.56177643457,136.54,0
1.2161141123849823,-2.213827188698625,-4.851519233239854,0.5099759817317313,2.1534402208549737,-1.4271630883314697,-2.4160027118473546,0.49830037046337305,-0.013403914439581444,3.8496862201025657,55177.39657562369,106.08,0
0.18972923571695643,-2.211325496157979,0.3132664852667917,1.116249892640708,-3.2173069140618957,1.9164337515625216,-6.062932203363065,0.1994857426681187,1.3494010169822268,-0.153734390559787,55304.571058089714,187.7,0
-0.1867635210646662,1.7265257279070807,-1.38352667069639,0.3154655393651429,2.0283683161471457,-0.9519049726827002,2.0570015106479027,0.04105206076812706,1.8787987149209162,0.21312103970520968,55430.79522711595,7.74,0
0.4666507670049844,1.1085852559659068,1.6193374224231551,0.6835620530147652,0.673782716136361,-1.846591069000111,3.299865958367179,-1.3756005004304266,-0.022722728279060744,3.0270715449116476,55496.81997549276,21.02,0
-0.3370771118087197,-0.8652125221157573,1.2607949076637792,1.3343633218186945,-1.4336980253898441,0.020466792578933087,-1.301148013682014,-0.4888148247174142,-0.40651064636311474,0.9948644377769155,55554.457175634,45.41,0
1.1359016739709031,-0.9635092461935019,-0.1644995507930722,1.9785920988807912,0.4429610295566908,-0.7822455685210056,-0.23249462265852103,-2.101045006878035,2.2518447795711563,4.310979930833561,55584.57421317,122.83,0
-1.5670036463182004,-0.15444002360183728,0.3528681611646356,-4.6674215316355525,1.6227931917213976,1.9028473700597872,5.124928954457906,0.8426728907036427,-0.7221415985706954,-0.452674580613853,55655.27981277321,46.73,0
1.0644326266479804,-0.3749510949493745,0.5744774918037974,0.7635580407881526,-0.45442924886819236,-0.19822813633120018,-0.7004150120802239,-1.1081357355873644,1.3784906407593236,2.009013058051904,55702.74441163213,90.6,0
-1.1028754122440074,-0.1660967078335842,0.9832441352561833,1.8379037057041885,-2.1719381582790733,-0.049004987538454885,-2.4844716341631057,0.38563300784964305,0.32548281812493673,0.47380150223373607,55806.8785242473,10.72,0
1.2720048547287623,-0.7331211020680339,-2.1609410756743577,-0.947128280695051,1.6930462581218844,1.5567754728178633,-0.11359012421803746,-0.9859379721821078,1.7591629311921255,-1.4895274971996173,55819.12534630742,19.91,0
-1.6298814013425027,0.27473333051209703,-0.440889054196711,-2.182230680227026,0.03868003184260449,-0.0038721705668473268,2.5759941759351337,0.923798330348313,-1.537372506436395,1.2659381059934058,55849.4666531865,86.54,0
3.468565262003129,-2.608909791144649,0.5255897800579562,-0.09318981678647331,-0.8875216296788528,1.4997906739396514,-3.650309833472248,-1.871446538607949,1.420708507650588,0.7839958855392823,55878.60593356199,12.7,0
-2.4505125641574326,2.7387158945335415,1.2174265239028235,-2.4578166358077214,1.1887412340838988,0.4207018539617696,9.675876709338244,-2.4481389288265554,-0.06420817184282956,1.398870203719866,55919.84586904073,29.14,0
2.0077802263981503,-1.203666075179577,-3.861575682485884,0.08317057377000503,2.682445419489667,1.4485265606901538,-3.0599734157883383,-0.003400620981709568,4.33826988198569,-1.4363353139593977,55931.77205065331,21.0,0
-1.5300151283725527,-2.9052603600785907,0.1842602994136353,3.5942902065475963,-1.629769541382451,1.3125886058860323,-5.996597343146342,0.7192974029693839,3.0749801894370243,1.3580652055414006,56044.8725383369,28.99,0
0.1378713861926153,-1.654065554487413,1.4471449668096237,0.8263192381073565,-2.5888026415585674,2.1681419017452015,-2.827507008020192,-1.4523334102260155,1.50895469390937,0.093554063726776,56075.63907029911,81.09,0
0.24790526137450264,-0.2842069504178246,0.9488074836730966,0.7680770829349468,-0.29491804145618283,0.03688486781491201,0.5454885851655533,-1.3826498768431867,1.8688191285664353,2.62439458823689,56088.43140676671,30.81,0
-3.4711882314076403,3.283619298955779,2.02659178184783,-0.9089851366383338,-2.549854264319674,1.183809036205621,8.487711313299268,-4.398594314579563,-0.683198207719566,1.1742979480224396,56104.00016660236,53.67,0
0.17897042430309273,-0.5059389568638042,-2.953461225145034,-0.4412118586088638,2.1580820850939437,1.538409416542,-1.816115829109198,1.0080198106840021,4.541733184128658,-0.952306865717532,56177.97386659758,7.84,0
2.0458264222030498,-1.2318439630784177,1.4808695261832252,0.6235835573794917,-2.512828189974835,0.966552634378884,-3.5186580958571114,-1.3908780998510935,0.6343137162524979,0.2622983458734989,56191.67804622189,107.27,0
1.9226445990876713,2.2724558844372384,2.536006365352404,-2.335858647466387,-0.7214361952077574,-0.24939587056796642,4.8152168447987265,-2.6951974167311255,0.31423943233632357,1.6593844128772175,56192.843098027275,31.02,0
0.6463577307668488,-1.593586977227323,1.032906069903295,1.519035859040211,0.3951153308153441,0.1158430387942304,-0.39569495927362625,-1.4262542934386426,1.5671960216528276,2.5108074037816603,56196.49471652931,68.97,0
-3.2786591034167056,0.9525153798267461,2.2489150768369925,-1.5196574724974021,-0.0831711760981858,0.49856258393949604,6.77067460297716,-1.0532468886269073,-1.2149249208540094,1.8974835794978522,56210.21885291002,157.08,1
-1.2100774909674268,-0.6018728434908314,0.4321977658646676,1.774039417897505,-1.5736171521738742,-0.03257864389993698,-2.666109632828006,0.692791576069137,1.678524225832979,1.9573829774980438,56210.99915917978,16.29,0
1.688526148517961,1.7105914435969858,1.398974424844175,-1.881872816775216,-2.910651104671562,0.7643584700177225,1.8706644295304575,-3.071098533472377,1.1994068831894507,2.0465966120195445,56217.081155892076,141.4,0
0.7579165730603139,-1.382872745643546,0.39931589965555514,1.5500634781624398,-0.20675991853694142,-0.16842896664951706,-2.3352602697743183,-0.27689492693654283,1.3447742397678324,1.8208130903185205,56229.06784192146,63.25,0
-0.10482675041969003,0.19211693066595115,2.7371569731040695,-0.411565525736187,-0.18772071157149062,-0.03577734631156343,0.06116581372837423,1.36309376550735,-0.659624142235635,-1.5119403739664659,56376.67703751016,37.39,0
-0.8931176003776331,-3.4497539326005535,-1.7496802373720222,4.686859009350511,-1.6304506114400357,-0.2231408326599855,-9.364757907852347,2.285750421668535,1.527111731317469,1.431205536860402,56412.5140645618,14.08,0
0.8453898290986772,-1.5478884524061538,-3.2156635732495995,0.8037925574032272,0.16145408064734845,1.0701158265143367,-0.29412591465166965,-3.31127241374547,0.6201637278842984,1.582805515929654,56443.26230079741,186.41,0
0.07985860354083729,0.3784314781623006,1.8272770893045645,0.9685094128044038,2.2520835493279647,0.12393924809799137,5.357726051095545,-3.3642851091522297,3.2820051195686553,3.03060481633766,56461.111262791055,92.44,0
-3.0923516536013427,2.964162207832732,0.9803066300770003,-1.3633664469543842,1.276915300903369,0.2812176933988924,8.949010006070647,-2.0881112027298165,1.199191504926004,1.5123623087701257,56470.12517222393,16.16,0
2.348950975465539,0.7518722774068003,1.0039357443386456,-1.69522548001519,-2.8344116828479358,1.5945362013939137,0.03560568499937067,-3.062640415003403,1.7225135893109131,0.8979422720291115,56493.783303220065,27.78,0
1.5186554885213908,-0.8363467619507852,1.450768198525836,2.0539909830659147,1.8317563490473363,-1.3544306882159745,1.458231078864043,-1.9226956041931174,0.5724192760471627,2.5218150256825833,56511.33031812765,108.84,0
-0.2240500795441258,0.16797934663124336,-2.7963926204945873,0.34514568394513945,0.48598630368863416,-0.07705450694409802,1.2946512264405703,-1.889034675029107,1.4678908869272431,2.781830694379771,56591.54245634365,78.33,0
0.8449419774580003,-1.1048913153845212,1.3451445059138203,0.3839555781313412,-0.35859727821604215,1.2842929926404105,-0.7614510420257158,-1.3063346404421061,2.205707307041501,0.694252510434157,56709.41462742735,95.35,0
3.972951344991294,-1.7038404546745434,0.8516063000775391,-0.719919202661109,-1.5036910545597229,2.206433697474398,-1.7628236713030352,-3.905221859539475,2.093277833688098,0.7983380505297694,56711.70782368904,38.83,0
0.08776846135168226,-2.827003933533681,-0.645972021204051,1.0585497349520232,-4.292240410008468,2.1869640402931045,-8.638723701309658,1.0980008789229885,1.5842065738409157,0.24825095815417264,56718.68066121705,82.93,0
0.791039084169368,-0.2798726812444301,-3.5180425801214423,0.6873175316854636,-0.17063707246293758,-0.39961643510803335,0.3726970564516925,-2.8807126611088316,0.5524052502682241,3.5381108914779573,56793.23343992148,32.76,0
2.1141183291689414,-1.5573562340541554,0.6237953482941898,1.235320823140444,-0.4238562139623372,0.8483598599599909,-2.373134001212359,-1.8461238029413671,1.5712534645384406,0.362187895249506,56808.27825768142,16.43,0
1.3542842455492008,0.4859952521306261,-2.158070539028387,-1.3461365823637967,2.7257493922895573,-1.6293350224020333,-1.5221480285134266,3.473320389351951,0.4312141686856332,-0.6584235650653469,57061.16320979477,66.1,0
3.2873055644197873,-1.7335958091661814,0.5658790760108883,-0.8121229653063136,-2.6228935253842147,2.408961823211176,-3.7530018883774225,-2.569639379695553,2.69378235457041,0.9877669714511433,57179.17869453778,243.47,0
-2.957996343650939,1.5293166724012668,0.8572794113319324,-1.0059467163755904,-1.0744667362596356,-0.470829787944767,5.611277199409954,-1.1595773484410756,-2.584863451106586,2.1078881288817826,57256.76282740717,25.18,0
-1.5224285958773933,0.3789256062748071,-0.20259472522287114,-1.9497445279693146,-1.1490932253216295,0.04238201579168269,3.618934819885166,-0.9643936834486095,-2.801380179801815,1.9866112114248582,57294.379998811084,41.17,0
3.773780843964441,-0.9491179226396886,3.0405915496397813,-1.1749482508114886,-0.45784957357339817,1.2023715628870448,0.9689236082410742,-3.248735728789571,-0.7420173602862081,-1.0207839868163968,57402.610522376475,73.86,0
3.221047374937982,-2.3050596925188924,0.2159378102148628,0.6309470676834541,-0.21979530717372442,1.3770240284348805,-2.6790336954732044,-2.6266960010384546,2.6294733511319324,1.5210105475956732,57448.42395529744,51.69,0
2.0730959866537213,-0.744412788958855,1.0510722770170897,-1.1122606029406552,-0.8999309316831975,1.9789613657816665,0.21739273241253398,-2.8048335293715576,2.897073262872496,1.4403660584472584,57542.730576456604,121.53,0
-2.0756209867092714,-0.5476856928904621,-1.9392461625183834,0.38364426008716634,-1.932544797229887,-0.6147535488315357,-2.563750195199658,1.8047101531982732,-1.0281705685807552,2.3952894494162473,57628.656868229715,94.24,0
-0.10128670780850557,1.2936423320539134,2.270176273617607,-0.41654609255363173,-0.49842751219877424,-0.17796463872405568,3.8866297620653207,-2.0395822236627597,0.9941629462523268,2.4046756312379696,57650.986800610386,4.9,0
-2.565211119560975,2.9314238632729706,0.45409533306015504,-2.9271086760241047,4.815610945086613,-3.1755745555594435,10.921625636876502,1.4867903715299704,-3.242974317671227,2.313373725440504,57723.83406756332,139.82,1
3.6362013537840063,-1.7563031275323873,1.1579530556704654,-1.335139536816238,-3.2633046379015695,2.555953782333658,-3.3381979485344746,-3.0734690111603835,1.4357564130967528,0.5996600078201717,57756.381470679305,91.74,0
-0.18973942662669496,4.352040753357874,-0.24260330532410135,-1.2204833729443385,3.0405182847268066,-3.4400895546966996,9.147732455887494,-1.431562801393822,-0.4741218182206546,3.3210839121774813,57757.34433317083,130.64,0
-3.859555903136818,1.150640855816807,0.40825874320658717,-0.4341474660140957,-3.0768368215669613,1.3943174926158202,2.8580670608864085,-1.3319879871939337,-0.16531581882711355,1.517892916481248,57784.523729255765,69.46,0
-1.0524918279270183,-0.24392559970588712,-1.730972441311641,-0.10947682101369571,1.0418042774369702,1.1259806911089962,2.178237020158269,-1.6032277117204918,1.6341802683461435,0.9513967117675683,57803.550694605874,127.1,0
2.2740148653767775,-2.8113335298052213,1.6373755094577769,-0.48551128851665437,1.4386989475244212,-0.7943534767522337,0.6510249055721933,-0.8609266605160542,-1.6075908254010267,3.5468902445000516,57871.690212744485,238.8,1
-5.168691016430341,0.9918605889441754,5.484759901144505,2.3004322689516705,-2.2189926448575634,1.6890760478492042,6.123110605798548,-3.0583534963883,0.8862639131232137,1.060518533075921,57908.53801597972,970.55,1
1.526134122937017,-1.9918501838805103,1.2680474815949767,1.758646036013007,0.6906973209614129,0.7422448268893695,-0.16834870312961067,-2.7389483804449526,1.5187158683839352,1.3929636016258846,57922.08335641168,136.91,0
0.9310828141379156,1.7404789959185827,1.4731046284562697,-0.4819407435932288,-0.512978748156232,-1.5962129591333445,2.3772308868904783,-0.8620679259301217,-0.07228397396417008,2.5117595575894858,57923.950585686805,15.64,0
-0.26886023102438283,1.564109690936818,-1.0973351619488434,0.006758176007253036,0.37539509619677547,-0.5664907337019661,1.8682311995194214,-0.7647231376347712,0.6801999385239363,0.5251372450903786,57936.2198535295,6.3,0
-1.457975599801768,1.647513369706442,2.564507928090527,0.8004913883603688,0.4133044837402573,-1.118512325291652,4.569660125186827,-1.0255473880650903,0.250467198027691,1.8648210791967967,57993.48649782882,101.86,0
-1.3232088664317887,0.0816363942859265,-1.4748561381783805,-0.6746096988784755,0.6989386798509571,2.574830787098898,2.7854007775270704,-2.3889755168922595,3.399296626173811,0.12532804925613206,58165.219271909475,118.31,0
-1.5477169442568068,-1.775033523099234,0.505555091141876,2.3074769667284416,-1.3255158693708486,0.9496977514383961,-3.8715424648080954,0.8946190045450517,1.582268386759825,0.30343218737751076,58215.59281804726,12.54,0
-0.39823694459182823,1.602899277188548,-0.04083509973851018,-2.3926791198905653,1.4606281012334295,-0.21127072939255256,6.000234902772494,-1.2663099875864758,-0.9403450468804215,0.7510511460587362,58234.14888732627,126.22,0
-0.9649817104691532,0.3194758468839176,0.6469857227506641,0.5582904972568236,0.3229168480766047,-0.2923135428612438,2.669726899250588,-1.3569312049600648,2.3238531660262023,3.9854894074945277,58269.296257761955,76.45,0
-1.2274721636460346,0.7499418480435274,-0.030210721609942537,-0.5107678448494055,2.1906363526136423,0.15262203520195716,6.6494208842521685,-2.5902002671610758,-1.0469326047564498,0.3229520767462406,58293.31048169921,167.4,1
-2.4109278848455706,2.5371923979403466,0.45533764241111596,-0.8767474792317776,0.8733079479984593,0.10005708511083898,9.375606864004855,-3.9076920549501812,0.21921844588179118,2.5847520431368967,58312.099405018766,116.27,0
2.3046099608779516,-1.7326796324616338,0.8413327286237221,2.4231899142748645,2.2150310840271152,-0.7487017569569674,-0.9512580602158516,-1.3636776091976435,0.8306628473566604,0.5420893129317297,58339.90161854691,36.32,0
-0.06050842267072243,-0.2756296174465389,-1.9169724096973102,0.30425126519619394,0.033040373857280425,0.33589799491776695,-0.10187009713210977,-1.0804314472071708,0.27456112811378997,0.5281552718985316,58405.56310394539,15.02,0
2.625948508095507,-2.6533639301076803,-0.1949787962392393,0.36214385457862297,-3.9407797634404447,2.779838463086539,-7.243493741932405,-1.616297643937572,2.423620841437253,0.19555055509160701,58452.62503584932,22.79,0
-0.6360057796156716,0.6124990070558454,-1.6298545758857228,0.6666921946176847,-0.08899782002232981,1.0886879178690445,2.496783538102445,-3.3532724701000896,1.8380789091119119,1.0376747807663658,58555.120205736275,46.73,0
-1.7578193738404413,0.35638999309372,-0.707231890016857,1.078012707725085,-3.744537072465305,0.5913537496270908,-0.09123764366707982,-2.392255185485387,-1.5025177007248995,1.376170978994521,58584.347893215476,50.26,0
0.04377080695310642,2.181629693720055,-0.7188822301795033,-3.57652377104509,4.673633680344295,2.350548667492639,10.112814951617068,-3.7559854136097814,4.854058747950389,0.013851576036991609,58656.99327139689,107.45,0
3.5620952986330074,-1.9640999503488268,1.8557618175758546,1.7422723118725014,3.5516416081067934,-1.5693124223529284,0.5600319978900073,-1.4023032066873375,-0.8440194900821101,0.3913769767614894,58730.39373912183,102.86,0
2.8245875424534956,-2.1233872471856,0.772548294059295,-0.3406283830551411,-4.125685105783445,2.8129250849732546,-6.185697496756705,-1.6890847789957122,0.9559513453808544,-1.3300529363452696,58747.138063473285,57.6,0
3.767627827289559,-2.6804403820605467,-0.49585143033923873,2.480252823034003,1.1321685048051466,-0.5964439506585393,-4.113714245090289,-1.602862268947177,1.8244763715396286,2.126078446383487,58818.89161517858,99.65,0
-4.227137290758863,1.6295363274168393,1.7394869755371323,2.403906806365253,-1.7107422066488733,-1.0366645237227927,1.3072133659293155,0.9556950192945153,1.2120361804773407,2.551987598730629,58823.11689654407,14.84,0
2.254678222028783,-2.2675330786416277,1.3362508908978161,1.956549612220701,-0.3205488737279222,0.07114630145241907,-3.389772533191681,-0.9956081690338991,-0.7728080230665515,-0.6207524638543098,58856.3999852472,4.34,0
1.0205989045693253,-2.9239071238445895,1.0005378039110284,1.862325177687978,-2.976638655005345,1.5298583054545316,-6.57187427961387,-0.18191194968896718,0.009713423115974451,-0.7270609858985855,58890.85175572148,135.46,0
1.9047626967428442,0.10308800870665746,2.5351643854406145,0.07810806170988271,-0.010311696813536164,-0.9752944561033862,1.6645327323679981,-1.539881532597673,-1.8852486564286224,0.3782956362981168,58936.26546148467,6.11,0
-1.4335652002931885,1.087502111145218,-1.1942278089499045,-0.7173207680001927,1.4081208428347334,0.0015526565696204044,2.218594038297546,0.6800408205845949,1.8826723913390695,0.7573591012989379,58967.62461379982,19.41,0
1.2421574706891945,-0.6457634813889169,1.2058095941282412,0.34727756394187026,-1.1225745389384056,1.0160372671695683,-0.7686096551279814,-1.8912059898832012,1.7724035835817247,1.0273497875834214,59066.03837339297,78.25,0
2.8337387007294477,-1.1925037133271517,-0.16741980006791168,0.42109566636057594,-1.7212971044658314,1.1500945353391145,-1.7514214630875553,-3.7004555765428058,2.9986808639662446,3.3922728614213757,59075.510291484956,35.24,0
-2.2506330108890515,1.297526989877761,0.3106669763675085,-2.0948971716491833,0.125503619798217,-0.1581483634175165,2.280908846888908,2.350260331868889,-0.6027347869685595,-0.03409784108815228,59081.23205662872,136.85,0
-0.7210511727879214,-0.3894234184168801,0.47432327204077396,1.854306789808775,2.068979472167791,-0.9051794046632611,2.57990675485861,-1.265837523375916,3.0653373059867177,4.539630346677321,59111.72617810881,24.0,0
-3.032131862166822,3.7546696396108734,2.075760147334833,-0.8541836939280816,-0.4754605183586227,0.3620486265693789,10.399536008445747,-4.385206001030754,-0.3900941641949942,1.194918006320381,59116.19688522905,1.78,0
3.2340785055108046,0.5582705581653713,0.9003210833240688,-0.7874408223467739,-1.4252313254902034,0.885946453758701,1.2218017592603398,-4.287580027298534,1.8517397041012718,1.71339089356541,59175.010742638464,24.24,0
-2.6203561327407634,2.9586011124584077,1.9507183607136884,-3.2385776995615942,1.5141547714185126,0.252214008829376,8.114989760251946,0.37430245304684706,-0.20802940887756582,-0.564812223073818,59209.081319091725,57.09,0
0.6229571921334279,-2.7581462058551676,1.4332516722839612,1.432813997543632,-2.3592371235193834,1.9586643806850461,-4.710737043633981,-0.7452348142241894,0.7467792453224766,-0.37452474410721526,59299.31862823534,31.65,0
1.5201331874975412,-1.3592891358027526,-1.6488401404598716,1.254851193901008,-2.8127803172749584,0.417300141751548,-7.422962777975475,0.7415240966789642,2.8165363726073864,1.902104005749556,59337.22213629692,50.75,0
1.3045883599972696,0.4891686700333293,1.301458559135154,-0.9228602273984088,-2.1633840236821165,-0.14681425087461822,-1.2986415339674189,-0.047704022247266,-0.3498510029877073,0.6309751154492713,59435.88823716806,137.0,0
-0.37887251765570695,-1.6915734245641088,0.746316258683643,-0.5332270124121605,1.8696299414159876,1.4132510643792664,2.269006099823745,-1.014614988186163,1.3699188794482398,0.9869363375074974,59630.471224686786,107.15,1
-3.88371364940734,-0.5033169947597882,3.6981335760596243,0.9575054324626475,-0.40969860869512553,2.165232731931971,3.214294676152808,-0.7042168856293812,2.4586510351240016,0.6284028926857216,59649.213627799574,614.85,1
-0.9216080029472553,1.9355331613171214,-0.45303859380149814,-1.3807371559949002,1.6174169284985793,1.961608181141069,6.857209466004314,-3.745574562161687,3.348841330974852,0.10605800734236925,59654.55907613239,41.31,0
-3.065699008326922,-0.15777128158206355,-0.19678448076622557,-1.3362098297721432,-0.008584144311753583,2.8013469998648253,5.2013594680149176,-2.626322998535506,1.3694173412502963,0.9668603152335379,59675.08934791662,52.78,0
0.1647105480095351,-6.6901208520849424,-2.319071474481312,5.237940760151878,-2.0366988533959773,1.5121481171330438,-15.277978431750315,3.556306852527289,2.567517814354394,0.1434424381921231,59731.30655836356,194.58,0
-0.16478258335929674,4.99040379445463,-0.7263185533533267,-0.4226013329367653,4.376802970336838,-1.8822882757623507,7.33709544133872,-0.6542878641292249,4.845451287509478,0.6446251139548628,59736.26767747728,428.94,0
2.7255258786229843,-0.0926295589836047,2.4490733910754834,-0.031486752930764084,0.5982957880146034,-0.37634647192774273,2.1565814240664123,-2.650799001116301,-0.3104282570924424,0.7104935371263917,59755.29380532144,18.45,0
1.3669848904985271,-0.3541903418630654,1.5256085454233737,0.859561077971689,2.7409247607100604,-1.3289292233154721,3.7369477632138515,-2.0240425342381765,0.9926685191728016,3.233616168726172,59767.62521550176,85.38,0
2.8305662842183983,2.1399971487454597,3.123964702128919,-3.30521613755631,-1.4660124862248878,0.8932578675303465,6.089564774191366,-4.762105051031164,-0.3373477836774259,0.9644778388978341,59768.59224147092,31.87,0
-3.9723083680367535,1.9249494162314273,0.951738984852412,-1.3357371814954604,-0.22239179094010297,2.0206214614059426,9.238021454960741,-4.010810835264159,1.2624074172042983,2.074923063431591,59777.56671211519,1.53,0
2.259878276918876,-3.493468787285212,-0.32876565364458754,1.3822635348596115,-1.679271349370222,2.5910087595632283,-8.40197767909854,0.2721048291795023,3.008826867650495,-1.6117630651558321,59806.03274572934,1.6,0
1.6844306709705275,0.8828595085046523,-2.4382830234369735,-1.8746414324977723,1.8478447634017405,-0.155386122923787,2.7145173377754666,-1.5592281422041436,1.1855559588979971,1.3497887606763077,59848.5878264381,41.12,0
-3.2448019380277846,-2.0011231514477106,0.9673944030767964,-3.698749401091302,0.6024660387850647,1.8222172358519044,3.921357158588765,1.602744029518259,-3.1015219768166333,0.5845083931798172,59879.37622222971,91.3,1
-0.33048903848848554,1.900009574724903,-0.24703293912873803,-2.373822725665967,2.927230832310888,-0.06096248980651612,8.737335166441476,-2.8027107238930755,0.18426342281794061,1.5154261837105454,59953.513287668145,2.48,0
1.400418660217961,2.6838618923740123,4.611424426127439,-2.2142541732460437,0.6922024563011087,-0.4258857608671938,9.898221007605118,-4.700917185264524,-1.3040764212764864,1.346969160761826,60009.4723444717,76.49,0
-1.190901379575011,-1.3681025965113984,-1.3021590939205006,-1.1349734909821678,0.06700033832857366,1.754440118004277,-0.023642858303408187,0.09814147841942145,0.059747981902042335,-0.2783529396501663,60020.92677752802,23.63,0
0.5478190634265236,1.4219367947794237,-1.122436456167689,-1.2766130691737472,2.552587448378566,1.2898395551374378,4.704556321074188,-2.540875510387794,2.989825669759311,-0.8610907225175661,60051.2478302168,54.35,0
-0.08923524413409245,-0.9007171476834808,-2.14448317244604,-1.483949923374604,1.1022080929051463,0.21091826034319897,1.122913786106662,-0.09236765706204653,-0.5316232798259606,1.616161178878036,60060.3593884961,24.27,0
1.9265029048309068,-0.3041656007886766,-3.7770548577407648,-0.3932961209713046,4.02088591517685,-1.1482477330137697,-1.3833070141824597,1.8001426341205615,2.4944468214900635,0.48833934767084985,60101.43112549896,12.89,0
1.6413296889343898,0.1118709541592382,2.2297882377444678,-0.2004050354411986,-1.6344167974002093,0.8662413403905115,0.5334753760102441,-2.493853571113971,-0.07730300546057611,-0.36782674687808825,60124.275921398395,34.99,0
3.8253144820915845,-4.203211933346076,-0.9530667480982249,2.4183638946658252,-3.8694803727270872,2.828891057789886,-9.756117968680329,-2.8616839099038796,2.607465764655781,0.29340951391087566,60150.91849948018,18.18,0
-4.16411826541167,6.4063668989638956,3.9956016599775523,-3.1388654126662567,1.7242515693066829,-0.08959944350659256,15.543606871409171,-2.7523468648264493,0.99964026685521,0.4152414148702681,60178.5447016263,50.74,0
-0.23235592934312055,-0.6110142965920111,-3.7173021230098784,-0.18622354665975138,2.232521942722876,-2.1672056467965706,-0.24841414922204802,1.7902867997379674,0.1280991656424313,4.326236110057689,60276.188269926024,15.41,0
-0.7591628305433357,0.2019218025636229,-1.7492550338041375,-0.07497840521068189,-0.38526241774265957,0.6552522534228791,-0.2411480315201317,-0.372046486197107,1.2787348131301004,0.5409484298204118,60284.436458629585,47.16,0
-0.11841045324374089,-1.6216930420228788,-1.0917742158209531,3.111070914088884,-2.1957815048201863,-0.1083341473878462,-7.278107463286221,1.4365216122646616,1.5074763970464624,0.6154486750173237,60343.4144930678,12.13,0
-0.44474880059134303,1.1415011980449614,-0.6963528178572159,-1.7123419548482581,3.5595697994367037,-0.1485594020469927,3.7705365107365583,1.1379494414155604,1.5355527442392058,-0.7713991387196568,60394.701096602286,73.26,0
-0.8222386255538952,-1.9964079697236368,-1.123365677188672,2.848389313796889,-1.519371671433409,0.579648997722819,-6.187921966413708,1.1451213674339553,3.783584355440032,2.407963638489366,60428.718100082806,92.14,0
0.0032558089853608196,-0.12575247392405753,2.0837740034346166,1.0667205675223577,-0.13176354792994127,-0.9675970208542805,0.3315430314109712,0.024644667990654012,-0.1789018717002211,1.4569744628592511,60501.64478401096,8.6,0
-0.18939529561215718,0.36845313395254464,-1.227177682237331,-1.2104150850080746,1.0235794433697845,-0.29498485305922106,0.3378112560210242,1.4106493506182898,-0.03822172121935119,-0.22136487525708315,60569.94832464876,42.0,0
2.0644395108158817,-2.8884771892065872,0.7323802704568498,0.5049251668151407,-1.3415375810855414,2.4558494438724296,-3.224804954917667,-2.4679590170691195,2.6471036341680207,1.249091415742112,60581.530161779956,5.78,0
2.574801550388143,2.0768957310202256,1.870246555986181,-0.6562124527142559,1.5438075778680003,-2.1878459576955733,5.627390882384,-2.8956199429860154,-0.18112593043105396,2.956853911539149,60588.333712946434,60.26,0
0.07474016678852691,-2.31737098604398,-0.999539833683271,3.1355520925630915,-1.8735963717561757,0.12172963742841152,-8.809224701173342,2.509942418736993,1.4899814962012512,-0.425841944989092,60603.00171005551,20.96,0
-0.6407945710463425,2.7913266625921427,2.792151965307271,-0.2913040477995248,2.190118647828143,-1.3631358006756933,9.868425769961684,-3.6783776078972834,1.4934954847168667,4.096314776088255,60621.54209309069,49.75,0
-0.8562581598057091,1.0514330022901164,-0.27171805352837963,-2.2752011553550604,0.7505527524803313,0.4029164094748369,4.250815810426951,-0.5817775859062515,-0.41483137589633223,0.48660583024157633,60638.1141689992,48.37,0
2.652565521997535,-1.942417680030686,1.4631752306311216,1.0645334242061124,1.454577902838126,-0.19206853066240728,0.22641603051208337,-2.2529081578907415,0.10591393285148121,1.3389273617208959,60690.71013386934,168.81,0
-1.5794974979965066,-0.5796701177685313,-1.2628224206704193,0.2579530196847599,-2.397945397362099,1.938899230965949,0.2132465333051149,-2.5166709047228393,0.11800810174422238,0.8586213593680487,60760.400355008824,52.77,0
-0.8489378734659314,-0.19627882878777547,-0.30203551646739235,-1.4446984938554888,0.7069176409275524,3.415845938637995,4.688959238889744,-3.868595645739146,1.7676235863440803,-1.3897195853197397,60890.39077414828,57.85,0
-0.4998653755401389,1.3550076036636656,-0.9276428917797458,-1.5198533931631926,1.7753436825605111,1.0898483771216054,5.2377733472843016,-2.2796715843554254,2.179009113649533,0.4865963826292923,60991.229396567214,34.38,0
0.37400565850179734,-3.7306174559899583,-1.6201515481910977,2.3881990599356895,-4.9699113626882125,2.646116966232757,-11.421427080112831,0.7335817912124405,3.3099764859252336,1.0322362384484647,61007.107668532255,194.54,0
-2.5746318391168597,0.2795286370897435,0.008555632366222365,0.2352016887918058,-0.9736483937253053,2.078310039961244,2.850222549642518,-2.302633346127603,0.8818283401221584,-0.30747184808200734,61041.84338915669,98.59,0
2.3513758030112095,-0.5884009551382832,0.5941399571332475,0.4111058758654592,-0.12178475651675869,-0.883806332193954,-1.2258663630434146,-0.8617153253863379,0.633615222126849,2.2964080072966677,61059.26500290193,22.84,0
4.485835652255769,-2.6448065964258216,-0.43225255273227603,0.6103210804248558,-1.8475828216179524,1.4748880135257112,-7.292731532012125,-1.1787595232428394,1.8729385040569926,-0.5340283214542567,61071.21434350969,121.85,0
2.0718115496090554,-1.4822704996193834,0.839187011122665,1.917764484911095,1.9666746816946694,-0.10781041675805354,0.707482409311749,-2.75378867014825,2.4995181144943306,2.422086558006619,61134.766629656144,37.81,0
-1.1958615415692666,-0.2333419187250314,-2.824407216876951,-0.7855924157115457,2.0122701680222326,-0.08334063450403449,-1.8028681783755733,3.44081133240348,3.1785562847488227,1.081771419564102,61218.085343134866,115.67,0
0.8382117943760785,-0.22874313585006867,1.4904779151708734,-0.17213320615501915,-3.1728410663255704,1.8957703937524257,0.014182410854394952,-3.573682969771309,2.3977376758189957,2.5521361073820357,61244.63115143988,113.51,0
1.8979612462358264,-4.900393759884407,2.294371087894789,-0.6974805050594106,1.503667484192372,2.153254821875863,-0.22837774854780526,-1.686148009632239,-0.261357194715256,1.4430637851585322,61278.70884032619,17.69,1
-1.9832833362627351,-0.2517305336067239,0.022265501291602208,-2.9861166577360287,0.08893046333282795,1.1837299501816536,4.296072044334629,-0.24213593618499185,-1.778541453571615,1.0299132219084732,61286.32022142231,79.51,0
-0.24389442678745532,0.21657671007377532,-1.2394749898449238,-1.6986215103164954,2.6913323114577565,1.976684559242509,6.888385009126373,-4.1025446980867795,1.942346510354283,0.8485390906746622,61304.479229258075,23.32,0
2.04808682324439,-2.4934027750136,0.4730754289663298,1.2478062214499612,-0.6000341536684033,1.2549805021057139,-3.1896937121436073,-1.8168758714054365,1.958967467634913,1.2403257320084426,61326.31970647654,23.95,0
-0.005006305754398199,2.256334412056944,-2.1962129955637226,0.7565697759921144,1.597582159343384,-2.5505542568279407,3.5549951528422907,-1.2819739635922232,0.7540121528158332,3.57915224423519,61330.98139954733,23.85,0
-1.5011695716305684,-0.22654520738371353,-2.0999154860971774,0.6768557610290957,-2.8276052780486114,0.8852150491673361,0.37183115726647364,-2.974750138624706,-0.07048881628555881,3.1761953703760972,61343.361647758764,85.05,0
2.615143915185617,-0.15502384426534166,0.3786771354728182,-0.20743144336386377,-1.7053116563816444,0.5895321461152092,-1.9489295904535742,-1.9011673558190134,1.6426291412680005,1.0912452478428103,61399.25253628779,17.97,0
0.4401182515738339,-1.4855295753731903,-0.8812112348764589,1.5252112898421055,-3.7104454023846953,1.1232457485628402,-8.290234192060362,1.4546017361236312,1.9405146672529603,-0.2124306363982651,61410.45346889577,1.06,0
-0.3058270542904029,-0.7365728684870521,-3.8581528001637135,0.4587846869436918,1.2717698350606228,-0.55303517394,-3.7016383647353344,2.5410011831070896,2.8405882535825535,1.8766920945078094,61429.19220426656,82.65,0
1.5528384077654254,-1.378428695519827,-0.14060961195879873,0.8449638859981472,-1.4297235257857346,0.47059642841457366,-3.18145458307535,-1.0954650201706708,1.7064091178749887,2.1337371977469304,61460.24540514321,13.2,0
2.6060425748095857,-0.8198890016851205,1.2116056306142866,-1.0591591757478698,-2.8308850513536186,1.9885320499656298,-2.3224152122065056,-2.353463290111386,1.2994945521478214,0.15499086968877918,61512.078870938,8.17,0
-0.8814072295776332,1.6107507530489955,1.9334678764475908,0.16466195529147487,-0.30740440945245195,-0.7335326377122039,3.2048405859171583,-0.8391070565430524,1.2813259387928115,2.398200364425902,61533.51423514783,18.63,0
-0.14396565070222023,0.9152566094282949,-0.3983481550768804,-2.823743701915311,1.9333751990798558,-1.0894993676570581,2.1693526445710183,2.7234951582606706,-1.4787589598522763,-0.2839960005776534,61646.97485265223,32.06,0
0.7711031773171074,-1.6707212470187667,0.6964412132720981,1.2755444331188364,-1.1392132045063086,0.3504823999084154,-3.791520714559701,0.2511000546628457,1.648838013674558,1.5267923131191452,61669.89650956784,43.0,0
1.5154556143442623,0.4963395980808505,-2.3329531649129316,-0.14375273166884228,2.9362145281488043,1.5294817414926765,0.27026041110488197,-1.081257802620454,4.665915708652005,-2.3825179247634214,61694.670638018106,3.96,0
3.9037802241762125,0.0567227648222115,2.0796057834920427,-1.5922067387077283,-1.0130527242850755,0.8782452050361874,1.4775424126682037,-3.78355984827902,0.467327517661708,0.7600016128630586,61710.53632712689,230.18,0
-6.359749119654474,2.8286376417298182,2.8046196213579253,3.0316059708204603,-2.5502494312717583,1.221091252224818,3.887127546246486,-1.1540146478366695,2.8702899989913773,-0.11294219769865688,61827.54024823634,82.84,0
0.2910062973762222,-1.3043999562162467,-3.116205612833314,0.8176562587451499,-0.18596229168105882,0.9490385549703002,2.1502738258845278,-5.032275009104554,0.030701816004531035,3.3943004521888693,61830.27373482125,26.37,0
-4.13397674083078,0.29970319241974286,0.29359513217266175,-1.260326351665015,-3.5576175744043104,0.6347221001482503,0.5450878332432139,1.4473388420614044,-2.035130872403017,1.8869628296534886,61890.517676074836,25.94,0
-1.4028939850576734,1.9095155403938993,2.6526196867860854,-0.07039615297480295,-0.49383606523586654,-0.7121749551838814,4.8121370888486945,-1.365334294854407,0.6501705849576638,2.654201306164701,61942.877892450306,39.69,0
-1.1088615183935682,0.11077594691320591,-1.9200484607511648,-0.10839192936236575,-0.1953560708863593,0.6588961408245712,3.725951325663205,-3.443177186189943,0.474003836286107,3.2165151782273393,61962.35815149808,64.97,0
1.8810183966111524,-0.5032073938472756,0.7754650691366929,-0.23667724143134272,-1.0125295687916835,-0.1874016273227348,-1.1663501118679032,-0.9499766023555201,1.1207196598113056,2.5966533920632404,61986.042792059925,11.29,0
0.23216817804680234,1.3924989276967632,-1.5272757213826649,-1.3035783220401809,0.9639571133090249,-0.05223125593213373,0.5785719140666947,0.8604401895084715,1.8767070525253724,-0.3028558003231141,62005.90765654123,14.61,0
4.717131361861571,1.8701983945329852,3.7790794240117846,-3.566428861646541,0.3384732947466822,0.15070465366727423,6.905176749581312,-4.9944602677579475,-0.5032812113462399,0.9638239563564824,62071.27147860889,128.54,0
1.9312528521489463,-2.4691398000734375,1.327658115767642,0.5194807841134719,-1.1924305813328036,-0.6839185651726879,-2.2636951978421718,-0.7952792181355391,-1.4702580153435725,3.5132579882445314,62075.52623227951,45.14,1
-2.121994722771785,-1.035735991670862,2.306373581724862,0.6025252004812709,1.4895812349003879,0.46606376104801306,4.192427491829621,-1.0515640095966192,0.5237979667665321,2.219770710600866,62120.07093077369,83.22,1
-0.002478363315089993,-1.2130741789131916,0.7555738974876574,1.2956580234379873,-0.3626167475954052,-0.06807575863838626,-1.383293240421419,-0.24908012025410153,1.4985290636159623,2.509596720628723,62216.72050768905,134.25,0
2.5131238652788994,1.7062504341922176,1.3616831881324578,-0.8200063961871462,-1.2475526948764233,-0.6643287908029918,1.3160682256609502,-2.1343097324525218,0.5638317600489648,1.3206212450149915,62231.5712110785,71.73,0
-0.9113072387759408,0.16349092438717094,-1.4740900588303054,-1.7513097951261094,0.7700924378267735,0.6969505740587103,4.254199133585683,-1.8752687721807044,0.18451486497135638,2.381219254033319,62240.942835866226,28.18,0
-1.1243399950268167,0.5365078178477167,-0.6903918436782261,-2.233249113761663,1.3462302534459794,-0.18996671077748448,4.355580988096228,-0.015771448530912058,-0.9732255772999829,1.6423049949509405,62248.42116871394,75.82,0
-1.9710642548192148,-3.6991185985514967,1.7698282579483884,-1.367461100171973,-3.135860673437662,4.050739612890865,-0.4043226053910357,-1.9224303539425622,0.11518644077300144,2.204418403968313,62281.7557300488,50.79,1
2.673632118027742,-2.9705858594340713,0.7265777306708006,1.3862211189164828,1.0976349219242127,1.0299565885009283,-2.614007851068104,-1.675699009764415,1.9439929778921843,0.6467311520643024,62376.28939123663,87.48,0
-1.9636946015348693,2.1924746866934237,1.479175495008777,-0.039779560325648555,-1.8735792220032086,-0.5684003641520211,1.815967198888506,0.2968583839135386,0.648808324511279,1.4760864339360742,62450.573022809804,44.39,0
0.5050308417459753,0.3361441501114819,1.8983051257043315,-0.178081121116769,-3.1829599336291228,1.0278626709139609,-0.3208135998590072,-2.0649085297062997,0.13102695101469553,0.6009567725575735,62528.214505847965,110.05,0
0.92100624197245,-0.30069828064204884,0.7453363750065164,-1.0115096156972125,-2.9340288896719366,1.4918566348820659,-2.6659894036674285,-0.5136032512685964,2.2747466873429953,1.3781720746062776,62539.77441678307,202.05,0
-1.276086356372179,2.723801138434323,0.007801810120255492,-0.8612393062583897,1.0852713267770668,0.17973954873560002,6.229907870199098,-2.197493957326095,1.6586221925117668,0.5732867076322545,62594.284317515434,170.05,0
4.039650038865179,-3.215344602421028,-1.0951650016569054,1.2366075322512537,-2.3609745925692738,1.7007768993520254,-8.437903399071855,-1.2893054191975966,3.047708128657221,0.9964352870511866,62621.6657673542,156.99,0
-0.30447837617281703,4.065547112052324,1.2580344179364626,-3.457067864589596,4.366078442480937,0.3895105657948294,10.215279338616945,-1.3275778144391877,2.7273310658559335,-1.74524316304718,62650.33284541153,47.66,0
-0.9559761010903333,2.143664429287132,0.33607095734749803,-2.6226827180813874,3.085564397504064,1.3994989611912132,8.379961834834676,-2.266079599672905,2.3366467806790814,-0.5389804374772671,62740.62081768415,30.02,0
-1.467824087333343,1.1991092040626887,-2.1147396790710893,1.5884691273652387,1.8334526864562966,0.8748882174776491,4.20294054599195,-3.5090477910862674,4.503915943056869,1.922968961892588,62835.195291142,41.66,0
2.4951654172875584,-0.08810586321065905,2.509021680451074,0.17327029228774882,0.27583295808853436,-0.4285918163558599,3.001164729171379,-3.528626028734703,-0.5534426619520962,1.6573216475067367,62945.83198910744,77.11,0
-1.832700709690592,0.4545189887310538,-1.1942959184633848,-1.3506621248563515,0.4581671393471751,0.4879364255777718,4.353169717836353,-1.4200859654269384,0.3114429504131718,2.7195860667021665,63001.79623253491,141.02,0
-1.548602655992776,0.7736807695980624,-0.5140241287518102,0.1717761876094579,-1.2775048950340344,1.8243277520673258,3.5980612931406415,-3.8956671725577676,0.9525036907793846,0.6101540552551296,63189.633299564965,16.07,0
-1.699642745218898,1.1198007786250268,0.8545658823936433,-3.9060551559668526,0.4963470951296791,-1.5807745335710215,2.926825882846054,4.151368200318488,-3.993199238824297,0.4840840108786948,63307.326521149924,163.72,0
0.18097789694081934,-1.530569566170327,0.6532331712667863,1.2187741372947496,-3.5677708279286917,1.2234833586543075,-5.018942610342902,-0.28005107428337284,0.6929043294898776,0.6178853749818642,63324.553225777556,110.74,0
-1.4385478068688426,1.825048567689672,-1.085920965139632,0.01837215436366857,1.8829014381668898,-1.258994095111258,4.352290451893043,-0.4181788058107583,1.0514217638191006,2.1588222780287643,63485.11791885377,251.67,0
-1.1810467583043458,0.3752630937001833,1.7327639326674031,1.284777105457614,1.600087990207245,-0.1528312991671061,3.725688967020064,-1.4458707319967388,2.827291818732638,2.6014633235210067,63509.94817197663,138.95,0
-2.3162889707389174,0.9897564277695501,-0.01741569097182194,-0.14251932302157888,-0.4013725260109626,0.008718420021303297,5.912637713963306,-3.001525870182688,-1.4999284762817506,2.497015830841553,63541.290768670115,22.35,0
-2.017316763270403,2.205453339766773,-0.49249643464859794,-2.0214036146021988,1.7772552047422248,0.2580619717754074,3.9838797593834956,1.3737215677259096,2.930295059764373,0.5135258600966414,63548.815831595646,8.28,0
-1.5715815684817243,2.7410781068758987,-0.06348227724230504,-0.8031285971912696,0.38788281930251434,0.2795744324316755,6.360723412794861,-2.6814371358381317,1.5430356831946093,1.2846623933985417,63552.92533388696,8.74,0
2.390131755368354,-2.852053298764931,-0.9434180046373912,1.8658759328673766,-5.162720223990246,2.3904390191133316,-11.642817017500132,0.29864226207778577,0.9560318695479839,-2.6579333887195458,63553.41868426322,23.37,0
5.612644416319244,-1.9732768972316221,0.22394646149838615,-0.5994577017488698,1.6434515553641047,0.7051831830140128,-0.4045542643264205,-3.830499331838632,2.534707340120553,2.101756233678109,63580.1618250002,62.91,0
-1.496651277295837,0.13688285722192262,-0.6259385389749899,-3.1069351891810615,0.11777797043433558,1.471210056837817,2.21663902487526,0.9021731199834799,0.3437618068588514,0.251368478836125,63643.886871583396,107.03,0
-0.3325567255479749,0.732490841222188,-0.604060199203392,-2.638196823783505,2.2950176323863283,1.7882489030449435,4.050897296429559,-0.5708985811342049,2.168225769883061,-1.3022907646634598,63650.398543663905,150.18,0
0.4452986374070348,-3.420203667048184,-0.5609781100559474,1.7490136989813236,-3.201853101803582,2.3841940419642293,-9.16103945733236,1.1458954321575807,2.8392881622062407,-0.019282418880511853,63667.97336158484,64.54,0
-0.050078128662671695,1.9323364190707766,2.415390833842367,-0.16878478344712322,-0.686163645522771,-0.45610116190036465,3.6923701173524934,-1.7851715693151147,0.09889236016222236,0.7773373814232221,63681.35219546592,1.37,0
-2.2073441083918857,1.7124652085920995,-0.18501774679732896,-1.8880848271860318,2.3385401663536713,0.6283842376419063,8.226277399537166,-2.0648080296286735,1.5219963064044912,1.9965920603979104,63712.59912543661,14.4,0
-1.8818280381228698,0.7636407501318415,-1.2125031638445862,0.5634541486905353,-0.7664811536392759,0.7921685078446307,3.10798968602142,-2.831139468579421,1.1231117635248578,2.085584111594042,63748.27691765667,7.83,0
-3.1410288550950316,0.9236940050463789,1.9540080848455998,2.3816471946723214,0.6184102076344897,-2.113398015583108,3.1180270268999615,0.6643998081065534,-0.24205666987573893,3.0614320509087825,63772.362160286386,30.35,0
-1.0247896394696234,0.07827068386593283,-0.952620414595008,-1.811176790868903,3.007831395097433,0.9592083628623955,7.571954797383093,-3.01737622171264,0.4463393786448977,1.9648051258271013,63811.7170932455,46.23,0
-0.4080098497831084,1.82419374605564,2.832982388099847,-0.35645798920894123,0.5857406457683685,-0.3925547568294956,6.694253899047263,-3.0371124010427892,1.5582162487846962,3.2456198953431943,63862.421660946406,3.88,0
-4.502814678292628,1.0460107528172078,-1.039943640381907,-0.13040825080863383,-0.6076601794667389,1.0117350315318814,7.4645848907364645,-3.7445293003267266,1.6736965153099277,5.663942616736784,63903.73063458412,28.85,0
-0.47365409649758816,-3.382308673722684,-2.4363048810003396,2.2718773092344065,-3.5663593168667966,2.794216822527631,-8.986717314119357,0.00789468851049313,6.098778481388488,3.6083746595658512,63963.42340414079,13.83,0
2.661353250763803,-2.5670279490134496,-0.023129717290085727,2.7626945581989926,-0.6032708239973867,-0.4368894050968839,-5.694278154100749,-0.5388921106115067,0.048949287421720666,0.4344701960309979,64017.57936235081,68.7,0
0.04825331999648741,3.255656007161388,-1.312426305130045,-0.9630347955773774,4.392352371538106,-2.875601308850389,7.89818094792717,-0.9194772104208314,1.1426644034708366,3.2025528916183763,64046.96301315875,41.57,0
-0.059524527286773043,-0.545407452321498,-3.9846854642517173,0.8567933401134924,1.565237961835991,-2.137946710264553,-1.0238989612210427,0.8881250475503217,0.4760018898950672,4.3792718945401745,64098.606209661826,45.45,0
3.5833868001409064,1.920744568077665,3.208947823426933,-1.7167470204749815,1.7532501302304753,-0.17922857708013215,8.05438686265022,-5.5923434202218445,0.8416904157271803,1.6172973217070434,64115.49824373935,37.28,0
2.5858527887060676,0.2715931777193561,1.8997275756612988,0.8382896743852257,3.072278668215896,-2.2398331572818724,4.480106771344097,-2.5189723668618713,-0.740437261896109,2.2295596825710637,64128.31576072609,204.06,0
-1.7127803341178403,3.5614342996035715,0.4599203044344511,-2.241359805112081,3.4729940598949867,1.1367028196126567,8.822618449163272,-1.507359479450705,4.636004562523676,-0.5626559330776717,64138.59477002204,16.71,0
-1.129402004317054,-1.2994683926235964,1.714630108160307,2.205556299347904,-3.846641822607791,1.0927417361638545,-0.3818826820313742,-3.504792012384678,-2.8075501633350877,0.5559053825502613,64189.54298149231,132.65,1
0.13388612867969152,-2.1026719457954153,0.5905440881702616,0.6827614984993808,2.3960139510043823,1.0383728796410714,-0.15474118495822695,-0.007395054493420594,3.2100208575900173,1.1986708286277956,64233.91867432491,10.45,1
-1.3958454547685721,0.6045315217133422,1.3708679296852415,1.570208868463232,-1.7434204917497502,-0.35680520915775665,-0.17953006892563536,-0.32051566213260596,0.7638717783479994,1.5759643779986274,64236.55015981387,53.9,0
1.5966044479651862,1.0619898822206104,1.5189723865907012,-1.823177277926507,-3.6559999466986386,1.4717955989208975,-0.5367631594656062,-2.012942618981273,0.9935755475779716,0.33107272237250196,64284.72522499293,172.95,0
-0.6784203397709052,-1.564761389984771,1.7753164441741502,1.1726864749904091,-0.2581445882336043,1.291056324061818,0.18178277080836364,-1.3799769739413192,1.89566772543405,1.5475769220590325,64310.4617191223,31.86,0
-3.7381799881836986,1.803309977653592,0.824589390850353,-0.26023777488415867,-2.5289227257117814,-0.7662039517510031,4.020624283546601,-0.5160032759226285,-2.5271298557786586,2.6230588178008603,64311.53850666383,41.5,0
-1.1319057544468691,2.055093157961723,-0.09640412145357602,-0.4150938040186076,1.3710014374623702,0.9688391557299709,6.266154738613029,-3.2169324255689826,2.035219462125891,-0.007323963568883984,64369.5433724389,7.02,0
0.7430151001115262,2.50991351614255,-2.279605597440446,-1.0004418792961418,4.300782725418108,-1.4012589803965252,3.532035290304478,0.716844760422571,4.027072199865641,0.9845776079300805,64373.74970565038,62.04,0
0.9784774454820377,2.3555109628633795,2.941429502350032,-1.4300957458783032,-1.1382022662826723,-0.8022738807417571,5.02737461155393,-2.5719890977291557,-0.7421863559503088,1.9073281727710518,64400.57573972786,23.1,0
0.22823549787482156,-0.8642228154335805,0.07222893019423271,-4.070136631392294,1.2931936558765877,4.842375937517922,0.05158935624049434,0.8966031885103658,2.947001514925465,-6.055057805307777,64475.58846338788,12.36,0
-1.3031149133583717,-1.4075216101488977,-2.1787061486104093,-0.7355762501583425,0.3081393921115726,0.5387416521239382,-2.3686178935115567,2.415863829349037,0.4298358115240378,0.6443982063964788,64497.909593549964,52.12,0
-3.10855813035096,1.1950725731013752,-0.46083064720262257,-1.3533182061934674,1.7755073406129118,0.38424683223342676,5.78103338325503,-0.13476565981904165,1.6538784663887127,2.212665267001559,64507.849853141306,50.4,0
-0.606217136509051,-0.3945065127732619,-0.5163335322684968,-2.2033402416501353,1.1551905411734866,-0.18544008947413232,2.1609129583524687,1.138379347241206,-2.3517534466913217,0.18423200293836672,64533.532918931465,6.13,0
-0.5853221302942573,-1.5147835773098053,-0.17746896685328806,0.909348345145834,-4.365267924952347,2.4220277164091124,-5.954887045063247,-0.22609953204831124,3.1186531987314874,1.218771168368492,64613.55692381419,78.87,0
3.6931688954600093,0.26241763476672764,-2.319203174212774,-1.3476804346875002,2.614692533677107,1.1568976327639355,0.26759241475674883,-1.9270311607935926,2.202411001679894,-2.901077579859412,64673.99350665759,64.54,0
-2.556429692902625,1.635495333286433,0.42176705137235615,-1.3430277439863896,1.9270067885187872,2.565704556158548,8.30008706683952,-3.531158775180627,3.2786507952644484,-0.11064815232209235,64720.53253682424,14.62,0
-0.25295114527449547,2.1101744380222565,-2.597277522411531,-0.45553520672102443,3.7454497498886004,-1.4205451482404292,3.395728380055025,0.6065078494426797,4.001133514586224,2.3610102255603005,64721.93645599164,42.2,0
0.5876715919347075,-0.9171832833328761,1.9061898902296859,2.045964159700657,0.26855363547466227,0.1947179693610692,0.7398731932416701,-2.356178906168749,0.9618002498593878,1.0383375936692045,64722.73887707697,83.82,0
2.2799111728912385,-3.1141779219094965,0.5133232991223065,1.38319571479072,2.0500110619002636,1.0225807922059236,-1.4117766085869135,-1.8824150417505496,2.9908772099755447,1.9100393703558822,64733.05980745423,50.0,0
-1.8953296065719145,-0.9444906384672156,-0.9742127488233425,-1.9161169272123044,1.0241588614601709,1.3558495751542787,1.8324235259736315,0.8660104320041611,0.12939505388867734,0.44916688990633724,64751.95650367465,33.72,0
-1.709250810893055,-1.6894734625210464,-2.353093056432061,-0.8370419998204428,-0.9208481814183029,-1.224910773292758,-1.1016695017866578,1.8542571527864178,-3.2459565150203646,4.169339828305034,64777.636141696064,26.29,0
-0.16192083638523447,0.9071051980167149,-1.6682973425989465,-0.4953700579680569,1.0356433649736616,-1.0667083660458987,4.331785087918945,-2.2081052663723684,-0.7684882373040052,3.0725720090525455,64857.0080885072,62.27,0
0.2694772182668197,0.8218414157534862,-1.8498646084832613,-1.1771001396209237,0.5455732952503093,-1.6705344154947845,1.2423778128209337,0.5970148924615719,-1.2982667699450716,2.2746707948984675,64881.03083901126,182.91,0
-0.7662560134660639,1.6922622214786271,-0.13672851761928784,-1.1835405889706982,2.5053677226642703,-0.11572271391561127,4.058549214359259,0.3558751946678944,1.2240436205440437,-0.9455872797266991,64900.734216182325,73.41,0
0.3300854493629344,-0.8040162526907506,-3.433665942338845,0.24987432683676447,1.6310913060408971,-0.11139813261276114,0.22084897402920706,-1.0498338124193645,1.5000222713788025,2.4915783802006324,64953.49567318894,6.05,0
1.1455410080397876,-1.9941748860227002,-1.1677062751367755,1.2017089885482226,-3.4366717867853294,1.498708208689598,-7.721031955323798,0.288780681061793,2.813397602539808,1.1756717399980312,65017.65637974224,41.13,0
2.662714891543824,-2.4663531567192623,0.290928138659325,2.274367855303021,-0.3985431877125595,-0.00715803598546339,-3.7430715991283807,-1.8519863496058029,1.0693930556713291,1.892491621334462,65052.86979652697,144.96,0
-0.4394421549120848,-1.2387929095288415,1.5733021808820267,1.9727520936535434,0.3557858024049265,0.21805211354826096,-0.6527498133378814,-0.3809775115997077,0.9782042115281429,0.4903159487513502,65135.99740462403,7.45,0
-0.8421875082415233,1.4703791504582207,-1.2900747209146548,-0.004597239866736658,0.514748716805653,-1.3697540865798137,2.984531138322594,-0.7546374282428123,-0.28562789463372473,2.384377534984158,65194.703384478795,293.41,0
-0.9196482979831264,1.7253579010782347,-0.5494247169051607,-1.580256476684808,1.5728404767493975,1.2317603866108775,3.8792178974661087,-0.6863817771059879,2.943584959244064,-0.7537119635392213,65200.559724839724,194.52,0
-1.2572873341438775,0.6879820913017429,-1.3356461355876907,-1.117202320258304,1.0035082240360158,-1.2644955773599,3.7853555294693737,-0.1350932296940699,-1.2059918498494797,3.2375043171831432,65498.19587418845,6.3,0
-2.2554048869535746,0.8221597441283656,-1.0434883232088337,-0.9582506341362553,1.9299925750761318,1.2334322752688038,6.566752738230714,-2.6005203871191096,2.3783789117930567,2.2907366990542433,65507.45161051057,177.1,0
-0.27131881657960366,0.318888689972016,-2.4587861156848883,0.567679067976689,-0.25944343264758807,0.732145938322795,0.3940460174984693,-2.087622025225066,2.203268842879506,1.472693497603553,65610.84813130372,30.33,0
0.49192177835302753,-1.3801963714286898,1.256322219077372,0.7529866178264032,-2.4619276672729375,1.4936847602203838,-3.108565197372868,-0.9273125757859282,0.7885587894662173,-0.03669668923627012,65621.06316045806,122.06,0
1.4738323229684696,1.0119234037696643,1.699609309714499,0.061761522637693855,0.27870043075065665,-0.42761256248102625,3.366588369910242,-2.906338983856628,0.8781469631864419,1.7726228908776895,65626.9828149709,36.23,0
0.46881821736396545,0.3528279641305482,-3.2824263505624294,1.915918670144079,-0.4524628286932615,-1.5795673493297586,-1.9083362496684186,-0.855003209157658,0.5349337696695795,2.7080578197288796,65697.8029261961,38.79,0
-1.1527273554027582,0.4269674992703645,-0.8325377613964144,-1.630098363210329,0.6095283805502165,1.8317313296622948,5.968390303479035,-3.726676729738435,0.8838577988624778,1.5550859947030715,65733.21486208678,66.38,0
3.422472980011616,1.208430100606122,2.8419013762606067,-2.3700752865462045,-0.5759440257544337,0.9078269466006755,4.594097530537684,-4.525804562762072,0.5096424202149097,0.7562264766780268,65736.57729730677,97.81,0
-3.1303814888445203,3.8482715121345503,2.0964213888486993,-1.1977983360295563,0.964240341447986,1.4893069001851833,12.356056666000299,-5.3928228936913705,1.6607566403283407,0.578471956626065,65753.46026551777,3.23,0
-1.30155682132433,1.1628661253019712,-0.9363900703558375,-0.7239138397415322,2.196099992282173,1.9197646599563043,6.70411183755543,-3.8126484573808592,3.4401460353808155,0.7888746687460119,65771.70511275304,59.46,0
-2.569000827153049,0.29559022392134127,-1.002388373644674,-1.877842904228077,-0.8661384986878591,-2.634608511671599,5.05924472043775,0.0911482457652304,-5.2616361091390225,6.7249312173372,65817.94002584052,14.44,0
0.7557320614487497,-2.3863223149601436,-0.8923637770099915,0.9634476001214788,-4.369407824331978,2.4845262844115457,-7.86936805056244,-0.3459071983259523,3.6634435040771365,1.7968838388909383,65835.2920898995,28.6,0
-2.0548611736530624,2.5270351693148934,-0.10900405784595979,-0.6928909172894049,-0.5128909080523614,-1.237684926187653,7.007988551684956,-2.675949111804613,-1.3295388609384031,3.8490477219872075,65999.16973202041,28.8,0
-1.7384236959046588,0.18656006170478645,-1.386517820865242,-2.959050852026466,2.0257565132952866,-1.2093476130660787,4.642958347457854,1.5462801036926437,-1.4595503604395565,3.9924105213745507,66147.62649460782,42.15,0
-0.7471885990893039,2.4153314500224297,-2.2305543168500486,0.24710181916939078,1.8466076556713822,-2.649701641886648,3.0533913468620986,0.4336326720966548,1.5095080713766382,3.773584350590015,66206.33768151316,27.43,0
3.79155734351689,-1.2493995292937856,0.7717308376936161,0.7175700333325019,-0.9213597236950425,0.41102787087029535,-3.6490933970971513,-1.6373174606031868,0.41666208734893906,-0.8712725722745016,66326.33409403001,8.38,0
-0.3284101407511316,2.953906851278722,-0.2551061763693404,-2.29735047041071,3.022539181922254,-0.31267353475340226,7.58217491450759,-1.3965729492881302,1.9220938962319059,0.6883390605947138,66327.35899017245,11.23,0
0.2855794000770536,1.4917854501878338,3.0399033922484935,0.2747183635792573,-0.3845225539417537,-1.169537437666559,3.204398991664126,-1.1880296019471688,-2.034478242800809,-0.31166307553907546,66336.40305329094,3.21,0
1.4873506034836255,-4.145439992973604,-2.632625895846713,4.703994672349603,-1.2630639790028055,0.286722103790998,-10.73181314857932,0.7779860074997249,3.4031591872404996,2.06571315370243,66390.92000394627,42.3,0
-0.9054731577522455,3.2883563472226935,-1.6618454635438862,-0.13704246817414023,3.0861752887906104,-2.7108510155313525,5.245402080258004,0.33539314343425053,2.345488536692547,3.3163523436453963,66411.64462919299,201.78,0
3.5952504544665334,-0.249793414878552,1.9035400539078018,-0.988937230177688,1.1606560179076117,0.41924829632531857,2.7752903719176136,-3.5388203334234447,1.4278974646772291,1.3977704426658937,66416.5506569705,8.99,0
-2.7112497023628968,1.2877823006370723,-0.20906417659122645,-2.164426029171185,1.8387200838281976,2.102716459607144,6.709569317593312,-1.4927495818460854,3.190680270252965,0.7891819547475334,66443.5574170236,191.04,0
-1.9249189846231718,-0.07626058249190137,1.6649105059328786,1.1159941165230272,-1.712375190576613,0.5485642824271174,-0.22918682873021232,-0.038540825642150445,0.5372210842043139,0.6666264994933395,66460.79392913115,86.92,0
-1.051646884589839,0.1663375600113869,-0.9150382016392635,-1.9840471513366535,1.1141074099296089,1.5637882843005881,1.5133735265971866,0.7297697656623057,1.7909432729676433,-0.8581240497020775,66544.88750241269,66.96,0
-2.6450815139232815,3.945367156299383,0.4388487261169616,-2.018412200711129,1.3391307883531733,-3.9225771413802133,6.614776415700275,2.7554728330468192,-1.929314779790357,3.956213068222305,66616.45713854018,68.37,0
-2.497631413831975,-0.43655887483923284,-1.0397134422841778,-0.5712968655259603,0.4851080037654998,1.722698541727938,5.605416217242167,-3.4879201456951607,0.5281909143177115,2.657414407004355,66631.26398630401,114.94,0
3.63968509644063,0.9969736602628894,2.616196732503024,-1.3403492243673587,-1.0230134263565005,-0.07218983480474522,2.028868678334514,-3.156078862778039,-0.8045033809099187,-0.06095332087086591,66718.5358119738,8.35,0
-0.7286018874542249,2.6961766369793843,-0.7823858800104193,0.6503831500908448,0.30198908309358696,-0.9983474407627304,2.532147507321956,-0.8510425576039071,1.5595271095309498,0.5611629205890281,66794.19957901922,46.68,0
-0.7167624715145804,-0.1721741977402127,-2.2422406097582934,1.0940802139273913,-0.9456289005531138,0.5200213146362158,-0.9535547819674954,-1.3535758178857535,1.140764108790629,1.2448748273364412,66827.86784073287,78.63,0
-0.5506064940535091,-0.3131700145716816,-2.760225317946313,0.5290614513229428,-1.3835033680324793,0.978888544819627,-0.369741363596804,-2.375774773962534,1.4646993810840068,2.3676986550466363,66929.33110613427,58.45,0
-0.684300928215267,0.3741677993994599,-0.6032636144835936,-2.043957946692416,0.34209113260902,2.5605596726527913,2.601404960673553,-1.4235008071918627,1.9928879654871325,-1.3556543967986463,66985.71358273581,117.25,0
-1.1661406275279635,1.6406963498966813,0.2965341453357475,-1.6468576256351284,-0.02712274908254697,-0.16599330516411578,6.036015768052044,-2.1653432133869535,-1.7603631352857945,1.3911210737019208,67016.34833764572,5.88,0
0.8957488895596382,-1.6607602764256475,0.5865708010863133,0.9385899753110808,-2.120654023817857,1.275750189881459,-4.775098859801082,0.01795838851780407,1.7461202884514693,0.19690072724913188,67044.11211881904,77.27,0
-3.067953872013282,2.8908980004099587,0.6047106175003831,-1.4826490537606887,0.8023168982294036,2.8263487277084893,9.078389516562535,-4.21184751782957,4.528989779225396,0.45215570199209165,67075.03401874483,50.64,0
1.209688596276813,0.6366575114980966,2.1790491293873115,-0.20933200362041027,0.8166187945293066,-0.3401634396760584,4.3917203639088465,-2.9769523512307563,1.0691666664401214,2.6266987674072344,67075.76324848698,31.98,0
-1.360642463555864,1.9135841588534186,0.10155450022080359,-1.5646756409271876,1.0617840948430022,0.6462108326186917,6.332912701882602,-2.108069484368754,0.8246614784491497,0.6075762983434542,67142.83989951575,28.04,0
-1.5773158520658512,-3.074127386666394,-4.5024422025075435,1.024727211844707,-1.3493664885551708,0.3098249346541408,-3.4264860965559985,-0.29090866285772965,-0.08860630667447023,5.2877094363834205,67163.4356583425,64.04,0
1.5387095751765543,0.5769877842189923,-4.755653699261085,1.8943944697927582,2.2477604220873895,-0.743063534312054,0.014672681459908164,-2.630926722552426,4.563113665700698,3.159755477114431,67254.05008526338,145.06,0
-0.25523924332051373,-1.4720509001815842,0.8128861744747462,2.3567566803246747,-2.363447244061838,0.6107582764388211,-3.1502634544789423,-1.1833394532495,0.7538475298320443,1.4385783040946927,67259.02550834104,45.56,0
-0.7970192882826215,0.29120279326067644,2.3788561661124117,0.18417035573526508,0.3666382635096166,-0.030957067423710117,3.659297466370566,-1.4846489250028627,1.161856520924284,2.5585013023213614,67270.28210645355,114.19,0
-0.6973048475604555,0.5929485303766833,-1.3653704686894381,-0.7190514940455337,-0.31378771310402587,1.9513121150882564,2.904135960350038,-3.103228842508585,2.137917557068466,0.6234890518588649,67289.17345554965,34.44,0
-2.4909396836215603,2.8581183288021785,0.9533257240718849,-2.4555560584138187,1.242559818723481,-0.2934167218236317,8.130487585061923,-0.6884181396709932,-0.021797129670216853,1.455508999827935,67302.47143913824,8.02,0
2.3674259665176245,-0.7421472849002434,1.6873643615584575,-0.37940435970189923,1.1854742745843883,0.05057266249445113,2.1512138911745526,-2.4554299304133753,1.371668425627702,2.423403466478378,67548.55609247294,5.13,0
1.500288690057094,0.1372750905368043,-4.421569108526745,1.702013639578158,2.7229732926025174,-1.2681514286918214,0.8129036246042708,-2.4410753088151647,2.8830221355487957,3.4242726635516987,67570.47978521448,4.43,0
3.4297544398139443,0.9654769196084925,1.1686427175635445,-0.5582780823672309,2.877819833377104,-1.5922539008805643,5.892671040776529,-4.034823572383971,1.9602144151918983,4.603913877462034,67578.88953342426,32.09,0
-1.6576531888301338,1.5423880158739687,-1.518369421464255,0.706375823859392,-0.5879319306545725,-0.7851976017142691,1.163228010112469,-0.294525959799952,1.177517711037046,2.2174438023504033,67655.64064512891,27.74,0
-0.9024905297926705,-0.03819286954994716,-2.1421354535919788,0.7787838426547911,-2.9178946965089874,0.7936353787647361,-3.5378845795829865,-0.15964883627864512,0.9599448291060484,0.6953704556460778,67713.2996868909,83.27,0
1.2283396528955974,-0.5058695549786835,1.9318441530452437,-0.0186048919884092,-0.485425281200328,1.0656319595305148,1.388179199594512,-2.6947970823725775,1.1295581971191722,0.8976267025214479,67753.77008911016,89.27,0
-0.43613522735577326,2.063807128296961,-1.2088007861106387,-0.08677865953832031,0.15475196854905793,-2.0006131744730755,2.155157927949103,0.020301764700157543,-0.5680488675179529,2.0795219965009046,67779.77099323375,4.39,0
0.6349407336051911,-1.15042672840469,0.48984735636721066,1.042367057887465,-2.073924429432159,0.9094284364424912,-3.644639811283793,-0.4593790922281924,1.5574796301694152,0.7761354549550463,67814.51456263139,17.24,0
-2.0735382425011997,2.6365653551754,1.7348151875498634,-2.291293632333506,0.752009810876127,3.1624119167815445,9.221668282160925,-4.309901984872029,2.5141413056427755,-1.8708633198078424,67816.77458045415,21.84,0
-1.5684360327179858,2.8475842835653564,0.3428434508336813,-0.4774440370765356,0.34509422369184795,0.5649636676348299,7.076487270174223,-3.571865201720401,1.433610376330726,0.7380838133630506,67822.88654707513,52.56,0
-0.4158641412254437,2.709564347452901,-0.13602010287916178,-1.290748627390071,2.058357127020978,-0.4245909858817385,5.805213320837881,-1.213736561438415,1.3212972486458685,0.06135118175959686,67863.87243730073,11.15,0
0.39765247005268134,3.641300837371448,0.5265883896025971,-1.2456557902180185,3.103715261632216,0.6674198287577172,7.976823641045129,-3.239216105233251,3.110944916480196,-2.0932404255568042,67892.27481674134,10.35,0
-0.27138805891690043,-2.199184538294248,-2.7084365196874485,0.019534198810831738,0.44681714173779996,2.267064113223497,2.386012401050446,-4.54895118221433,0.43679909525113436,2.180615002556722,67927.2868224162,188.11,0
-0.018929023251613053,1.2281339353755305,-3.118162378800107,2.1603816071627318,0.6935245261789909,-0.4694602876253169,-1.9057998422876279,-0.2783741198987604,4.32502553512345,0.8492230477131604,67928.3552262645,106.99,0
1.6668932407290153,0.5207793781491878,-1.5127604008328661,-2.062910557316545,2.8227044137729154,-1.4795998827988543,-0.9306944607014244,3.5545732248787507,-0.5102976838509077,-1.616618220703903,67944.13073762498,13.95,0
-0.3436905610328288,0.8871294471498883,-3.5206967108580765,1.5978026428041257,2.4978580076094237,0.21915347723817716,0.397951925930955,-0.987701709711873,5.867096215308551,1.5805223130396926,68059.76929703858,34.92,0
0.33957791769504597,2.415724876612674,-0.6204823147146309,-2.257565727089027,5.241228811678697,1.3103250267422861,7.608009008004385,-1.7830964041053243,4.9617972139009385,-1.6091494844286074,68165.5009369021,29.57,0
-1.9580822106480114,4.485781855707642,1.1152021177723626,-1.3368349472169192,1.667069824937288,-1.1799865027474183,7.265083219217154,0.01433088688513151,1.6272629546838786,0.11862690073496429,68182.09608711003,102.75,0
-1.8722615625693846,1.845760410686156,-1.2078812691068688,0.19811263348072727,1.32765859625164,1.1026243783724332,8.247843385630222,-5.463299994923936,3.1225936504747693,3.2591703324889596,68182.7458632733,47.4,0
0.9184848667908874,0.35518066591715236,-2.4885589593582482,-0.3758053521176624,2.918977767277561,0.6667916816486875,0.06058161249082993,0.20380968462075955,3.7808336674633267,-1.0968985259372324,68278.62083526776,9.89,0
-0.9617821579647237,0.8993593026752904,3.057713436508346,-0.17839326963507207,1.1925698430402187,-0.16731554393947418,6.0066922592956935,-1.96029597036296,0.6073129710274273,1.9702238045249953,68279.80203607425,88.31,0
-2.491838997122512,0.6437272736100348,0.9451923617979063,-1.5831110281569574,-0.03893580958148557,3.6996479264383844,6.343838760703387,-3.7695382530193235,1.7362041796321077,-1.4878530613583414,68282.83540321431,33.87,0
-1.1064671714743737,2.1663826838890143,0.805685583326947,-2.8672122183865554,2.07799313035302,0.8822756188179016,6.387043893877494,-0.38287316923091985,0.9955979501815511,-1.2979010268624007,68300.80970650406,20.83,0
1.307481288753955,0.329710482998922,-1.360587007492078,-1.8803632720071433,1.2314892548772145,1.0394258200698554,0.7288879031629439,-0.3675824778986905,1.0027449428533424,-1.7191088578093217,68423.6976760722,31.6,0
1.2153467755983889,1.9092720803238414,-0.7312534910096955,-1.872636745005046,4.807834249618107,0.20607607565282338,5.413130165724337,-0.7082205916162457,2.7942055931595915,-1.9873461736786813,68458.64111007933,45.76,0
-1.2211890095933728,1.438545904828383,-1.3377714797873126,0.11286157567642219,-0.8480341619417069,-2.0318646600378707,2.270543511986539,-0.4720859477787974,-1.7247334665120913,3.621756804547267,68470.62086637944,28.32,0
1.7187183503940906,0.9905896865900843,-3.0639498900631548,-0.3970350211541954,3.9544877918199868,-0.4650015420411349,2.2869079248498925,-1.035741538907164,3.5793532181873147,0.7103466065546455,68522.59278511548,19.0,0
-0.37299469626734805,-0.7161959411566099,1.0151858557458162,2.008967058642366,0.8156427441319458,-0.4757418844159534,1.4952314098084893,-1.7338163981261028,2.1298213464256612,3.694757372588538,68524.47624786565,34.04,0
1.0840683045395094,-3.0316030365259516,-4.471210435898893,0.286426380750169,0.7752725277991107,0.7681080419206848,-3.9143245320346,-0.2645986121918943,0.7054049181883923,1.8204602759374553,68588.3421276358,2.26,0
-1.9942279466619541,1.1034891269808322,-0.12809356544987371,-0.018913938055878265,-1.765606730745752,0.8919471703916177,4.613428049748576,-3.7517244678739283,-0.7468330110486454,1.7879983073593737,68598.40615043617,97.24,0
3.597461533204499,0.5365639296204763,3.028436539593317,-1.515676045178636,2.3455215700404257,0.23899304629069823,7.86321221204373,-6.000747619521043,2.367716968520366,3.9607147456557192,68604.19912578672,13.19,0
-0.2505588357069961,1.5684547232530428,-0.6250872914580813,-2.9787110304937263,3.8991823331223037,1.874675752111345,7.17854516612879,-1.8164479944156162,3.729832266228808,-0.7369321331279635,68633.31391806899,3.92,0
-0.9102167610657071,1.3356933460692915,-2.0207896355771493,0.3849351852332388,0.89816430821594,-1.5010937971234009,2.2879264069616045,-0.4217721621084689,0.7840663280740076,3.0324934413968503,68651.24380883147,69.93,0
-0.719302220748824,-0.9696346508510715,0.11766445264059755,2.174708392279718,-2.16119185019892,0.4946853526879206,-4.228992203416459,0.38109524834161723,1.5037896175177337,0.649000693573054,68704.31196797085,97.65,0
-2.165406166564785,0.819937172393459,-1.3733466478875582,0.17020267473559691,0.42752042481834673,0.36764316062555813,4.094359294270376,-2.099952591936717,1.4480780392479327,2.746618832405261,68707.41901393603,110.27,0
-1.9899856457826393,3.3345102513767246,0.4331187909391667,-1.5686057763309678,2.4163177494213217,-1.1607656931370007,9.352294921494154,-1.6442677923185223,0.5739288243143599,2.363715552742167,68719.86681403185,45.22,0
0.37795950487895147,0.9125264466283034,-1.9112195055062808,-0.8283290601375082,2.5898181709967445,-0.6245906996934427,3.575324725211462,-1.0441292215214637,1.1186682448769187,1.46837374592365,68746.16888677272,15.94,0
-1.65686045261286,-0.17442974523263666,-0.9665185158298647,-1.0622057356376196,0.060917574219183424,-0.4740901722334736,0.039610919769639714,2.1870112796512107,-1.2418821073394164,0.9402817646718353,68749.44751510416,87.87,0
1.6750108126038499,-1.8491143821737366,0.6587359115108293,0.16740440889407338,-1.6285446479733703,1.4942249216371126,-4.824931453560663,0.2568114801843613,1.0800874478372888,-1.0958694923096188,68751.19348141142,79.2,0
-1.2780285916577852,-0.8263258163046017,-2.2765800170201556,-0.4142775313488344,1.260365621077689,1.187129303329499,1.9589830102749568,-1.2480222606705995,1.7631098217703887,1.922851349197653,68775.31462253809,19.38,0
0.5278195880217844,1.304343785015091,-1.8645793203104224,-1.9376567381085414,3.225935051248203,0.0417040851810954,3.137259262278562,0.25323402454073185,2.8439282746342185,0.22540939107380364,68803.55025251501,152.92,0
1.6167754565211996,-0.9015131797844316,1.616469557371689,0.35289177574517916,-0.21348469922226943,0.5955272165781732,-0.8738485712608246,-1.1167815437562012,0.8721617705839415,-0.0033749909487559293,68861.61810386613,8.16,0
1.0133694926099623,0.27394088995962673,1.582989105594386,0.0011958814163928189,-1.0330910323320386,0.2969574555845026,1.4951201476715137,-2.4989666309551737,1.7004873659181137,2.6769383581004647,68888.97119905571,264.66,0
-4.336257657568032,2.2822043590260126,1.9941653027262207,-3.167378096425002,1.2416894165647392,1.9207515435142632,11.299259782651603,-2.387083608817318,0.7003315737020889,1.243696337236527,68916.5765389844,128.91,0
3.3105595864540476,-2.4513737431708424,-0.010579850038410665,0.8854706176766022,-0.9083602483869404,1.2216228206821267,-3.750546920463736,-2.460445365430739,1.6672562161559312,1.100072267219486,68947.66722875851,76.69,0
-2.603867343422314,2.0314902900753657,0.04287723563516854,-2.4247257033701297,2.8421033387913157,-1.8731529257219581,5.913725727631868,2.7716729506194144,-0.4836953351341211,2.254805315538412,68953.30288861271,182.53,0
-3.2457390406385054,2.124655298654769,-0.27372651100095047,-0.00805121696412947,-0.9539145612597941,0.5089348889849419,4.001369139821318,-1.2258968442125795,1.9521461574446008,1.9864867056932243,69001.79025184845,84.28,0
1.531268362338157,-1.1940728417624777,0.08883243821880893,0.40293649572067114,-1.294135498584788,0.6920768521570471,-1.831159098371654,-1.709236631827745,0.2934354038396627,0.9151366964882183,69036.84597662234,39.48,1
-0.34390730028063465,0.5560394130778766,-2.1108116940507546,-0.952280117808938,1.6223760464423769,-1.4695172137420043,1.0285618968898862,1.5365276667842793,0.06136227476611844,2.153443234719364,69156.68126682332,38.94,0
2.158562670710099,-3.6848350151482823,-1.2565004989483404,2.872403555409844,-0.46427289942322925,0.36739686023359436,-8.06296438886584,0.5911544426109585,2.358521533529314,1.3833316398071684,69251.85691925633,5.82,0
0.771988177692545,-3.6631513851068687,1.0068560547642067,2.157774764103544,-3.675142735387121,2.208307202850015,-9.116857614186705,0.8817091208354044,0.47553488060489557,-1.7305814679200644,69267.12481675697,33.09,0
1.5661393446326408,-0.38225816483719766,2.514098311595007,0.504773595704875,1.7963421343879622,-0.8574313850506182,2.6790176087133264,-1.4849336419789614,-0.5066363440528081,0.7864492537829095,69378.21778083062,88.96,0
0.9446800780340275,-0.6096251936749804,1.177330946875481,2.1030064549939036,1.8377514703872229,-1.7025699392576303,2.0212562986809974,-1.747734107127791,-0.39747781637882573,2.4480348208288554,69427.37675306723,32.75,0
2.081518099019858,-1.2784363662946356,2.5506340218506116,0.8550185260138036,0.7121403796916863,0.11777096554277784,1.6408480516807469,-2.903417087702599,-0.34010112309381935,0.8895452255256273,69446.10814111815,27.06,0
2.4115332207871263,0.13523851036320844,-2.9566095661136984,-1.1240382477865358,4.743914990198376,-1.7220592877243475,3.2443162173768245,-0.6758971561583704,0.2171427119526208,1.6042272063436722,69453.66187167705,59.81,0
0.9711819531258105,0.2360586176339463,3.289973037168596,0.15086712711721184,0.2859296392580388,0.28979573480960985,5.45426426319678,-4.365492397922118,-0.45983416568258506,1.5132692117446247,69535.80160692107,134.73,0
0.9364590693804412,-1.233413202389914,2.047326881671659,1.0671359014600692,-0.17143328602533936,-0.7240080683938673,-1.789127532721922,0.6410392400253766,-1.827101650042525,-0.5511613481499542,69616.50323891969,4.17,0
-2.33901053799367,2.362357983337544,0.9247038380116841,-1.8262901986277338,2.388514588838136,0.9537944250489324,5.7279709546100355,0.6148490674187941,2.540068817985169,-1.6160230010543968,69634.9748906199,32.65,0
3.2539344724416317,-1.6520907647894425,-0.6686632220579833,1.2431414052093939,-2.075457068396962,1.1157948398158262,-6.142999376275076,-1.4153273785612692,2.524034424030969,0.2682920443135468,69674.30025982598,12.2,0
0.9926235458389142,1.4658064401167428,3.638384588403874,-0.33487197154894166,0.3529086971440156,-1.1508123611676788,5.6913318593203,-2.7752011539705883,-1.4404691124038744,1.5019206300685803,69674.79741416458,78.26,0
0.3372041889392021,0.5125566645526731,-2.156019018583666,-0.5874303459727639,0.6676135306042242,-1.1436767474734393,0.525336435770585,0.22410997535545918,-0.31314822087384564,1.7992582081513049,69721.83928150221,8.26,0
0.7776766981254524,-2.073199791870664,-1.1897579822948017,2.132421050672351,-0.8039587462423197,0.1368664305292288,-5.339275278064182,0.37072534242059363,2.9972369922229047,2.707973045110199,69742.25320808297,72.05,0
-3.320153712996598,1.157294505854567,0.2780741780509346,-1.2302726796170618,-2.033170149452925,1.827746715374646,4.212997025795155,-1.9037696211143866,0.5057851022021501,1.3692194696970703,69835.4475812985,22.91,0
-1.4586166868487616,0.9731135866532715,1.0199013837399344,-2.0010345775084017,-1.270915473551952,3.70518500102075,2.5450359445020987,-1.739375439802476,1.7917069569560256,-3.6804682311413126,69861.26832564139,11.56,1
2.476667604204367,-1.4622278624766554,1.5393739463992184,0.4850222346429156,-2.6374922747048286,1.255061253143234,-4.516638250437207,-1.00828959608961,-0.5756759199033572,-1.90932125805986,69866.28312842168,180.04,0
0.6438186652587763,-1.6653709282165008,0.5570869088936282,0.8535550692474556,-2.4012754672004326,1.7430825934479934,-4.626846771162609,-0.28739537822664984,1.4689150298902183,-0.5455450719169737,69902.33222716468,2.22,0
1.463917395749153,-4.426136157924297,-0.48712763158883265,2.896016105565013,-2.169941809886816,1.1737316585812818,-10.501867563836255,1.7385297694510644,1.042941096754759,-0.44521918620083234,70001.74561436348,38.43,0
2.4137741053261617,-2.560871547047207,-1.7971845556250927,1.6001908109147864,-2.6368448145194527,1.2966722570384204,-8.595988387820544,-0.09641169589591336,3.2716881330486562,1.3182936659908988,70295.86960445782,2.42,0
-1.826244259515073,-1.8343340052337294,-1.4328034870288961,3.4090073539591135,-4.553519601426434,1.1700548903180938,-10.247414286340138,2.56756000821505,3.0488764982216505,0.5033139775624167,70313.69561291204,43.96,0
0.684605789623014,0.18812183618578704,1.36932804766208,-0.33428038163597007,-1.2371510833583435,0.09611781714272465,-0.0767833236351205,-0.6547364606001304,0.5894694244523042,1.2473393272680207,70348.00132090846,46.19,0
-0.34712087864615304,0.8865186310556702,-2.9331362120361333,0.9562227818069486,1.384627576293251,0.015671563781018444,1.0278996906202753,-1.3829076277043653,3.7597545783351953,1.9437971285177884,70423.43576240404,26.23,0
0.931157715261596,-1.7418385345691818,1.3702300264380038,1.2168068014963227,-2.589079480644913,0.8961834617463469,-5.300392502125064,0.5054904039063328,-1.0143583885935485,-1.93731900840476,70430.55124155557,10.21,0
-3.2216818131404956,1.9403421456348964,0.5992209144270102,-2.3204760931308552,0.6396963992490188,0.5092061588302944,6.729997276425521,-0.2831337744003485,0.4902028032765535,1.682430274182876,70458.87254447213,31.69,0
0.5048639646908,0.40120231703553266,-0.27359242287638663,-2.8466251429270244,1.283614619661515,0.56438816000951,2.693678439728699,0.21101817051374594,-1.1656794498388918,-1.3626916425690294,70528.61218176543,73.51,0
-0.8563618792391974,-2.579217661054655,-0.1310978774740521,3.08099675064682,-1.880366493700552,1.4623842973193193,-6.227141895696669,0.4988738593887272,2.8815697956962527,0.619767658049006,70580.71521861674,100.13,0
1.6826832355005905,-2.940182693093549,-1.1607945947249405,1.2318216346370434,-2.4287340727067788,1.7324107639806996,-8.123986463129194,0.4683284358256228,2.557149497026666,0.4291374194397616,70629.26476575105,50.18,0
-0.5509392412771232,1.0661742325803212,-2.0924908819150048,0.030597785231734065,1.8065132072892007,-0.015663082127313762,4.486596142979012,-2.722823937893758,2.205532103844704,2.607877813420008,70667.06879478584,58.93,0
-0.24463503551653032,-0.9765147065134021,-1.3623709058463207,-1.246966422743376,-1.0307146299951069,0.8446212368020954,0.08255080712309217,-0.7957267156710413,-1.8196781331067649,0.6117173942184885,70732.91629123944,15.55,0
-0.04382291375457714,2.364658807774025,-1.687582318292518,0.1510922164528834,1.814179200258201,-0.906135294299187,5.023953526756579,-2.649514359458914,2.146363931786067,2.2549580079993228,70746.33349864635,23.02,0
3.479950413369992,-2.695230164452318,-0.04609770225577314,1.2608742429917084,-1.8890789688048633,0.9936567078131718,-5.308928327296484,-2.1647108961582893,0.706550498155985,0.8702551034329012,70746.40600998077,12.48,0
-1.51696428333574,-1.0489468141946974,-2.919966177528132,0.027777436659035315,-0.5569749987136834,0.6022278893127033,0.18080231877471434,-1.0935474595069166,0.831166446608707,3.643382343215564,70783.87303789609,19.64,0
0.2664129743755882,0.026381399659656246,3.33823929036174,1.3082385221253332,-0.41771445744262203,-0.6749542931966148,1.1726293401072359,-0.8737451685207597,-2.281539941251808,-1.1394174795022365,70791.15802337152,17.56,0
-1.4417236105077116,1.2158426976948626,-1.595752463902589,-1.034568112731394,2.1450657187139073,-1.332148132073273,3.8311097245116654,0.749844795109557,0.7354692395805864,2.968461974526015,70831.5649395186,48.63,0
1.6490492358316082,1.3566099034027808,-2.2854173048764173,-1.5528678316831732,3.7946594035335703,0.21448060710558403,1.2261238891525577,0.7737147162894871,4.150086736706802,-1.4290057036950077,70914.16910055681,54.76,0
1.45614554748776,1.146942747850742,0.7943512796873031,0.4924206346572627,0.303383076196057,-0.6622003541688234,3.140283646736333,-3.291934570247643,2.9070201847192254,4.086989788840073,70916.5717038135,189.47,0
-0.7540924345434293,2.3880401847958077,-1.6269431914927042,-1.8620970309412277,3.7363896220487125,-1.7624756272537903,3.672423591892176,2.625250955274458,2.7009723422951772,1.7317131676619222,71024.44180588631,15.15,0
1.541695057542222,-1.4608291464279122,-0.22700831120714304,2.328022675038463,-2.539087086533552,-0.7242586143756795,-6.899731444478967,0.8874100498322797,-0.3502405976274854,0.4223253707094696,71025.71958259857,67.71,0
0.9712789896479302,0.41794047616944363,1.512889607322943,0.09756599110290409,0.24826094474028793,-0.27724371580340273,3.3898093032771,-2.959687013979801,2.0761247582119764,3.98753735932572,71037.32012940208,111.48,0
0.8678873297391639,0.7801361363737442,0.8535135947525849,-0.6232500343079972,-0.11789130650553103,0.0787642839641192,1.8264722837015677,-1.5621706812174991,3.1367696590216725,3.279170139641333,71053.89430946446,54.4,0
-2.4185760920946704,-0.385290797509221,-0.829803618403026,2.731247837673266,-2.8516228494975766,0.6392036527612684,-4.128897012613911,0.429850651284698,3.7747423975692884,2.8464747966282293,71054.92607890391,20.13,0
-4.539610124513082,0.30084348208157463,1.089686301793225,-1.790808031346105,-1.204729282682433,2.0750152128608836,10.811988566310308,-5.5707047878842655,-2.3176000685313665,4.227448322523888,71153.08558580307,20.8,0
0.7260086819527796,-1.2263552433476421,0.07625779522968901,1.6269453692238414,-0.714199104468471,-1.207967904810108,-1.1404254072176245,-1.0776119733265679,-1.3795185273546928,2.805508746215642,71166.109964648,156.62,1
-0.5385753039530039,0.6407533123219469,2.9445140567934276,-0.2747159887574455,-1.1448263311801092,0.6014477810526757,2.853229245632278,-1.691171905205663,0.16094276645303207,0.7427496052936036,71186.35882189282,24.69,0
3.038972653181693,-6.875501998319044,-0.49467099424924865,5.0774762528074815,0.31988235186932146,1.261940647645421,-11.389392805812115,0.3814954492104572,0.7754404151839326,-1.3885439410310387,71300.3345702945,89.72,0
-0.37050198852986926,0.6892918593666217,1.8547998280859797,-0.34601188596883725,-2.1349731299196946,0.35646001330219035,1.0499304683651525,-1.2063744770346667,0.9822191511796788,2.2306120964956238,71301.05409864218,4.16,0
1.6074625409044672,-0.7283657661516906,0.9329366397414544,1.2458717528976322,1.4940582501377215,-0.6590289768619839,1.038182116827995,-1.7940832913086855,1.1783752463457136,2.0174678284513137,71396.21097349393,17.09,0
-0.8532042989947535,-4.201661920767478,-1.217868321242673,3.522494615503362,-3.240715401087708,2.6175243309587697,-9.284907420316953,0.22622234882783432,3.7292565972695835,1.4362678038421839,71461.28474358075,80.62,0
-1.5285472812904404,-2.261450786750103,-0.15241534427686632,3.026950862321748,-1.760167643059884,0.8489382402234728,-5.156662236187433,0.7109255335837732,2.5934255244239663,1.923418405129965,71477.45422594018,100.21,0
0.8166879040079738,-0.5669525875435588,-2.5619310186672184,-0.5415084323396546,0.8026434369931961,0.23579440835317017,-1.6008023853540367,0.41691361865520515,0.8621144605374047,0.08534318077791991,71561.62123699859,40.49,0
0.39303875131126575,-3.163457170761634,0.9515778982777375,2.3816796532958,-1.2075744237009485,2.117733253420882,-5.054995280648958,-0.6585029627433703,2.2419210109436007,-0.4519288191123405,71647.0485800297,78.84,0
0.9327385765813949,-1.5893678520991488,-3.8990985617228984,0.13294703246973327,2.380855801886544,-0.9436149201699898,-1.1829422186972438,0.39655616931228854,0.34957154053608663,2.559185830706899,71680.81000394854,32.91,0
2.9976717708644554,-1.3183531252325353,-0.6597437839224569,0.8563469110674955,-2.05418463172593,1.2236843170470897,-3.416412111953751,-3.2374183356637833,3.050363934934068,2.4972226890808855,71845.93788883003,12.33,0
1.9026508334964132,1.4261724932604265,2.118356936261147,-0.6789195072751766,0.5414624576236404,-1.1409083239937092,4.305177947632337,-2.571057290551804,-0.11452058440661128,2.1124579236935492,71911.41088546278,34.0,0
0.6249214218571009,-1.6923544081802044,-0.6148864779181509,1.9052478649443372,-3.481424234276958,1.0175365836536379,-6.873670540870083,-0.01919606203508928,2.3617383926432627,1.5357479219885912,71971.96583299029,57.38,0
-1.303607979823921,-0.899726583589262,-2.6779338457543647,1.7851420759078356,-2.1786836666898846,-0.5429555870863558,-0.3821867635495652,-2.4750946549977226,-1.5303652536905186,4.297743332132084,71982.57516174008,193.24,0
0.593301725017614,0.6044918013634508,1.6831864012963615,-0.21809416861897502,-2.372519677591412,-0.11332383690132103,-0.02959663047931361,-1.12041416859937,-0.2508925735936378,1.4588435695091821,72091.02272795881,5.63,0
1.6254650220214168,0.3764225167548282,-1.3815062562764342,-2.1245851231890196,3.283154894448481,0.06751263068630173,3.1608787786993484,-0.5118753442897124,0.3049558819194532,-0.9399253241297365,72128.62134410901,47.02,0
1.892783173937528,0.23740590775632264,1.0239815060766346,-0.3274070515276617,1.0950102677203262,-0.6374433091022275,1.0605654516716425,-0.7436320820443438,1.2654514299721165,1.3660068134695673,72157.95805563562,26.93,0
-2.6173973569669755,2.5550908464115856,-2.606958157776293,1.9416368213137754,5.47802505714596,-0.6466325056299825,8.339571672011392,-2.591458448032898,2.2074595493461433,-0.9154048546578288,72172.85687717669,49.31,1
-0.008291343662132133,-0.3481032864649988,-0.7860650053744622,1.0302038389680328,-2.381593751290325,1.3146634791227445,-3.6905711743945653,-0.6487594124287177,4.00247808732629,1.798080594346608,72189.09721873722,2.58,0
1.9037235497959872,-2.4562247178415326,0.32507292662959875,0.8619617021553527,-2.5683016920967963,1.806552368094289,-5.220034609018778,-1.3006683953861198,0.6406783406328056,-0.32915228544005304,72190.09995851527,25.4,0
4.32419210316241,-6.530137940004993,-1.2559435809088457,2.973610790287647,-1.2556329751104736,1.6665243308922026,-12.728877298942683,0.6355219257516216,0.6667215581141116,-1.0313618569538394,72255.41939453178,112.41,0
1.2188093801931876,-1.3161009229284424,1.576882145951893,-0.3005472098508273,-3.030467306169373,1.6691208066269765,-2.718497889775042,-1.3771772279338261,0.2494062627743875,0.2760233096065948,72272.39667101894,53.47,0
0.40030748862719,-1.2833451777798217,0.1733078605151629,2.195424058057136,0.6576503790039729,-0.8274276890142895,-1.6056481013902775,-0.1868509189390679,1.1576464105617166,2.2019019728864286,72288.09171687401,39.93,0
1.273841102003559,-2.9945207459855814,0.181570914698589,2.2923487137618475,-1.0724461113962531,1.4604387427912302,-6.038683683784642,-0.24073454062498045,2.2073476244258594,-0.14385916286899847,72335.33710588742,22.85,0
-2.0111607636406292,-1.0243059977723559,-2.9646379132973415,1.1970642328819543,-2.54411184316884,-0.6576518468348159,-2.987508370164912,0.4980461136424208,-0.7631740632913113,4.183420358974043,72363.54670135023,24.0,0
1.3964087783328998,2.473234984231525,2.760233118611489,-1.1965618374730433,1.522242094506269,-0.6554037039040804,7.814414359680591,-3.8661222649393108,1.480471808778029,2.47366718809597,72367.48553601508,32.4,0
-0.5078229123742579,2.132330515348093,1.3717186741992293,0.4538835906326031,0.4615112358552018,-1.5978628337023628,4.191185776684723,-1.2324933228617254,0.7396837309695973,2.633566675277952,72390.31767438588,118.34,0
2.1970182378084986,-0.7995937202367283,0.6330922349881434,0.5109068464526751,-1.5016303637554622,0.5469596038401219,-3.713969012922401,-0.5017249936857604,1.2634519542659262,-0.1774946149171055,72394.17814439574,223.15,0
1.6810024888751411,-3.7505234741275992,-0.6980316530027921,2.243102766376526,-2.7536412588873285,1.4322769522083014,-9.974295980950608,1.209131150447746,0.7888638313442307,-0.9876863161176446,72434.80095588656,38.53,0
-1.23982133622822,1.8645105284490486,3.531425966431605,1.2704582959816972,-0.07976169306643954,-2.5634180512678246,3.3410725447211025,0.5658546764375114,-3.684070280575204,-0.4606072857633261,72450.1430494886,33.49,0
-3.3160935863941523,-1.9034001652579575,-0.8519623487748783,-2.412963386399702,-1.1199540240761867,1.8782046663933116,0.4574057662614399,1.6511736715716414,-1.2798809990236255,1.6120022957017262,72480.61335582379,122.84,0
0.8445212238357698,-1.0557071904575719,-1.7931108109066691,-1.8044001409341788,2.29233288378094,1.1415028971345869,-2.456981541037406,2.8342287033603792,1.4481284027419559,-2.919864393181137,72506.89078752209,37.19,0
-1.7915768617257402,0.5622691910428952,1.0575964391399482,1.834421125308233,-1.3773381496512536,-0.43968899524003346,-1.345969812276494,0.9465739719170865,1.8941775934320022,1.5278873764218948,72511.61174901683,53.2,0
1.4740694433717814,-0.9427401431317264,-0.35619662353216386,0.6088350810254404,-2.584581221551716,1.2421990568798802,-4.344052840348245,-1.0327395728852393,2.0287884660192104,0.6500668408041061,72528.88036483394,18.07,0
-1.8423406727531613,-0.21800747226962947,-1.0567377306935801,-1.5075082500137484,-0.5398087976029515,0.3637273611751522,1.8527185304653013,0.1598128536851806,-1.0562160370427898,2.014431145238472,72791.66360921564,89.44,0
-2.0761936690871003,0.4272988178457364,0.8303861487808558,1.5873188402921636,0.8439756720410467,0.07764126365580783,2.0450811193168765,-0.4236511993921962,2.4251066942994957,1.377719762462561,72810.48999347772,746.34,1
-0.9100014684708242,1.3411873274232526,0.09384146000911164,2.7332700794817733,-0.40022095246222844,-2.416759181696751,0.4408947175437712,-0.35186529426454527,0.9385234355751902,3.590618529625177,72822.16234238364,108.62,0
0.8624189939221067,2.124087406680988,-1.3866788298863557,-0.7360514476171589,2.534485149268728,-0.14638397577433218,3.5853669344050894,-1.339796739430674,2.7472099402530112,-0.3936143636218783,72873.37616373309,99.64,0
3.2184607364517497,-1.7711365146200158,1.0653996231781233,-0.13278448581810687,0.13697486462432384,1.036604827467612,-0.0900775328711961,-3.32774128166406,2.2929522138071663,2.70229121561385,72891.90925151006,16.74,0
-0.9033425862723943,0.7753676008561322,-1.3861455330623005,0.05116252495900264,1.8770420919073079,1.5674039004918017,4.426022610394892,-3.098895429013862,3.286609649384222,0.3932945896813619,72927.52015005602,82.74,0
1.0874541467983327,-0.7915665240153097,3.520586892896051,0.5316854042535823,2.135494154286725,-0.44417445044293474,2.315119407026683,-0.47279289581810724,-1.4672486058029852,-1.489113487863888,73016.36841230403,105.63,0
1.1782108050034523,-0.5534380307857365,1.2143208422459533,0.26812645469137497,-3.3159027329880444,1.6434419095675505,-3.1960458084389805,-1.4852305947398716,0.7261366420658828,-0.7660744391485494,73030.32524395165,28.61,0
0.6389478151789758,-1.0191846550295716,-2.289168222117827,-0.5170617900098028,-0.9909364808410113,2.3106768233219617,-2.935756117936452,-0.8182462593543764,1.8333022246808754,-1.4645422112373185,73047.5084552715,13.32,0
2.1427805450061843,-0.8793728898371656,0.298231842083327,1.196002169570959,-0.5498253455846509,-0.1368658677904293,-3.313498968619718,-0.4124287958482289,0.6530814003264052,-0.24634519844364933,73152.31290967253,1.17,0
-0.9575801386357972,0.8137800741504717,-2.437447190098671,0.7351688385201842,-0.13933835340157263,-0.37396043559290987,1.8222832280853956,-1.9874023602688564,1.469849197108185,3.270956301524162,73221.97023050622,39.97,0
-0.7406951193357059,2.2689078080905043,-0.8283778600625539,-0.1254735590826147,1.0625970436652339,1.5920093484232312,4.946597646929372,-3.505175135029094,4.143724356047231,-0.20899925480365122,73289.7800010523,29.24,0
3.335713227600138,-1.380462941756325,-0.46667852756504824,-1.0918013516984832,-0.03053308529448928,1.2151860452688286,-3.286112094709603,-0.5214321546908153,2.51375141320024,0.1439911156868623,73305.5631978775,428.5,1
2.831373348221651,0.04213577460262585,1.5980731444320395,-0.4814407421487077,3.0035268003064592,-0.8090341269116336,5.432248130027963,-3.6807171998478436,2.216849580817274,4.180788015856718,73414.22564760542,14.54,0
1.2137334281216448,-2.9187020705731883,-0.6453086591796475,1.4586964009351384,-1.897676839590827,1.2467179822281396,-6.733354364646356,0.3164820081800128,2.50102723661087,1.6579146227869925,73476.89357228354,128.64,0
2.533484280209719,-0.550940345432952,1.854871475444758,0.47391301127967345,4.080607571287427,-0.7644157066148891,6.087021111121672,-4.11256251525953,2.133369038925168,3.7753392941041146,73479.43044363351,20.37,0
1.7446395011850415,1.0423087114961365,1.8362273872626815,-1.7214499247031663,-2.8959958041485447,1.451697673806869,2.185840639197934,-4.005545296552407,2.2643969556051102,2.9522443363206046,73515.41659291682,17.69,0
1.3192967106650975,-3.0930601485180227,1.3039152896210284,1.2824442477780484,0.7103057337857084,1.401726265446275,-2.63647261875528,-0.6888734460512288,1.1388780710245674,-0.3640186164576271,73525.24819262742,43.59,0
3.4053104548748934,1.1037043960443542,2.8693149995412712,-0.31200209067447315,4.334399652634132,-2.050770343267439,8.682000835235948,-4.58647671182969,0.20897527506876934,3.2697424358582845,73627.20873625619,45.91,0
1.700541004139791,-0.10021974014517976,1.2797021864717402,-0.2502069623244836,-0.32104611003459416,0.4772313015096082,-0.20330428478547685,-1.1821722842992437,1.1809342188811087,0.15102942102390904,73633.74991814548,16.74,0
-2.0545263576414046,1.5221092392645945,0.10671080630842344,-1.852583390685115,1.5848987597051627,2.080510193971739,6.3387553398921614,-1.9339852832097166,2.7936389389585443,-0.2997163487547603,73644.12902637612,21.62,0
-0.5869505016352796,0.5632950879771603,-1.6954427109590853,0.9071888211291164,-1.0334331590952885,-0.8508903691995672,1.1812923183853743,-1.936232168418064,-1.0291510640727553,2.468521985605653,73804.22587461708,13.09,0
-1.6757908202603216,-3.410130317774158,0.28511668684463665,3.6758226091452544,-2.003241027107939,0.9005091868489216,-7.144827667793709,1.6691461049234686,2.051442699679268,1.5995537535229918,73870.2180726823,83.39,0
4.045154750391988,-1.0078073099997382,-0.42807412110662635,-0.4890498754821748,-1.4726437693280487,1.6541060774724419,-3.326390436152609,-2.7753599356137277,3.490589368987715,1.098868543717989,73879.08797235737,96.55,0
-1.8565213099975575,1.1577778043461933,-0.11984725423683495,-0.8344566344542305,-1.2665200897869515,1.0125666863573337,5.2536564307649245,-3.468587229688754,-0.5454554005805297,1.8399998229731718,73889.51046393669,41.33,0
0.16105977555919126,-1.75779579526289,0.6226779509718797,1.6365629318780412,-1.0746807492642685,0.49820403428567045,-4.019995120495303,0.5683324835475223,2.0301172905310647,1.3934603053278105,73919.19750955701,82.38,0
-1.9571549356887936,0.8954412661444529,-0.945683310448991,-1.172059963265106,1.4100274607391705,1.1976845992457168,3.66799073280015,-0.44981147124179566,2.66758983804793,0.7080078001116289,73990.22082923191,87.55,0
2.7828704633971517,-0.844439360774397,0.44187390893827705,-1.133504695191958,-2.189896681049907,2.09731999135819,-2.1931076912399257,-2.545024540492943,3.140890888016276,1.4396563535427893,73992.89345914623,10.67,0
-2.9706473003332956,-1.0079172685406168,-0.16869122408906934,-3.4353850254223084,1.8070431434613397,1.398079163766492,3.4356817656148326,2.4538765143600956,-0.5254194079219525,0.541574357598764,74037.52578507185,221.13,0
-1.6084139793998888,2.903089897516253,0.7231903929224766,-1.3426169146166615,0.8188210139511375,-0.9565238202814191,6.340101857271418,-0.7483702705069102,-0.5585767942216806,0.8368707232782682,74079.70922645573,112.84,0
-0.344895202943976,-2.6346209573480817,-0.408180028460682,1.9542309346750242,-3.376490048837362,2.5162732905697234,-6.67173015010858,-0.4456147789241163,3.3646158036978737,1.0780720168700124,74121.58081672894,15.87,0
-4.200018084425359,-0.23900101892886938,0.5980545048732824,-1.0782050155123044,-3.0057131108157034,1.9321785676006662,4.634034752797874,-2.5985114194974575,-2.2512495777461794,2.503028597963279,74130.16793040317,14.39,0
-2.1062328605590332,-2.708543939168635,0.2960807207295493,-1.5735563363421248,-2.5895555467293185,2.8173539850989697,-0.0877487840136669,-0.9790130431323878,-1.5460605210575653,1.4677545725615635,74244.69724128798,464.23,1
-1.5485005020166864,2.268911864569764,1.0010978632052656,-1.5711619226715277,0.5573657010963754,0.8510187964969724,7.983528073046188,-3.364438480947435,-0.21115562749280636,0.2120484447289297,74292.0901730176,10.68,0
-4.370594611551011,0.41279290902913623,0.20768741750812536,-0.34242823159332814,-3.3714814906075965,1.106100487302807,3.0712842629349866,-1.458808977074887,-1.4591670454991945,2.878139763426214,74296.6766979532,90.63,0
2.7176605712597457,-4.42955948665379,-0.7180921905861946,1.8706776962453553,-1.3124383251120149,2.2308927775543315,-8.90946679460152,-0.02580950400131954,2.518964258622237,-0.5623356332689924,74301.44500011911,42.22,0
-0.2536678264081309,0.5937716631947751,1.1621676201557891,0.9085398302063276,-2.4632364021881092,-0.3578168176071695,-1.4579134654519157,-0.2265064307415836,0.5677553427167185,1.5208218210285076,74356.85863862715,100.29,0
-0.8542707709037722,0.4400976772879239,3.0815948865391216,-1.3865395045285918,1.3348935859285738,0.4616819560178053,4.990981694005169,-0.5362740416179297,-0.0497580985133903,0.16099477131630024,74377.8565034671,204.49,1
0.9649106747868017,-0.055278218853573424,2.3151200964371874,0.5622306079822256,-0.6857240390781509,0.19490144134833792,1.42704641441376,-2.265907125049377,-0.43776613974657863,0.25823195223746176,74395.46968626947,61.31,0
1.571024392949036,0.8574737121524751,-2.136939332811661,-2.6072184761602104,2.866531273101648,-0.868437787360051,1.1650897375672666,1.7335788053138854,0.9254046737489138,0.145833358686433,74457.36408876006,76.37,0
0.2642776088485528,0.560479712197419,1.3847466704440783,-0.18241610875619152,-1.6371832893759266,0.1577252698189869,-0.4136601867412428,-0.3134542813663186,0.4643548297018216,0.4681468291106057,74474.2461046976,2.2,0
0.7900021583748641,-0.7556462694851082,0.5094112209011481,1.5623313610754768,-0.16535850835181642,-0.6635594850788563,-0.37448013553264253,-1.4338701754726,0.36216820427463436,2.3123840453018576,74517.2126999812,25.29,0
-1.4048738440007913,0.4551014645339331,-0.8228550447826114,-0.7058759133892663,-0.45310770205357564,2.022995447712174,3.560084895128912,-3.0344525142035166,1.4331458350558213,0.59891218290251,74528.93485572732,67.02,0
-1.9261858249712414,0.4619858467563601,-1.981371389525781,-0.4230334564098861,1.1009277342375465,-1.0587735405545562,2.3756996994720794,0.6651256069801399,0.47946600044860876,3.599066224164545,74590.7695884886,1.61,0
-3.0691781192542256,0.5222247408807226,-0.7257263145896244,0.1817741246366682,-1.9838109401636954,-0.8360614193501071,0.9482287866957659,0.6525573887083518,-1.7406928223563218,2.955208455212631,74640.09922135761,3.18,0
-0.283272321883712,1.7170010882323496,-2.2722489464603317,-0.10853944316880748,2.2138099009218184,-2.367320100139011,2.5504412216175103,0.6612457491634356,0.9896524903907076,3.1329767178715784,74652.87068833063,125.14,0
-1.0554623251298902,-0.651270992910902,-1.1045325655330542,-1.787771723776662,1.1708913649276704,0.3945557138523809,0.13967505327394394,2.2415884339832206,-0.33888929841280224,-0.2314643586986651,74662.88537275707,75.89,0
4.425245766650708,-5.6110439068481455,-0.4904797621600714,1.615453099561678,-1.7936674691218406,2.944491005036057,-11.10756402851622,-0.34493721093640706,1.7517557653709774,-2.054761837575189,74707.45362016161,21.05,0
-4.228304845573845,3.2971184814752212,1.4501332167522838,-0.26420192476562987,-2.799680074023328,-0.11667575977138783,5.851352894275388,-1.6416387794421974,-0.5529660846126792,2.17065553869302,74709.42792249842,76.7,0
-2.2659343507856926,4.754869329160007,-0.4727750062713253,-1.300621334123797,2.929486651517212,0.2198543756047698,8.737602486932342,-1.661620938896509,6.463003279925978,1.7489590651631612,74735.6333754468,103.21,0
-3.1726889233745212,2.7072248043962155,2.182943359550306,-2.104495555185637,0.8208008262512708,0.7192977146652906,9.015372573555393,-1.6011241081545764,-0.46917807460509575,-0.16979880572838502,74775.59470420497,24.82,0
-0.9067230637387522,1.087506099974424,-0.36300328800605863,-2.9327972776894367,2.793655773358833,2.1946997455662105,4.045726773030801,0.4258307165492996,3.5798256878701515,-2.020235579325243,74782.11679475258,3.39,0
-2.064447863949221,2.5854663596076306,-1.1754863888587397,-0.5557211654952823,2.8338325917995024,0.75176054477853,8.524107525035358,-3.48298369182608,4.698380498403956,2.7723667906930434,74790.60518179629,176.49,0
-0.6830039236773608,0.20131224362449518,-0.5677670841095939,-1.2385308566125166,-0.20702885771397317,3.789910237839137,1.9289650433202916,-2.6716207483695054,3.3067193217027637,-2.5643678611481167,74904.00182017362,28.52,0
-0.36727782647613405,-0.4655297575862476,0.7017574166150742,0.49620316633925377,-3.7246903813781946,1.0684547716734112,-4.451204299227453,0.5679763468985672,1.4511541755919364,0.7409246931568141,74923.10656691575,8.32,0
-2.8542266212692646,2.20692409853861,0.594739192197075,-1.1970448934126523,-1.3700985756425856,-0.11835485854957116,4.416028308764405,-0.4301823624494663,-0.6831778934942294,1.532893324935328,74963.65010282431,45.0,0
-0.2750200855784516,-3.5235896845890897,-2.132912320920606,-0.4846106071057592,-1.6687115709068157,1.3934153402747236,-4.123053477762747,0.49427257936643887,-3.122809511995876,0.046170188404056955,74968.2298693862,96.1,0
-0.9992946779789047,1.8004197069090346,-0.050020204347561936,-1.953501794819655,0.8129958275444098,0.6586302460923549,6.436245403843267,-2.447155548721046,0.35533549577273404,0.9299787761240652,74969.56498832174,17.29,0
1.1728077342283652,-0.3761410966381966,2.7863922326556825,0.8532558393893985,-0.16693443355169124,-0.2665004796852199,1.7811712948477327,-2.257383580581405,-1.0323698087974456,0.5725365852346833,74998.54647484564,87.87,1
-2.0015544519175186,-0.09150398313739483,1.2311656167055767,1.2753272825179975,-3.519020418126677,1.318076664745726,-2.812769771152132,0.20955411981666106,1.6660979723041223,0.44862256800025246,74998.82408407352,19.07,0
0.3939675034223913,0.08400611733089702,-3.3148166663237153,-0.1932890947997422,2.5051881700137706,0.3018907953337186,-0.5160754662633895,0.5019485663697061,4.0479541805986585,0.8322741859470952,75064.89352434217,312.24,0
-0.7258102099731338,-0.34716654781645495,-0.24284118107245567,-3.110658658621699,1.934600389058093,3.0263221928292716,3.7308581137424333,-0.7102222624202508,1.6827678766790153,-2.1856458600321957,75098.18203638539,15.29,0
-1.4344546589469718,2.259206809270948,0.732940253014255,-2.113907374834791,2.0417486229744775,-0.3714016276630871,4.965901792656747,1.2418063485786766,0.2736575022801617,-0.9267505902904367,75138.16411072735,56.7,0
-1.1682830852469939,3.64260656862261,0.34151010185426056,-0.978621006736915,2.1058161868853515,0.02950758640640678,8.283833264277813,-2.800658788355561,2.5589573721105294,0.4290672767564503,75268.79679967482,169.6,0
-2.6550462744081806,0.15703504262629875,0.23049532011154428,-0.4267317178860661,-1.1352521575167396,2.0766303354091655,7.259986801191712,-5.536287664578101,-1.123041957052529,2.1489287048309356,75362.66423458273,11.33,0
-1.461806630872206,1.1910504204974668,-0.4946575350788567,-2.286295592997906,2.6966197419662112,-0.17603066218947191,7.7128219999354535,-1.4271887648438977,-0.03349111166256935,2.4411349414202896,75446.93199204278,230.8,0
-1.1628265983014658,-1.3293372175905502,-1.8792585415734753,-2.3819352175928565,0.051273903874957116,0.27823809180287723,1.385825069266096,0.545296918704453,-1.8372735462931788,2.9279274160827047,75487.80141190303,192.52,0
-1.0255194072303175,-0.002571192703892722,-0.6568810567074796,-0.5625026549343133,-0.08050396711416519,1.3075160367184406,3.834144108840221,-3.0390025311117923,-0.4176341973997806,0.713591774938485,75512.88904301928,141.34,0
-0.9749448169248863,0.7598506270643708,2.6988577923656827,2.2142709977733492,-3.1427103348434926,-0.18451805444312203,1.057588794057635,-2.7774373040484956,-0.5382709920198456,1.7437589358867405,75595.66652570038,241.7,1
-2.17374588727733,4.400680990901122,0.7188692092033802,-1.5842816135148232,1.5548381447490098,-0.9118525689084008,5.7904115795619155,1.2273558654002237,2.7605390492403648,-0.012196113986148394,75617.81983677173,66.34,0
-3.7386003674864914,3.768230289897644,0.9495085936234569,-1.0388875804969548,0.8065410462660179,0.9535676098100152,10.941350742153825,-4.096144910743845,2.8634051831275347,2.5438062608435823,75627.87750400956,94.0,0
-0.3735262817327335,0.6280652350592828,-1.6833728120724567,0.3291874484022903,0.6427050125436089,-1.6132386089118878,2.882953863543924,-1.461070960989912,-1.527220730800026,2.9556064093552976,75717.26436931393,278.6,0
-2.3994654637039945,2.5924759986738533,1.5838725957971116,-2.8483912259085886,1.1915235205705608,1.241919111408811,5.309819429844821,1.2035079561771074,1.5869803743329123,-2.254657869957314,75792.74443596123,13.93,0
2.6075054489892833,1.426188987760412,2.3057220928414237,-1.9099833850293688,0.06721927071452583,0.6532584724377443,5.3597196083006775,-4.451952588347956,1.5236063367156727,1.8277981340728642,75854.26149793391,95.42,0
1.0693310898804116,-1.322051534639857,0.2879466792647001,1.3063206893536834,-3.430041178613988,1.1382751159187545,-5.593316527925884,-0.5566307878603021,1.328056532421152,0.41876386643918506,75882.51220093374,27.89,0
-1.3983382860370084,3.71567795317841,0.09424018389436295,-1.2653944700476092,3.6993652341114127,0.9612158633330806,10.255665530226418,-3.6548737219431713,4.843455801979124,0.41921345763370654,75885.08831431171,13.55,0
-2.7229984930783497,1.1843334696502659,0.5834947982707082,-0.8481441572539267,-1.2780204086185174,2.761627004595701,6.402749502955779,-4.51762832058588,1.0648323191324744,0.43282220677252414,75895.59189595116,36.56,0
-0.21395298768131787,0.3321024659567905,-2.144786881051901,0.4937945344364527,-0.15460969742204766,-0.07347754200181811,1.9837565131759485,-2.729037671398829,0.2824129848604747,2.392896179739296,75929.18221920134,103.64,0
-0.7900198126795401,2.2642227611167667,-0.8313114880324002,-0.931008715263213,3.3213999937712195,-0.6691104324819168,8.103983885582798,-2.572973025233528,1.6058995803024696,2.2061334528196195,75947.61979576686,85.69,1
-0.7143631692785901,0.8137466198599737,0.10465960039415445,-2.054570729847409,1.6597508654742024,1.029203738603019,5.9041544817547855,-1.9654493910321746,-0.2599575776723986,-0.2977437039068451,75987.15606856659,51.13,0
1.8474199777687228,0.031080427336209526,2.0317352279867222,1.1056489626278865,-0.3127964186694374,-1.3597761172740594,-0.4230296987348552,-0.6439679062499608,-3.0342035990036056,-1.5069473436874943,76058.35091820311,347.5,0
-2.417651619254241,-0.37386190133511454,-0.5889678646501795,0.6063498842379254,3.5434700823267167,0.3033483962567082,4.9861176345529685,-0.7660678024612746,0.21519855357197748,-0.019789440816853965,76066.38684670877,312.69,1
0.1869627709429562,-0.18099102310934345,-0.08782143250709007,-3.092873189447235,1.7890261949128003,1.1234279934453235,2.4583376906271575,0.8115985391147515,-0.9639560172754906,-2.1143480678964903,76087.8866940507,63.11,0
-3.208216511425008,1.6152785354904422,0.04530032546632179,-2.6326720723752985,0.1721124397363043,-0.008413771266831502,4.875965430195924,1.2423980962955752,0.06790927722348616,2.3423973887347644,76108.26533398687,30.54,0
-5.918023317465842,4.193882592886242,3.1754651372876355,-2.7533241956521453,-0.836759342738256,0.5670048355586644,12.033496408444375,-1.6567499360015758,-0.3890013318562229,2.397462465438868,76163.80267092583,33.43,0
-1.7481876447021425,-0.7680831766632443,-0.6383802479686477,-1.0339731277627415,-0.28974144644296485,1.94313843445241,1.8190397252095896,-1.0406155664225565,-0.04577871859864002,-0.0973033640132519,76296.47063731955,78.32,0
-2.572791263811733,0.21702271881940804,1.0486016644712766,1.1939835164136077,-1.8218766172079688,0.7087916159396457,0.13543239577735494,-0.2728462202473628,2.4646057694173154,2.479433180004259,76396.09559265562,181.62,0
3.53881882528745,-1.3783012767605927,0.6783802492974287,-1.0810872811412087,-1.2442072321022073,1.9693960032851585,-1.6481410297479593,-3.005818132462537,2.480568215077315,1.093620599355612,76428.36958195618,51.81,0
-0.05166044250404389,3.488919071587715,-0.6966335083001842,-1.7886054711124837,4.752481099593024,-2.229290363203652,7.241318859625079,0.5704654102377802,1.9943949843816617,1.261737482519565,76471.86495998803,96.08,0
-1.281157845601066,0.6651852026212011,0.7337162030776495,3.187809154998952,1.1052848622864202,-2.9840117877542984,0.4902219968273938,1.028354737649332,-0.14377896122515588,2.6034828515375357,76515.51799475783,7.07,0
-1.4730156984824991,-0.6761842159240092,-0.036057630994682954,-1.830386932831186,-0.6058521742367038,1.6836435923974322,2.697476049062809,-1.1447900745705013,-1.7494516342529436,-0.1894831799345107,76616.06648472363,16.42,0
0.3537303903736275,0.8606822294997556,-1.729828949099586,-0.26752989106080327,2.102015829146194,2.900360535864687,4.001866431416192,-4.311208076851493,5.186897274436667,-1.2351904848734412,76680.0378958299,46.33,0
-1.4299958631068654,1.8615232233835401,2.4313549331643154,0.4507900048825866,-1.1751074766851177,-0.7331741084283645,3.3311701388015558,-1.0044598329546135,-0.050274063526163815,1.5434274615544248,76709.28173870209,2.31,0
1.0133727342024503,2.385097232626597,4.75887053538545,-2.7091442429128474,-0.13278640594366864,0.26114263874471444,8.967392391663498,-4.1760874209652155,-1.2599107671563319,0.9195442625060511,76730.75986214067,19.95,0
1.9347489085431036,-1.576057366911939,-0.9789867139206221,2.3605093901510914,-2.392232700628437,-0.21412415157925999,-6.173799141004319,-0.7119909268912352,1.738560173160871,2.3878883012603485,76948.7480644606,48.36,0
-1.8838498345735175,-1.2221692253352665,-1.7519697987164513,-0.67877359877348,-0.046109580564011265,1.824751520076833,0.0902942223145959,-0.08304575826891414,1.246718115146503,0.8078184742530844,76989.59517459874,1.98,0
-0.8755057450537183,0.6752865302777973,-2.310633125760355,-0.051888663940473645,0.00920950797743314,0.6509856378381895,-0.6071212126808281,0.16507861354831088,3.1262851169129156,0.9232899296532651,77051.98766190211,20.97,0
2.6701035837789533,-1.850331733061111,-0.6742762105726152,1.222425306610551,-2.323346745096231,1.1217669197196916,-5.751800997237134,-1.4865926708447708,2.374069550217933,1.2110370097233103,77069.79756713475,47.9,0
-0.5283573092730742,-3.3775108641039417,2.867812468703177,0.18386393707990567,-1.5680073867874964,1.9580624668232196,-2.5314728302493608,0.24602201791430334,0.45368162163569037,1.419743975473153,77141.2924341934,286.35,1
-0.02503245951866484,-0.8281806693545157,0.6840612442116116,1.3701595421802673,0.37434464058758476,0.1493746554054771,0.9397747199747818,-1.8765010825684154,2.631972393983983,3.525809300414838,77192.27031027232,170.02,0
0.23283129969776795,2.4952274801142194,-1.102142369948411,-1.4789640994791444,3.3686614239976556,0.3241075470499852,6.299304142866507,-2.059803393038544,3.564175607776975,0.21440663235977553,77251.19796975031,68.38,0
-3.202179933793025,0.9610279707357899,-1.3873604809853566,1.2859874523450174,-1.4561992649200204,0.24683714410293958,0.6463274154334794,-0.37451843214866676,1.967663570461342,2.4118215059796895,77276.5989992356,35.82,0
-2.0644877853252295,1.0936513181116176,0.12186601309067613,-2.108836110891045,0.6901306895258504,-0.823666945477493,4.572429335613062,0.9019455213681358,-1.9343642541694956,1.7598424055585054,77312.85698709296,174.18,0
-1.3298616125654243,1.1996199744436655,-0.12988143581100142,-3.602947443844615,3.368506465847503,-0.4834738161783132,6.170064920210923,1.6805309374600244,-0.25487973402317543,0.9941958726415124,77357.96791092028,100.88,0
0.4655076703318134,-3.2485873883340775,-1.7783943177718977,3.471559317090397,-3.4258819716661235,0.638643833712131,-11.91792191235503,2.6386348140754934,1.4242063670519585,-0.36137273775542567,77469.53276783615,15.51,0
0.5229812735176953,-0.3170592547744455,-2.8242361153018996,-1.010581070401519,1.9429025586783863,0.789294395104795,-0.35331823996415745,0.3510764210940198,2.7942917787400443,0.26579464898541916,77491.38619785366,10.11,0
-1.8586523055897843,-2.662067956290898,-1.3252169519120218,3.9348944618875694,-3.1297092655558845,0.5609406632687575,-10.519862643685133,3.598240890899544,2.0350512538154906,-0.05425055599345652,77519.91702894495,74.22,0
-2.167612692253323,3.2706531492420554,0.26612298794505707,-1.8348365885421418,2.302697625031373,-1.604633740193647,6.552966740829068,1.2407187682812708,0.8845961638650318,1.6570824216040485,77534.2579891733,54.35,0
1.682117909573814,-0.7901985772014237,1.603864129348568,1.223970700439287,-1.3854605420258987,-0.5239761976976827,-1.5735440581847058,-1.336007309922202,-1.4455885115597638,0.450123164813204,77593.89909832575,102.34,0
1.1717790397113923,-0.14370964170643674,-1.1282638743528814,-0.708044499265643,-1.317811866211657,0.04687633954619941,0.1880175499544414,-1.8877918082686094,-2.7377831670385575,-0.10078019518355763,77647.63542445014,88.26,0
-1.0472907589744986,3.144184964594944,-1.0937517392597795,-0.28978093698932417,1.2798719410789032,-1.228078438149108,4.357402093387795,-0.6065415607988707,2.4520077007477568,1.9538777600517914,77715.04477545331,64.79,0
-0.32656295893645293,-3.655226190149235,-1.9806109361458981,3.7050743661413037,-2.0310581502848555,1.8553006020995024,-9.062855376164908,0.5573376998069255,5.027975867870185,2.1604242404771616,77722.78731632454,280.26,0
4.351845459252154,-0.0821379881883968,1.9704853194059668,-0.8337704967216772,-0.7092145310151641,-0.01377575486229145,-0.22663619677960156,-2.577180034813235,-1.0093238271960532,-0.7690479027727677,77770.13289285172,50.57,0
0.14764040223953767,-0.26926286002952926,-1.4403854574414499,-0.8655255502236073,0.6169438617416275,0.42703390785463796,2.0510904417762057,-1.5989260841786812,-0.7355809523208547,0.658310543966468,77803.93373349145,8.8,0
1.4827034781273913,-2.2361881212980617,1.0757313849824215,1.6285930935003141,-0.9369705857235557,1.3517031293077097,-3.684157833143449,-1.1745610627402059,1.4975984276458039,-0.27716105584637196,77820.6491548553,115.52,0
-3.5843130465160895,-3.3420237935330177,0.5151947877253067,3.7965211172554243,-3.0051355142493903,0.7595057524198361,-8.76144106848763,4.171360530164978,0.21932066940361794,-0.22092724137130215,77824.09778541439,19.86,0
-0.9621424183670492,-0.5977113889880141,-0.9349954721385948,-1.1880426108138993,-0.6145623702833831,3.6987596556664593,4.23461966252673,-5.0458837685222315,1.5593281228255753,0.0710099262931605,77854.02658158416,98.63,0
-0.18339509345863658,-3.7376895922036266,-2.5902817216338723,2.8191532564824318,-6.111888652618125,2.5436131379265956,-14.092805936736886,2.098586946540573,2.833219191450052,0.18141254277602348,77905.04337863403,205.69,0
1.4357823678795825,2.603118161080711,-0.6628601937351689,-2.04299332320612,3.8446581286505475,-0.6506693021850625,6.89786868174818,-1.9546135791388435,1.3205662420651894,-0.3108944900764641,77974.15867447475,78.57,0
-2.3765938173996224,3.668630308805354,1.3357686331252818,-3.2954373146286478,2.8256529331140303,-0.17642225663618893,8.793820804292357,0.7059683467298903,1.658688659874309,0.028831341328641957,77983.62273145525,59.92,0
0.12113846170122944,-0.18961017928026536,-1.6375291294543406,-2.16296675046363,1.5437027885737362,1.501520245539349,-0.4253891612287224,1.5146055333493815,2.2453620050222476,-1.5924880954559253,77999.67780416792,41.1,0
0.6459324919390333,-0.0939394037642649,1.8583334964988492,1.4066848287049507,1.054950603839914,-1.1328002302819118,0.2836142238482488,0.13987118988169445,-0.5254815215724351,-0.35896274034485787,78065.4548857932,30.46,0
-0.5406857954662394,-0.0440698111163671,-1.252091222019119,-0.8582825701283754,1.3995151350836124,0.3836959116135779,1.1150565292429915,0.4648156368018088,0.5720684286110347,-0.23061016293728054,78139.99208737761,29.3,0
-0.11056257798074443,2.4871622331311674,-0.9192467399956725,-1.1674174733323568,3.5498933118679905,-0.889846834603187,5.094951640993776,-0.03710942845817233,2.431311078984641,0.24494216765529342,78143.26018575867,66.76,0
1.1416043783226633,-2.8470198041912864,-0.47259519022001184,2.519093232920523,0.7188851998059178,0.19428169683555122,-3.523101108141068,-0.749626323785903,2.76500325042945,2.908825492091795,78160.59956476226,91.44,0
-2.873684636535201,1.5234581525496653,0.4079281580795697,-0.18386108391958933,-0.06899523719453327,-0.8821453219510016,7.071911241443033,-2.410580832107969,-2.2120932130753834,3.166516898102886,78181.54838772942,74.76,0
6.374915512619675,-4.122995743404113,-0.336443270291084,-0.2964580415778566,-1.2444181158231693,3.007046205128801,-5.995723307862115,-4.0981276832908895,2.8350629131006957,0.46754547884470943,78328.31064445917,15.38,0
0.6762509299794772,-2.6905831700771046,1.5302475441095713,1.9374127429944457,-1.8184508481201296,1.34726852735482,-3.6322268586283175,-1.314308367817159,-0.07487259417711001,-0.04138732103419107,78414.83275109286,45.28,0
-0.04847759084731218,-0.62988976904146,-2.7427695701899877,0.08727830954124882,0.3086784436397074,2.3231201765627363,-1.2703975121060707,-1.400651260116515,3.8987468299699986,-0.4081997134863202,78449.456655308,102.95,0
4.862675992562648,-0.8531725574387474,0.618674123058792,-1.1069700997962482,0.5970765920835521,0.7604205683871501,0.34999626060496064,-3.6852794129313238,1.8730542503668852,1.335228060397655,78451.48014268866,42.97,0
-0.09185172379611872,-1.796353790621653,-3.171539877814902,0.11500978243380366,0.7687559857370302,0.20145464329185936,-0.891371707461726,-0.5491104529202884,0.0009658500837501638,2.3097045606436835,78510.8891060908,51.0,0
0.43885035060493016,1.6841117212859875,-1.0103802145870378,-1.6150794899539576,2.1795832907810047,1.4180138917953244,6.307277879839513,-3.777242238155861,2.6652506899707564,0.04227153441218545,78516.40341196123,96.85,0
1.530643582602079,-1.9954620955068587,0.9744378578655823,1.0106449455877147,-1.47012506614626,1.0086737243679105,-4.108281178748642,-0.4289584799790662,0.1588340034234228,-0.7429716763508567,78544.69599187121,71.36,0
4.268181767356878,-3.5704349890508422,1.799264873119889,0.7175869582650962,0.5711471979531981,1.1632500283674163,-3.1236186270609725,-2.1689645036472958,-0.4753476434989323,-0.9904999262386669,78579.04705353086,35.22,0
-0.7471255709163191,-0.10859935514884445,-0.5341426251246573,-0.8950570675532565,-2.327410123341571,1.1665505541634607,2.5661204659090884,-3.3267455644667794,-2.3627963639601295,1.202382142258759,78583.27839309983,147.75,0
-4.55739528693825,-0.5673167465086029,2.6001158340795754,3.0920554587643907,-3.0231894566691575,-0.11181934781675203,-3.6849700768541247,3.332821452776674,-1.190466297672109,-1.0080612135084501,78653.72017157583,12.53,0
-0.12597828069225092,-0.09064234719835962,3.660950839962175,0.6941197339818181,0.7614834790689384,-0.38661223232878106,4.189460730684384,-1.9474030762070011,-1.7099356713548257,0.26956741092805814,78662.04176133525,352.48,0
2.4206999626611596,-1.432668501415332,0.21796528658121483,0.975477186867355,-0.600943283911328,0.5946278374040919,-2.7117537881484033,-1.698882762485794,1.5891846280043065,0.884041735573712,78737.4868813712,9.22,0
0.0958558937503291,1.9424197962826897,1.1908067991130225,0.2973485763654029,-0.4219061090341263,-1.0168878746388064,2.49479549968419,-1.2409111170813718,1.155509378228966,1.9424122883523496,78808.8932727038,1.98,0
-4.102319045822318,-1.5791347332784693,0.5897865763218918,3.4987839894879658,-1.4290729102728905,-0.45155187828057697,-4.076050264854755,3.09919747411214,1.185057091167367,2.2153803121754505,78837.66874751766,144.48,0
-2.5065348123799494,0.01332558934449668,0.2507772606060361,-2.522055846909087,-1.0967042281444082,2.6022088518347033,5.229571673166368,-2.52671798162249,-0.4825353598285038,0.9327261788869753,79090.491771526,19.26,0
1.5023981685653518,3.795331116163057,5.553256265250695,-1.777638502771568,2.7339862361029126,-1.9658763151477137,13.377603962105068,-5.103104468765139,-2.311153277752574,1.32788413913516,79130.13023820003,86.03,0
1.458344465750952,-3.9770637603338286,-0.9617381799035201,2.259734507655221,-4.384867847481363,1.5348163663765657,-12.710411795948817,2.4263857174715593,-0.10963257677034521,-1.8163496967383446,79141.66715581715,109.3,0
-2.4185728799448354,1.2109931839657089,-0.7280815032851928,-0.178715175318372,0.13266999916501343,1.648660041054173,4.598734855979329,-2.6667423282148315,2.7358053468984895,1.2741933657060867,79174.69402830784,128.33,0
-2.3492168522149015,-1.387990181090072,2.317309905614672,-6.414495464979574,3.0978183747652137,3.040811892990849,6.042391086416145,2.738510761123034,1.8607157180933345,0.9534384892674892,79186.09947693408,29.05,1
2.405669323173896,0.39883020809851266,1.8915786517644213,0.8660527049822851,1.692950966617445,-1.8587445244566283,2.9682608158269335,-2.220563099686836,-0.9187283638647255,1.4966922372558233,79194.35085615184,23.63,0
-2.1747726337779256,-0.01564570219519479,-0.5586086131932096,-1.2826958517222091,0.8062626652829689,1.751783269592803,3.835256252917278,-1.136847008325413,1.1427941590559025,0.5187606239517905,79198.31714473304,81.52,0
0.12520446057095858,0.9339913982247972,1.805171171668198,0.010753060434781192,-2.31218168386614,0.5531025385960157,0.9757000643375956,-2.0024316491090994,0.5485600866504933,0.8836020418014667,79216.95008991248,8.97,0
0.8829165278790991,-2.480182814323573,0.5238014735771337,2.8133408049391115,2.0354056419370483,-1.1062186089668407,-0.2948728412655015,-1.3287413363422753,0.6277847579049776,3.4328936107756305,79232.77593479071,34.95,0
1.8452447369326817,0.6253520056906186,0.8389916173973502,0.7592188581497097,0.38357195936664,-0.4897648109133874,1.007768944605346,-2.1028486882667714,1.8720722487753276,1.4731402443589914,79304.92126793055,123.44,0
-0.8492908990862684,0.2504840579069785,0.6136736290042559,0.8012342450037302,-3.7172914250533444,0.23674629497145847,-2.960810956313678,0.12151143751605287,0.8396296702035231,1.8124888167025268,79336.63122393846,30.79,0
0.7442216874399685,-1.6439583037478478,-3.478696874802522,1.4151694544673648,-1.2762085871786857,0.6119765855361975,-4.066823026393082,-1.3144861452352274,0.44986587914981324,1.07485920403552,79338.65867797156,59.13,0
-2.2468812366919004,3.5561089775262853,-0.32822704700230954,-0.8297888900655508,1.8072067156871023,-0.4851198275676594,6.263011058998539,-0.489578935711675,3.5098088285417033,1.6081871433529176,79356.65084875435,46.55,0
-0.9897447604518866,-2.02554882102494,-3.0117295176970664,-0.8732380191049884,1.3892852061303702,2.3989098602593093,-0.28824406312301115,-0.4520527315434806,2.934817331072448,1.0520183269364565,79361.02607153136,68.49,0
-0.6597297484542533,3.164222750336754,-0.06077676634004969,-0.5288435974888297,0.9017796482018763,-0.08205643657268563,5.8660847327048895,-2.5505522514672383,1.848758301058652,0.28247613724981513,79392.40158055449,235.52,0
4.046475280102635,-2.7133174570910548,-2.0427978372735534,1.5010081588560977,-2.657629525979642,1.2582133109234184,-8.568609139782929,-1.5866390585770338,3.712639494154344,2.240220813816923,79416.12508651406,4.73,0
-2.2939990284682708,-2.611419982076212,3.8567388563472895,-2.209520869270526,-1.0835329882458833,4.267556343592425,1.8112939324209945,-0.49319209579942846,1.4704103068164645,-0.18756446348556666,79430.08960557987,56.46,0
-0.5896755743495056,-0.3999795733215692,-1.964998486379871,0.8915829675851934,-0.7057823695717216,-1.3448785372269008,-1.251172484094778,0.3545912044961821,-1.9133813708560607,1.9961879803493467,79453.51322733852,130.22,0
2.1374152527230104,0.9864301785338119,1.5007825172338336,-1.5137815447244583,-0.5340942880678647,0.17997387605311527,2.834962771641603,-2.754966760914363,1.202552664542425,2.1355277470890077,79549.90926369287,43.68,0
0.7667549280381813,0.15575589238617216,0.9443856287351744,1.9877351512271089,-1.0121580064915379,-1.5131422945411237,-1.1830225607099234,-0.6985602691070851,-0.28554256015331636,1.8650807008953205,79581.22512897139,6.32,0
-1.1443110293657717,3.1300327396078997,1.7976727091714362,-2.9015046118841408,1.0241202547418873,2.8030386556272155,10.48237306871694,-5.106072210454041,1.9702161986585263,-1.6787144719636151,79622.57111605501,54.44,0
1.0872085575327204,-0.7682392297447327,-3.13520666239089,0.022394847792188255,1.054380313993084,2.7145680920895034,0.6109364206820688,-3.8398261931584043,4.047186061620502,-0.1047083519718437,79743.30588715406,27.23,0
-0.6795368619681353,-0.5570669325818276,-1.6755028088547363,-0.007658243329995207,0.15174398177510418,-0.28619319775437696,0.8949156231421167,-0.6702069884383017,-1.2416151113521732,1.6577308536692348,79757.1315797397,11.94,0
1.7489147254359916,0.9139713569708845,3.2076004606409096,-0.18918476534868245,2.0551094837518695,-1.3256245107312752,5.611468527340151,-2.515908937857234,-0.7448630256495283,1.3424995469310497,79784.54965090698,123.9,0
1.6227498295674714,-3.485627540363435,0.9033651057207371,1.913058553696851,-2.178571389898183,2.026529964034834,-7.362341138977193,0.020654388732441742,0.4173110131780168,-2.130544452336473,79834.60286970613,48.92,0
-1.5595780518681495,2.1714310696750863,-1.5404298839101895,-1.8524764427137845,3.6072323463507496,-1.7032516289238473,5.640584955697606,1.4442475823556613,2.0770589053966573,3.2959958457799305,79884.67294090493,176.97,0
-1.0286375496058797,1.6584107796788174,3.313202751708197,-0.8532337692305205,0.7167403884852881,-0.3038645784135812,7.1200209359764965,-2.254314344292478,0.4579683381120514,2.4787676933315,79925.99894780795,107.6,0
-0.5562820498114583,-4.0900325397595,-3.1141481736665715,-1.5051333820449293,0.4739297651210923,2.3741546956297355,-4.0368845566934555,1.7779704601987807,-0.06821991477777334,0.12819352576466858,79941.24692455385,77.75,0
-0.34084184132335427,1.2657759861255942,3.724314910546778,0.16686903542497977,0.8501452197795423,-0.9002366878686082,5.748009634690567,-1.9181638868047914,-1.249036342688587,0.7500518364161979,79950.3445553,1.33,0
-1.3544103799645888,0.40232219481134834,-1.9172553703889985,-0.7787799448256842,2.062776566719187,-0.14688922141582966,3.5505715335267074,-0.4219666164079945,1.4913411871289481,2.570114608351189,79951.066963708,37.29,0
0.23295539412149302,2.485630024519169,0.20940447255950323,-1.5920629038834289,-0.32443535253175226,-0.3231721743657703,2.5271540680772375,-0.27637117271807976,-0.4283584544277832,-1.2688653407992603,80091.7707687389,15.3,0
-0.8361881672988367,-1.8282369504310916,0.23929584605318277,2.073369636246801,-2.018373567000777,0.19873868138646889,-6.111470831028718,2.3111444026399806,0.258190379787823,-0.2068132047584217,80127.08437362891,158.1,0
1.0801725675707745,0.31621777665149065,1.2380959076000597,0.2440250038959635,-1.800893017714484,-0.2741640548799347,-1.7617794805695732,-0.17556561154845918,0.3315996450384022,0.6119001549537155,80167.3419131711,13.47,0
-0.46078280601032673,-0.793476521213879,1.054958560898487,1.8177320536021762,-4.241474384409347,1.4502244555673298,-5.473120431103528,-0.0261502254115783,0.4043029177962856,-1.446132751347803,80167.5336997445,22.9,0
-0.5248303800935274,-0.3597761531325796,-3.2095091254186765,1.1155573952739406,2.9327937363767855,-0.6227325687762835,1.990299411331653,-1.163192596440674,2.2564586218530893,2.9701667614916145,80176.03744323814,48.28,0
-2.666673619936928,-1.8554332520770296,-1.8328009309268891,-0.07976373387781588,-2.1950989920223964,2.284859869217678,0.6190184159410921,-2.3308564459518943,-0.19241539280629172,2.7237657773138286,80195.64355356547,20.87,0
3.6270327296470697,-1.5575513552617792,1.303493658605451,1.2800001955599059,0.6236964963893992,-0.11220916670947575,-0.4075995362629282,-3.2817577927150063,0.19548302269413065,0.9941753579048697,80220.41621093807,16.31,0
1.7627074286526052,-0.309195384961061,2.046789208965414,-0.9137075486800657,0.8146647984135074,0.7655694456253421,4.026485196028854,-3.5643368694536615,1.769390376022561,2.7140349103074537,80353.64462856669,60.41,0
-0.2702041344305013,2.4640794503158294,4.4917038211175555,-1.355314083725046,1.2102905008174472,-0.8598139654289947,7.847245660596793,-1.672946025326373,-1.367106745429822,-0.0603121123212178,80387.5298026265,7.05,0
-0.1270984315569429,0.8246695216361548,-2.1993752678429175,-0.2342292435122484,0.9195880014480261,0.6052924047060947,2.022651273642402,-1.8317802630038407,2.6247768903353053,1.285035771516307,80455.33753328912,4.9,0
0.18445034394695847,-2.3425186905259876,0.7935701622227338,1.132212348195543,-2.4963220806163475,1.8578728781737819,-4.975348790252773,-0.08335034543052977,1.5126800382380587,0.1956087338070056,80576.53855600068,31.26,0
-1.8079418045430442,2.938790709866783,1.9797867354351304,1.3170129702743925,0.9268954645411436,-2.6491263869162496,6.1160981702604404,-1.121275858997177,0.9941834112524145,4.249886825763856,80578.3258610214,83.9,0
-0.8284837458929667,1.329625793421441,-1.0111374247609806,-0.40584446549469166,2.081537201918759,0.6911445012698769,3.1744991422092994,-0.7246363418904134,2.8930905530000457,-0.48422118664245617,80644.57128882577,53.6,0
0.44014754809981227,-2.5819371189544773,-3.863682546737427,-0.3679131292076607,1.2269400544092928,0.7779448543626521,-0.7314654345396423,-1.2670164905359877,0.2902390196117882,2.7865734535367963,80766.9811439775,36.73,0
-0.2602131242660197,-1.6223279606071503,-1.3510470060281237,-1.7372069692092915,2.706358361283053,0.6850751956401488,-0.22011121642950354,2.266139387177534,1.8340900406174874,0.8818204560777196,80882.33257168533,178.42,1
-2.223401159819189,2.479433122543953,0.5335896114680025,-1.230690772171991,0.3417510018949921,-0.3120217438700745,3.495850985894225,1.2027428520813626,0.7296953039798956,-0.23000632562061418,80984.55893658502,30.56,0
2.5860442756305497,2.0204588631074634,1.325377975842714,-1.4927844747134946,0.10094210791175273,-0.6689320403560931,2.9527877249869294,-2.0665484089917547,1.3709456971569391,1.4722358045201793,80990.17801257086,179.83,0
-0.8027576944547927,-0.4588378745068531,1.9171215651826887,2.364160146109816,-0.3488915605866908,-0.5959965700073474,0.3882705892997007,-0.9366246370425608,0.1676657799269985,1.5595497359559705,81003.10443226661,4.67,0
1.9027287574578866,-2.6335651383297005,-0.43031440883050354,2.506519002895769,0.7838153029512824,-0.3000200534318314,-3.0944755148421357,-1.3129823337173305,1.9169069267601668,2.9362705304099443,81061.72606902159,73.73,0
-1.0418093600318694,-1.0478075395140567,-0.9720132574096927,-2.3276504092497285,0.26014106185216224,1.9933758781555544,1.16982299429869,0.12558505967408773,-0.03023475385716723,-0.36367479002846004,81213.97273769144,145.24,0
4.3065151047174925,-2.608253407102784,0.192904006624547,1.008520586303251,-1.136572922488282,0.8533968153783452,-5.084172372906285,-2.1305488400694004,0.8442412545577718,0.29508383717140063,81381.93162072195,106.89,0
3.473933471170028,-1.205504908640235,-2.54641308019875,-1.0319650496538801,2.8714753478476345,-2.016551153397691,-2.9027006588543447,2.423058105540124,-2.7920994397889385,-1.469718606382901,81417.81293559037,14.22,0
1.4201136016501839,-2.1006516816627014,-1.176057181540306,1.7756193260945583,-4.794751932645401,1.2101431020357252,-10.013535869958382,0.7948469912253686,1.8491619679726687,0.5775167197030682,81438.42252640284,23.81,0
-0.2177105270616183,-1.6700670810820997,-2.644002999020815,-1.05148068339961,1.389061920922107,-0.6884584977810303,-1.0412388059529571,1.876464912799729,-1.3362727243417605,1.9541785893534929,81488.36538146736,83.06,0
-1.0917391678656654,-0.08298256073379151,0.8543323082386437,-0.10945084110578351,-3.776445756439675,1.4037653197954512,-4.128573132337862,1.373660198102057,0.9760917122930733,-0.6405504020394654,81573.16811500787,6.72,0
0.4716970777782872,2.1812400678585084,2.6177601272778843,0.9116538313607918,2.5608033508034933,-3.0019553184668295,7.276349685804102,-2.28090003154043,-0.9911890515937671,2.9927327939161232,81598.73906798483,109.59,0
-0.34859293258096313,-0.303611226592557,-1.263654950239328,-2.576985746443269,2.5241725846591265,1.8978347688286008,6.276957774756546,-2.9763618121585393,1.0315459642880076,1.1342748903133484,81610.29575936325,83.49,0
0.11033059166377002,3.342037408983755,-0.9891979672426494,-0.5032374519601548,4.127360305523218,-1.6237469973821883,8.058210874883345,-2.2841130315732405,2.405384986397554,1.7737859743370357,81646.85174512555,86.01,0
1.6858492894623858,-1.2215331420477225,2.236302893028287,1.1075817334929297,0.9872409348045332,-0.7314676699860979,0.40287550884865436,-1.0836710280635091,-0.9409384972007842,0.5993904651807567,81770.67187630107,7.87,0
1.4439277784459978,0.12357138596616268,2.8398799701871824,-0.9546014093671136,-0.25386659789030697,0.016487845957993966,3.8527588707517744,-2.921409784976144,-0.31544529786713493,2.3997185000925096,81815.92199088175,83.22,0
-4.110552562986975,3.6447786293110207,2.551393572741698,-2.9523143959658134,0.0356518219403511,2.41342528260105,10.851682047958251,-2.9207140836635634,1.9968621143528476,-0.1729948093698761,81874.33834716518,75.03,0
-1.1884471097779352,2.3162308882000406,-1.025423501714508,-0.23310458204708073,2.480451729647924,-1.0190148601005142,8.812951072469792,-3.853371915202775,0.9404055634708298,3.7656072588007294,81893.58683606255,116.53,0
2.7101926329805783,-1.7703749911474542,1.3073026756963375,-1.3011651160093507,-3.0888505870725673,3.2666039910950304,-3.327566568559787,-2.6197827221322623,2.980502898519612,0.43307871034376777,81900.57143742434,3.76,0
0.4220576488230965,-0.005307121890194777,-2.3950172266794647,0.22179848141773317,1.092678710251888,0.7367934899733424,1.7064215986280382,-2.63460603867944,1.7756187729425403,1.0321320991610878,81937.23766628979,2.52,0
3.606691099901403,-1.8907198460002768,1.2385591348538258,0.7482252957736524,-1.4875219653749119,1.1878126963678732,-2.725736216795069,-3.248342069409522,1.5446171861974651,1.2381272729586146,81944.21663840974,31.34,0
0.3807778867103946,0.031054092253005594,0.43554889607452196,1.0177216440162011,-2.336331707881784,-0.6238554960565518,-3.3023982764714552,0.5630832992593704,0.3171101624461571,1.3087223145769165,81951.26762481758,11.47,0
3.358474064404262,-0.9892896691489789,0.6815769575385241,2.2117452425483615,0.9241884593876803,-1.2327766669993652,-2.295573469889109,-1.3618137780749693,0.2542703955382388,0.2289495941266746,82016.21532956784,54.13,0
0.10837200046653028,-0.47029304261496085,2.8775431070878703,0.18037745597868604,1.103648241997814,-0.041526224808113944,3.066149950117761,-1.1288418156939841,-1.2402381160660951,-0.24429668052085884,82174.35527772365,163.05,0
-2.1854126787058643,2.319430963454998,-0.38295885518857453,-2.7534508007798975,4.595794221858208,-1.0080441448825475,8.927099953758386,0.644981352961105,1.7539577236970612,2.6762598729835463,82183.02194684303,33.29,0
-1.4190186965663365,-0.514507334181964,2.1116511308110644,1.8194741952167155,1.038120529689892,-0.7310496584793372,1.3267035696030212,0.33049363014530453,0.23151944123195078,1.1666469281135055,82255.93275492286,122.16,0
5.403247604439234,0.6728697262440839,2.177338757787747,-1.836138054814478,2.2248792015043453,-0.5570531073470291,5.654514653192995,-5.1483624821988165,0.2797310111571314,1.8154507865958516,82261.50950000442,1.02,0
1.1764178377097108,1.8540310588872253,2.702474295104647,-0.7098710668416399,0.5888098508447761,-1.5950821660555163,5.5585086214129795,-2.3595858244117496,-0.6428484716222354,2.629278550049133,82310.81471442987,13.0,0
2.2559858102446215,0.7618194533499203,2.5556851713724997,-0.3555687607355278,-0.1474930315771733,-0.4511185016734614,3.305128345257076,-3.1772923153079136,-0.3098986706474671,1.3905325504486281,82328.31124020719,3.01,0
-0.5983901060138401,1.6025869916281201,3.0795751616930302,0.5696564508087639,0.9850132622491263,-1.2581700415971007,5.219534619731371,-1.4200634626085924,-0.7691426851115217,0.8368437677776203,82398.5513253188,26.85,0
-2.556222704328575,1.6714289546649894,0.4339785360270756,-2.6189049504514643,1.1403926488574667,1.6739995827791216,5.427320330872824,0.01669290590328698,2.1598700064526932,-0.32400622506207344,82408.33839766521,156.22,0
-1.2288491473196586,1.0776826209078503,-0.05801504584604866,-2.6225233855310313,1.6316116917387011,1.3513503264548357,5.0365451457106065,-0.5566388806158198,1.1670510746248293,-0.4237700285149375,82486.14879555095,7.63,0
0.8600036121091271,-1.6465156563025392,0.2953255883168939,1.2879749310008268,-3.0974763748059995,0.6309616872742176,-5.89565028835611,0.3990097095365859,-0.19363195058374671,-0.13137303529657296,82802.62845441751,61.61,0
-1.0853883090247187,1.6128828137421194,-1.873690865154074,-0.7098627978768659,1.9167085090151477,-1.3830512101926402,3.9748652872538717,-0.08112371016816,1.29344306325476,3.2874350411947315,82922.50718851545,40.04,0
0.9646762681840827,-2.4086305883324,1.096309203669997,1.704142282612886,-1.6238308627115963,1.1164741538635612,-4.981785359349925,-0.021472490235287855,0.5483894525853973,-0.6385648212683497,82933.43063911895,182.23,0
0.5086884146050339,-0.4997438592418446,-2.5491810435598152,-0.3188404880738138,1.0037540936192504,0.17371177637779453,0.5175610841538297,-1.138072920405017,0.5802250390771292,1.3219028272078346,83031.60048615283,9.5,0
-1.243689028659475,-1.9534948824821752,0.30692281390833864,2.0054368119727215,-3.6532185200204523,1.5423301868813601,-6.940174342795306,1.4584155021903933,1.0743162302527518,-0.5658800025410575,83045.36056204478,16.49,0
2.4484203483428217,-2.600329308814151,-0.8545299218316056,2.075157331407998,-1.1022179862632697,0.9962787406617556,-5.8449150700039825,-1.2905020356791197,2.872859896460274,1.4372600107801288,83097.81733299996,2.95,0
-0.5103292587408323,-5.179142696866175,-2.8440175020131564,5.21625625166471,-2.3124304314241,0.9739637330911096,-13.914119048377376,3.2853013014487775,3.7317203474991048,1.4816738507664238,83112.11537232218,37.99,0
1.8259549761663285,-0.711035313864881,1.0769225222734191,0.6278668151137472,0.5362122379554324,0.6354867743841498,1.572080562055375,-3.3776668547149904,2.706476020229531,2.6832859468482804,83141.00960051247,22.16,0
0.20784140531251583,-1.5439901521459758,0.3874287945584822,2.4966013897109223,-1.920343165817493,-0.13914843909705216,-4.870227096961651,0.394421971803393,0.32264667404542013,0.7315975871420468,83176.26940258392,133.57,0
0.4544617069446002,-0.8057839214432092,-0.8570405445602703,-3.3538211610402917,1.3970962482875309,3.9515125708152445,2.4989728479551587,-1.7439269378425974,2.2758938054138387,-2.837197281229727,83207.06234136866,61.37,0
-1.624525678525253,-0.2543491459043654,-1.6175676800626178,-0.5748418120067975,0.9440882529024148,-0.8050704234439138,2.0145180802083673,0.570515922188845,-0.9270576610602044,2.741173597085627,83296.69484176787,62.89,0
-0.7792315154926854,-0.487366693575528,0.26778807278153116,1.9874328059359718,-4.454570172939364,0.7569702754760421,-4.49740985063288,-0.7688053252529995,1.4779269840225402,2.025256619089441,83312.42669334868,50.34,0
-2.333588670379106,0.19385760715878242,-0.10613435853047615,-1.4061528186430907,0.1962157095186028,2.56216872351792,3.891884251687328,-1.62763392327618,1.5979103159947678,-0.42915210153834016,83457.02109634939,7.26,0
-2.0319858235366324,0.5941585376067158,-0.7549990806756909,-1.2323531822943812,0.3596402981637157,-0.8282429959214714,4.07300879931972,-0.13496092417375438,-1.6229328136972523,3.0265340364085067,83469.25973817619,39.27,0
0.1974735643932377,-1.8062326680055136,-0.7183472395635853,-2.0963061795071303,0.6689963266021253,0.5276242773527282,1.4867172942776703,-0.42082118881823005,-0.4439885775669066,3.365793489384041,83493.65318060192,202.43,1
-0.7182630913933556,1.4575358099785978,-0.23507753088652872,-0.9347559903004807,1.1269910990864118,1.666289902170037,2.955182878955432,-1.0881017740048817,2.7172416060501696,-2.0469228865723093,83532.80493615974,118.21,0
-0.2422257623975661,-0.062090213016168794,0.21777385623859802,1.8986905421478064,-0.24700102549886827,-0.9324928242030803,-0.930870168483547,-0.21394690167439234,1.9082849839666243,2.8503870810648513,83556.68775320299,146.55,0
-1.6520343056736815,-0.6332030354884206,-0.9768467069204583,-1.0432220896586906,0.1280715471982038,-0.23798553149378449,2.871134930085048,-0.4872812738096819,-2.453632747244841,2.4386104425774136,83633.36282146031,113.64,0
2.419055385156277,-2.059777969098766,0.8212331452094523,-0.10583503363216051,-2.542538684225166,1.8618500376011957,-4.862261324353052,-1.0074268216760711,1.3271291330961181,-0.028943719190374306,83638.75492962504,8.07,0
-0.660836069126743,2.2672400436513724,1.2505278705502705,-4.399259918397226,4.5976274715912115,2.481882335880817,8.225114068678806,-0.13639970678786584,3.521770206459554,-3.753362870303869,83648.51764592284,17.77,0
-2.3295703398397647,2.052353423703929,-1.3575624984129373,0.2908459060851716,-0.3230653259203713,-1.2314742261951281,5.869958449521904,-2.8038185447234456,0.23171456114360134,5.194488603067267,83725.57184100848,1.2,0
-3.245701027024135,3.660747197278859,0.7704873649433095,0.6326589829737503,-1.9117904381118236,1.8040316270649557,6.035882804707588,-4.135668228774833,3.648021363388866,0.39213981312295576,83728.16554982588,24.51,0
-2.6148859675618916,1.3684576136051925,-0.44129676425655495,-0.17408610770275912,-0.3215999534046148,0.40314879653678953,6.2894735617974025,-3.3366794590679087,0.20725896595313753,3.099659404323612,83755.51841607211,8.47,0
1.1449831682161307,2.0478704077183982,-1.6138229876195025,-1.2429177726612095,3.2326872940999447,1.2283172405290697,7.325349998599285,-4.87351921943303,3.8555331624132814,0.5034134924935689,83824.35724446454,42.61,0
2.3429177216347927,-0.27107025242427807,1.9418938831945298,-0.6387821555616047,-1.652992022949602,0.830130619526691,-0.0012746245029697856,-2.515852845487172,0.35671561149587494,0.6999653458068767,83909.90010114394,74.48,0
2.135942358389423,-1.1971990543240292,0.18842415145226377,0.5262877305901008,-1.457355854804684,1.5103658063949825,-2.4257328444980186,-2.472335344358541,2.892298274535967,1.4030480224204593,83958.63998739707,50.16,1
2.6035719789203493,-2.107161832015696,1.1609063496815553,0.5143415691415816,-0.21145133521267834,1.0410834116825678,-2.2994706743262103,-1.6123051670877628,0.322011312407951,-0.47463865207601863,83980.8853282258,90.91,0
3.6613988191894036,-2.8748268709729845,0.5983764098672946,1.0331025156199019,0.10044891526739463,0.8321235420165444,-4.598691858935638,-1.0692768904614556,1.0383778398188594,-0.31651332082556083,84003.34784513888,182.36,0
-1.2750158283653734,-1.5260797112129167,1.1472960625057702,1.6954843015233656,-1.3658287110894096,0.9709353443194719,-2.2642374530981364,0.024294418906207094,1.5822980272628264,1.2529086306653405,84096.39307818866,4.6,0
0.17551141428855588,-0.20213179452893315,-2.809437396558036,0.02731463999630135,2.1784926796115878,-0.05453831406490114,1.8835542005284038,-1.4165333526418853,1.701160555588754,2.0149037710706477,84164.29957191212,1.8,0
-2.595767092550404,1.919523704901431,0.4799920278895504,-1.6901517172221288,0.49163041705717214,1.3430423353513885,9.149424398300791,-4.073351970227637,0.6698676563215618,2.1489276861534554,84199.45318848877,71.38,0
-4.547112873939774,1.4118667677488907,1.0422341562430395,-2.5444457201218675,0.033384683527735604,0.19984073339262992,7.849300335848147,-0.1311277394436492,-1.43508898808786,3.194631623672906,84228.11105751595,23.2,0
-2.624965547281037,3.3751769435999193,1.9963655550385266,-2.9940162502102976,0.5754953812576941,-1.353265988856894,7.872098535990955,0.8662703807691505,-2.329670952026482,0.9135626193868867,84252.3022667608,20.0,0
-0.26893416413253435,-1.5777197642119152,-0.6124712959403367,2.542196973660687,2.1489670971877413,0.5372146317020177,-0.5269810346785667,-0.9519593733424896,2.03164664346975,-0.2267951322136299,84262.08551049404,75.39,1
-1.6586384430144492,2.528425227230775,1.1641148802010433,-1.7118789727522645,0.001472894390293189,0.5336346614268886,5.1266326485452245,-0.7478800486101173,0.07638649336733638,-1.0486132338324352,84268.8694577545,21.44,0
-1.7635664521632002,-0.8579019799434806,-0.1454445807664535,1.336859378585031,-2.6616794461490985,0.7377007116540311,-3.130468792245864,0.3693636946361929,2.539609682470944,3.147736187984827,84297.77024440536,47.56,0
-1.0023684766393433,2.473157541216594,-1.9509300287148803,0.33899072056838464,1.3402083378906475,0.9424969589446311,6.067392616476102,-4.475833681493516,4.98602754305891,2.5773488152250605,84301.17879047543,38.71,0
-0.7696434023691154,-0.17972442679160316,-2.155141815807891,-0.704742015371474,2.042570964027276,0.10807836492623019,1.8704353195169077,0.06688326099306119,1.3987247699975751,1.5878702928398747,84368.06847736327,47.69,0
-0.3485516253520631,0.6484025410945435,2.0322513389622356,0.0445840158048062,-2.2129479932943985,0.25952605913709875,0.0504389032990338,-0.5979577866494351,0.685866505895528,1.2056534871387443,84412.04532363165,73.6,0
0.5188946934944387,-0.5009072931223384,-2.2207107722900363,0.06040740133759015,0.527632690191961,1.516791461406025,-0.5962836968741247,-1.515588340757155,2.032518219973604,-0.7471277858571013,84437.54330192624,32.82,0
1.232224512955506,-0.5856951010066227,-2.8833321896655195,-1.6123432583852781,3.6007966836597998,1.4670439168120857,1.718247069039927,-0.9056982003434536,3.480448859470394,-0.1994557637514076,84472.6890683958,19.81,0
0.8911506684907365,2.1266414484521308,4.237278762282408,-1.5655051070817372,2.3931745728066356,-0.5896376178890232,11.057324796166041,-4.889090467107085,0.20402803342485454,2.975802800561561,84481.5453337356,12.81,0
-1.9373112739598342,-0.8085974161566787,-0.42510017578430936,-2.1463862311755793,0.46038002561016755,1.7894026972742942,5.047677296640746,-2.067359276089287,-1.0872820753334995,1.4582675886116,84567.03046385854,28.95,0
1.2709989397608845,0.07196203156137515,1.105963544049263,1.2724038034043599,0.9771015005386299,-1.963997264327794,1.6951795932826328,-1.3571456958374646,-0.2844565268123571,3.0687087132150466,84572.63371753467,89.01,0
-0.07250400263170076,-0.38535186725182347,-2.1695253824273086,-0.12632423073029952,2.2650987264541325,2.0369469857755167,1.8860740676028962,-2.0992385432695713,3.6271955757870757,-0.523320043943406,84577.43697596289,92.88,0
-0.9910058466543068,-1.1527635661997322,1.1760411873262133,2.6494894279203014,0.6949009298952569,-0.8407905595605287,0.04603394783759531,-0.3746688515029415,1.231836868291164,2.997899789369982,84607.1070422823,72.46,0
-0.19043594076891146,0.8723663197492371,-1.7573962399515142,-1.518167609988296,2.0240896927466654,0.6883598973493169,2.025634198721092,0.17331432683323467,2.872311058229993,0.1381006620172549,84861.34203741094,18.33,0
-0.12711764043441542,2.1337025680747472,2.957712108604317,-0.6310251766300601,-0.925869173456496,-0.5726864042204791,4.147197142758978,-1.5806739014366635,-0.04409964317140824,1.2225717353808179,84947.5376769203,58.65,0
-0.15315324841167388,0.9193707678837011,-1.918296602563668,-0.08827123989956542,0.37659584351684494,-0.04374515600304024,3.5905256386839133,-3.1029867824534003,0.7522755916183708,2.5418566537163754,84951.22322018864,55.96,0
-0.2311165838180289,-2.513610772010715,-1.9360652412345183,-0.5863960698527879,-1.3941495871577345,3.2229295703248675,-3.623376269978568,-0.5082193909420838,0.6663566146794163,-1.9431601347065315,85037.6954441442,44.04,0
-0.9066647486752543,0.274033032127991,-0.008909606751367538,-3.350277637275296,1.0417596091750327,-0.5869232792156441,3.7458212837660922,1.5123635967169755,-3.0790799770974786,0.8884078866384307,85065.61359422041,52.9,0
1.0508513106477937,-1.1395876007215564,1.9539728519505366,-0.4224383178878832,-1.9657843559095065,2.7936402363859885,-0.5261055449475742,-2.8459412982096906,2.75789044453143,0.48637457383850324,85073.84294420424,45.0,0
0.8743300971319585,0.8885739414044052,-1.5892677892325628,-1.6448578669477596,3.399375590545762,0.41842422766127485,5.850346516253831,-2.7061293655692573,1.5710623988257608,0.774148589828324,85107.05749189969,55.17,0
1.889674653479934,-1.6392112723927301,0.7215389552347401,1.5004651978943877,1.0362827355585544,0.06452862957383125,-0.4167219603393091,-2.100970932118617,1.7991492549933712,2.107545952987852,85110.11378742919,82.71,0
0.5480177257707817,-1.1252883373022202,-2.3149610218494603,-1.7685844327316005,2.069446272106239,3.95844409582561,0.7271905981910466,-1.845453999846856,4.830884085692369,-2.162441384057745,85115.93542616982,8.55,0
-0.5996427962559174,-0.28802964737134396,1.1546469552406087,1.2433029169462606,-3.377524604736345,0.1421859805648922,-4.030141561902906,0.8791639994598628,-0.4025792474534413,-0.054752539025536784,85124.40664196787,91.01,0
1.1016750446770451,-2.486846747095875,0.03304470815918825,1.8770950857645126,-1.8625724268319162,1.0101561046657621,-5.979640563122209,-0.024927709985805624,2.236562440127364,1.2755278551385638,85125.61802146047,10.49,0
0.02707765253244765,-0.41874087512434555,1.2244069908411388,0.7104781103664387,-1.6113156736265224,0.3813404113234285,-1.5413461583551875,-0.36792743244660175,1.255594577975583,1.3577782255964905,85159.22420727208,5.48,0
0.14851792707576372,4.846674848780557,-0.7594656579997917,0.5264323248113258,2.553666788593269,-2.9937523713434526,5.415569858875585,-0.6371517137015781,2.4545398916071237,1.2593005156188641,85167.00019251878,243.65,0
-0.08059158280583867,-0.2945429826456367,-1.8044049032380935,-1.0555242053579854,-0.16321096527638113,0.5866502123216044,-2.155169079981525,1.5680221960380925,0.690705791066536,-0.5825804399241163,85284.8490827725,205.51,0
-2.2611505349329946,-1.8787968962942316,-1.4812631806499872,3.41304669387146,-3.909722031280904,0.599292916861614,-9.677756052973198,3.183011099186319,3.0237024527320857,1.4992282415521705,85327.87905176672,5.05,0
-0.7084957641458802,-1.0351016570715559,-0.28014320060024045,2.9611994056830127,-1.7863909525702777,-1.27637584494162,-5.440997546187929,1.9121248785903373,0.8852468197078364,2.2908725973021022,85331.06619095728,39.07,0
0.13544243770037034,0.7116732514166748,3.236047765765543,-0.1797201386804701,1.4804040734294044,-1.0376205772236649,5.118223627562076,-1.3359674326649364,-0.978655087763437,1.2825869696093235,85399.91088485182,14.4,0
-1.6751595204840197,-0.12839100768769263,-0.7614497525274342,1.3113260431912939,-2.8488077112481736,0.8823954289484199,1.8738959414486007,-4.052657906870146,-1.756706978253979,1.8341452719262779,85435.82865260608,44.18,0
0.28875274256198513,1.3056058756322058,-1.0200948131545216,-0.7708204379931438,1.5009269270815777,-0.8474736057414155,3.649826153503355,-1.204641424531149,-0.40649981310630556,0.8065463469829004,85561.31986801476,116.24,0
0.31343539683432875,1.24424119769029,1.9622210712236803,-0.764692978948543,-0.9675858664685016,0.6274750638569386,3.197332388550562,-2.45219470019694,1.6026588397872228,1.613322742700481,85566.57006722748,196.52,0
2.2536382928002956,-0.7435433111653316,0.28787148560646647,0.3357425197083753,-1.0497628676762953,0.4323232614545458,-2.782500072145563,-1.0288519750489125,2.829770373526097,2.018447413155835,85620.8994404311,66.38,0
-0.3939760208022367,-0.21413252608375677,-1.217768626274661,0.11606891838327593,-0.9709265554385633,3.2845179637747526,-1.591843838515026,-1.5748620680030854,3.385892283841744,-2.97531803596374,85687.32702161159,29.39,0
-2.222036171637365,2.1931675168972795,0.3527113207044259,-2.178743677936315,0.5788380570735643,-0.6382250969832634,5.542576730172102,0.430661498247902,-0.5771657105599861,1.6212390540279442,85753.51249807207,61.1,0
-3.0679856346914636,3.710401867116387,1.027754946134003,-1.1873125987762703,1.385611636814375,0.2015150844957323,10.274004914365594,-3.0673263285661734,1.9069007858715232,1.928864549859382,85772.08751637363,25.31,0
-1.5884085548151523,1.562080801710895,-0.3993899972483925,-1.1271046129465971,0.42027088763242015,-1.536308133860146,2.2312926953471117,1.8734313332939214,-1.1163321226408494,1.349167215768989,85788.4871269958,157.39,0
1.4687744350508132,0.4233936993656775,1.5604644582173937,-0.7619804937895909,-0.3044156319841993,1.0476471119661093,1.6787749784250086,-2.3191111905115447,2.4612161830743444,0.9881378361287523,85828.96906294116,133.81,0
0.59770430225797,3.944360427332489,-0.5394089052848837,-1.7245075564784293,5.253851668060017,0.4117059248930076,8.621577916333507,-2.327486358968108,5.6956677784529255,-1.1744968560953577,85841.31321086446,54.1,0
-0.5234869089497456,-2.2989630706861877,-1.4962570484785096,4.03760458804242,-0.7298287057793116,0.2198558891287591,-7.270730979687411,1.4152971878964054,3.758990480441698,1.3546958448019737,85875.28984612747,26.53,0
-0.24411106114938963,0.037374976256819625,-1.4370534976877773,-0.22483444708945455,-0.3534349518794522,-1.8337968393736253,-0.6989541150696473,1.3898359443413995,-2.871368046684083,1.4866689361453345,85911.79922065623,23.57,0
-0.4815374440815394,-0.5260801779216461,2.5030851837552475,1.008404971688169,-1.1484537506085704,0.23547357154498516,-0.10558715236447672,-0.49490233724534693,-0.3815778073262641,0.2443773519535668,85924.5418182042,3.21,0
-2.5863660859297957,2.9672302689675716,1.3797186692550691,-3.512867802141669,3.218842019432553,2.692694092516363,11.856324042863102,-3.2517027906394755,3.818885805042267,-0.45471117819022266,85974.88645084646,110.97,0
-0.6916353350208166,-2.1335971209568427,1.0431651675425455,2.9823230789274384,-1.7134033781303546,-0.5069978055925283,-5.923457246006519,2.1737289687996504,-1.1718137383044658,-0.48819804768775765,86022.00138832536,39.9,0
0.26410983130353416,-0.49510114242584424,1.070498217583209,0.574062659543995,-0.04058504236335403,0.7256685120846551,-0.6476122036535457,-0.421045996466782,2.0227355064400965,0.29567495482745754,86088.21980310242,26.56,0
-1.1241463133052736,0.25299593776269647,-0.6220968209570181,1.5599104950894351,-0.6988715551711051,-0.9182712197109375,-0.001969955397746356,-0.39486721111618606,-0.9847542453526941,1.1234942334679907,86098.5818951248,111.77,1
3.369882609538736,1.7898195424810672,1.9740870203142042,-1.451117844054267,0.7358735148062301,-0.7876826899015624,6.8839194079959665,-5.48992594560286,0.6890577963067541,3.770496450937041,86117.9511293821,112.01,0
-1.2827236690687949,-1.970569990561415,-1.9556017035696822,1.8951768087142056,-4.008895931894504,0.8513122837348738,-8.483075213823716,2.1429002150758336,2.419898622014434,2.4183620697585755,86130.8119749411,9.65,0
1.1134468064621659,-2.102339841729919,-1.067802743182745,1.7192750315776149,-2.708094239859958,1.082064219917176,-6.3050635170341325,-0.5966238120935883,3.0185597464370004,2.5343244893109036,86207.87291639432,127.72,0
2.8993114686655144,-3.405870573488595,0.5244101838243767,1.0774329045924962,-3.1849649552176964,2.8211290919938645,-7.173907600419669,-1.889767751359598,1.4349677250143846,-1.0347536661023677,86209.17083181077,149.07,0
2.323988761248528,-0.4628241843957792,-0.45959086220154766,0.6008839359915438,-2.26125932742857,0.14318687780183756,-3.8897154230222415,-1.155947979958759,1.3890068230849635,1.4415985153248538,86419.48355884114,191.58,0
0.487002572708521,-0.9442214910781641,1.4603370188045033,0.0010601776891030479,-2.1063254566655365,0.9448235966267242,-2.3454044712687385,-0.16477318513109007,-0.04404722629036839,-0.10504167103180961,86462.11230604888,33.93,0
1.6363927000173601,0.8280971786424789,1.8341792557009264,-0.062284322875628906,0.864656430474843,-0.7330477521064315,5.453825337580346,-4.173469235773828,0.4908717595794818,3.4375426678775525,86469.31797872277,16.91,0
0.14021455265931548,-0.5404234508294644,2.6706786905276476,-0.7035207763744189,-4.074166420355739,2.221821017749871,-2.4647135617875535,-0.7283189262832158,-0.3156429101082405,-1.5585202983932605,86504.29709553346,31.41,0
0.6088121135011931,-2.0124481092687763,-1.4010754080504668,2.1533027555119864,-1.7269420299381113,-0.3354650808797048,-7.704320299997612,2.135046305870145,2.475038798442567,2.335046424554821,86507.8735225682,27.31,0
-2.517297768629066,1.3007050196641017,0.24953096849669842,0.2380297416514816,-1.9403138599475,2.7175895110974317,3.690485977056753,-3.7825083565180933,2.0722514200555278,-0.4738185918838156,86620.43139132604,13.6,0
-1.3703478491028753,1.6705458674930216,-0.4833963081125232,-1.4128821599198602,0.5802804176102665,-0.779514270886326,2.5202713564899946,1.3065492489660988,0.03506701531748824,0.8439628664219232,86662.01572194809,61.75,0
4.131262236884462,-1.0664919553754963,1.6612340704762851,-0.7804367266313483,1.0148054720967878,0.14586956721341243,1.701842579960573,-3.48431864058651,0.5326204917886477,1.8536182158276162,86662.30354850875,43.08,0
1.4696314901787826,-3.572582618858924,0.30853495715866286,0.834330727050478,-2.0905571885332925,2.371785916389099,-7.889568581423353,1.059641893794002,1.3263123037980002,-1.6843085581978294,86779.29778523871,131.5,0
-0.41185002462547293,0.5610665387709404,-2.003100082346204,-1.4986483418172425,2.5249649560152037,0.5943869568254894,1.8579800546918614,0.7030051776422142,3.0806435705355146,0.4303833225356879,86819.43522234984,3.12,0
1.3636737415825637,-0.5801864462659545,1.5894238002567482,0.6012857774377707,-0.7919273179698945,0.5275524584021704,0.5007049148138368,-2.5730398716170537,0.4871223069015086,1.0534686488445535,86843.41801288284,68.11,0
5.397262147957223,-4.056102994096446,-1.3626508760271898,0.13771994263939003,-1.8956361609378711,3.1663934660567983,-9.174712616880441,-1.798759520044797,3.852248199060235,-0.6103405775417947,86854.67872648654,94.57,0
-1.6887993137821469,0.2614005838608605,-1.0482919202440215,-1.3840048085462155,0.3747867969484905,1.9182971622462952,0.4973523494660368,0.8760788765119139,2.8256427930612746,-0.7918131189277602,86855.6896885772,93.62,0
2.3827524088893446,-2.0756810693401135,-1.1602471766108677,3.2161414490355806,-0.16588960225872262,-1.007863249014369,-5.93437496851029,-0.16426898720692718,1.5000190676188307,1.721761483615019,86862.93521394726,142.19,0
-2.644357380549592,1.4147396226873559,-0.5639791867362558,-1.6781493563805039,0.9036798708146141,-0.6865757981418127,7.289892225198291,-1.470566283485378,-0.7363209343101982,4.3233007224560325,86870.0834079804,85.87,0
1.122287204486434,-0.24548844757747756,1.9574599106460466,-0.3997439818872761,-1.675279484118407,1.4830191734439357,0.9401302068247308,-2.933223853765634,1.7636248397896792,1.5161499167974797,86932.90669475573,171.85,0
1.336759305647992,0.6101324363162093,2.988645550694124,-1.2811469766963035,-2.044768946944563,1.3119196155758364,2.8156206680805775,-3.4608186671797885,-0.13678122924649272,0.3874515042092561,86941.29125690612,27.29,0
0.7479192189201389,0.2646454761291781,0.24122902490340525,0.6248501160766355,-0.2703453145111864,0.22392573492705425,1.0652370876338695,-2.387416378499763,3.2009525342309972,3.268404666963366,86941.94548263916,46.47,0
3.5543018821811656,-2.0557761718652325,0.3938835930414313,0.914331007444437,-0.08333796764401158,1.3602250291642835,-2.125427368959341,-3.3553228716632693,2.3684813621604075,0.9042967757531728,86990.50440371927,1.92,0
-0.48656244765106926,-0.0420706649253908,-1.4587451810163528,-2.839650616047023,3.4826847382410913,-2.2630264896567835,3.8467017582048477,2.6737202200437427,-2.5409388275952973,2.8415332855047057,87228.67938702246,1.45,0
-3.4553439214374406,1.6246799602971005,3.2906540554267933,-0.40261354739631905,-2.10983212388997,1.0635291421071185,5.37833814678514,-1.8321742106015741,0.27639787353690737,1.6070847292123278,87299.73047404308,143.5,1
3.020796846918407,0.18478198557154912,2.991972655238408,-1.344706441470592,0.6735047331298434,0.7507466512986174,4.245081507396296,-3.9706564438005323,0.07119809278596556,0.14770087578858027,87307.60995898972,7.91,0
-0.6497224837415034,4.224400154706606,0.34216056788133375,-2.0842074106246242,3.4906568384470917,-0.207515398991833,10.152430755695239,-2.6949218670870563,3.0661044276677485,0.5593319149405303,87342.64437492575,20.59,0
4.9508228623531325,-4.832611160124951,0.20257291836518354,1.512307904579365,-2.1713436330979112,2.8617111439357474,-8.8590691447016,-2.361072369266502,1.0589111330326122,-1.8388865547691773,87351.91379536848,13.67,0
2.1913475001540172,-2.85233290284798,1.3908356067399648,2.4086594560617183,0.7168293121696101,-0.6154527717596494,-3.388702984160126,-0.297597329260902,-1.7563400867106607,-0.6212073396707793,87373.58171131449,2.88,0
4.23040358705903,-2.659887384784935,-0.08877539615278884,1.1640791012894154,-1.083620787794487,1.4039122809842741,-4.9165561891771565,-2.7956842081329523,2.1809111010094444,0.6975503953995843,87411.34534207605,157.02,0
0.2768639150009793,-1.7836557832796645,1.7725270807690943,3.570910361446276,1.1864145977296054,0.9048522394277373,0.1422391243180908,-2.933478071543057,2.387229867078777,0.2846442846874053,87417.56371123572,19.81,1
-0.6490953988861916,0.5360391938026108,-0.94110430955912,0.38717729928890776,-0.44538534533146024,0.6129568712696134,2.6363956969983016,-2.9014277555985855,-0.09934535576657333,0.676679108606967,87429.52645659618,87.59,0
-1.2691564292826025,-1.0809078949812285,0.6330223132479411,1.8652228517616627,-1.7271436454010733,0.1428015186993863,-2.22815530292047,0.05540910571530211,0.5556210140859668,1.8001008318643614,87461.31389879418,11.73,0
0.08004630731229578,-0.5798623269166414,1.3522455701502545,1.5729184994540977,-0.12337908922459262,-0.12159187193868229,-0.6497844582588486,-0.5422745866351253,1.2323064958860366,1.112453098383892,87482.77508077104,159.15,0
-0.5629269081495025,1.7659020511796157,1.5002790719585173,-0.5094808635849055,-1.1329402798628139,0.03420663405741173,3.133945045984826,-1.6646343834923063,1.8660136821295403,2.492599400636376,87595.85167980503,146.15,0
-0.42634167521229094,1.0749471830108683,-2.589148067864703,0.05152628821966898,1.914618381787713,-0.41468838374372097,0.5425535893834494,0.6649992758746905,3.4567345152131788,1.3177695929813722,87619.90695645052,69.97,0
-2.71814733831437,0.39650539943584806,1.8749831344510248,1.6217820547897688,-1.782955863901015,-0.31441145995251124,-0.3544613564837826,0.9961461616227127,0.509367629013793,1.3898934922518118,87650.17494135421,73.5,0
-0.1475786677277583,-0.7268074487702243,-0.47696064363330704,-2.8390060141662645,1.4004829686345939,2.5165799379840834,1.5433712556273649,0.23262682298474857,0.7408577079493531,-2.584486050108258,87680.78301043737,1.35,0
2.575793523252841,-2.8591728331460837,0.07674062189979314,1.3284502075846105,0.15972307540076325,-0.14925802740775523,-4.7173389833245825,0.12692453066308373,0.820581706147083,1.5558699107143505,87690.4243938725,273.43,0
2.660387167837465,-0.7547429596459049,1.392077747259985,-0.6642751281057331,-2.04565288191141,0.356295690864117,-3.828941630051449,0.3023322266895765,-1.4046996984150426,-1.8260486665961655,87715.07343667383,137.65,0
-1.0009158081604923,2.388190755279803,3.192945888946188,-0.7741606255789153,-1.0370232214369912,0.06447022187176066,5.218818644746201,-1.9512868788423587,0.47392536435410715,0.9914657475888536,87748.71505207704,147.56,0
-3.18485067570834,0.6078024814854022,1.3636882035352667,2.140767181502747,0.7732496640964397,-2.0778834922292266,2.404331356502729,1.2560215428548092,0.4474796341548426,3.7929285232298717,87844.70250713317,70.98,0
0.20345121517090115,-1.5426983220334138,-2.7591222332730263,-0.9539104706647072,1.921736742691831,0.2060208421234897,0.7140411197024226,-0.2729992368668357,-0.14038528571107034,1.7841254292263589,87881.01543326063,28.48,0
1.7397729550814023,-0.1941256137000471,2.3657535374907814,0.7531295607932922,0.8635981971462552,-0.646444786334708,2.6475745642373485,-2.5913822446256916,-0.4639732613549612,1.1856676706514189,87936.28800613446,146.67,0
-3.9916881932669734,5.403275750938053,3.162069798406285,-3.464762279088911,4.915941101334292,0.26325032169805546,18.744986955299794,-4.026721297840142,2.08626038410712,1.6215524065401277,88028.14374428366,23.4,0
0.4693644103791852,0.4302653278167221,-2.7228970991439088,-0.25533226135278153,2.5790434519226304,-1.6778486375158477,-1.054053720146403,2.580518320013601,1.3393222886750575,0.9380597211164952,88102.77285031909,54.77,0
1.2703887975919543,0.448403044947404,-2.7575730442653104,0.24745568616208513,1.760895730587638,-0.3810665370121333,0.7177258130975028,-1.3940922226805508,1.7300553047638219,0.8744476956961401,88202.73409993133,7.83,0
-2.0115082535403914,1.1397488350722242,-0.24966418703181348,-0.015206620623560374,-1.9341304902656602,-1.4262637714536541,1.5539329693220205,0.1667306170556897,-2.6258815171315355,2.4529139997182643,88228.35488901194,163.06,1
1.9023922919635434,-0.7691269535408174,1.912930739553413,0.15420138812066242,-0.06289290282579219,0.06422300241697168,0.9165405629102928,-2.1584299085694125,-0.20149014138118804,1.1271911789589564,88257.13388540335,10.86,0
2.5378029538023172,-0.36944870466678226,2.0679359253285785,-0.5577952368777948,1.5971275754240741,0.08177741197704563,3.548289460173289,-3.136733691473581,1.3233792961746902,2.18408072502473,88323.11526019331,17.56,0
0.01934268929023708,2.097585989895994,-1.1517155936781214,-0.5599292325525449,1.341544188280122,-0.5089381889851711,3.3117095921087145,-1.0473507547677317,1.5930790414319684,0.5270163207904659,88348.3998682898,54.09,0
-0.589977869554575,1.1639471307625553,1.8185268658168936,0.054167806631918114,-0.475868678941175,-0.9982699208549287,2.3662264765624617,-0.39837037378264095,0.7571581385572118,2.8517806670604804,88359.96652317005,94.88,0
1.182532617793247,-0.4332193036257008,3.2166216107193204,-1.364362729634704,-0.8155871604168365,1.5998387332390822,2.935380495706586,-2.9160168147215675,0.27618489141653835,0.5803867571142477,88417.86199758711,63.78,0
-2.5679664806765183,1.4647417858552978,-0.5377783694644389,-0.7494042376061384,1.7881544128390716,0.87943017668607,8.129029690605515,-3.3621158563977724,1.9628659319158854,2.7254268691707435,88489.68047411575,18.17,0
-0.18755214765293526,-0.2019571698041316,-0.917080305948666,-1.0441701587896495,-0.5611130144890859,2.584691198648779,1.5621936215852399,-2.6653595626897983,1.1415311402511292,-1.212613803137291,88511.94791643014,1.06,0
0.7826673997079765,-1.20330293799386,1.39706931106224,0.8959725988187914,-2.03441362429582,0.8477293795303739,-2.8020990563735113,-0.7713797016581332,0.5528983939319408,0.36684696845741493,88536.46075991263,93.0,0
-0.31919123811740047,0.4767448871356428,-0.001725055510420681,2.2034345263249415,-3.0484041452695827,-0.6743011802346032,-0.11124131382544154,-2.9316908273317774,-2.8697959927142316,0.7304165282226606,88560.45770751331,496.26,1
3.451115120347743,-0.9225710157977948,-5.611399924318033,1.4446621186177326,-1.0942473506290853,-3.434941929946105,-3.576118477289501,-1.9772418572682215,-4.929679162024486,3.809665715358292,88586.74134346515,130.7,1
0.007880656025819777,0.3042272015352223,2.7563001274044208,-0.22147751428676532,-0.9270979749101377,0.045066703986254106,1.7152729524263586,-0.8888543488079969,-0.34845098486639414,0.7983352705857405,88588.98304526876,41.08,0
-0.5322870009607301,-0.4027767411917994,1.0666280702877198,1.4385685794957315,-0.3708911903565695,0.31591925116401137,-0.5911574686964498,-0.4844434238245048,2.2059420036491693,1.4131811706547233,88592.57470365269,153.16,0
2.7530300531812992,-2.8120757181685154,0.39572661045964186,1.0101767324909037,-1.4330032003033413,1.9219293445572685,-4.42413425900505,-2.2466690710536383,2.01356720490762,0.5560695570090373,88794.05141492946,35.28,0
-0.7738163910950415,1.2458108491955593,-0.0491624187198233,-0.026695871477692257,0.915149601470624,2.8194196824152704,5.574639831084548,-4.876501876460878,3.0255250166598184,-1.70709647038526,88817.3837268153,49.38,0
1.503210299437937,-0.706911669714616,0.6875749966805107,-0.13227381741093747,-1.0238506535010456,0.7374467649787912,-0.61356238437964,-1.8826501949789782,2.397179333058444,2.7954440318590885,88835.69247285769,43.15,0
0.49162993786129827,-1.6280338827272849,-1.110153703165952,3.0420615176728973,-1.1689072539457712,-0.5490852793311873,-4.9860745827190005,-0.08431758268710687,1.9412522514679085,2.6865078686753243,88859.71095787208,39.58,0
1.6344606432264008,0.7613795073193133,1.5426119849915843,-0.8939835783638255,-0.6829228857138949,0.9291378389731573,2.578814946760947,-3.24614015464495,2.4323610194747367,1.9336365774438804,88960.43875905046,98.01,0
-1.704854083373157,3.152564811402966,-1.0229867560618133,-2.2495356449656327,4.8206006568459125,-2.738605380998194,9.302470491700236,0.6731197133933913,1.3509534342320564,4.512371253423768,88980.48286501123,49.63,0
-1.2270227942735346,0.17647407516665514,-0.14237792519131753,-2.110054291914903,0.5542336382466451,3.6336994809201677,2.872789104255266,-1.5276442606039695,2.9122128735241075,-2.548268968316706,88992.97799784015,25.76,0
-1.9311805375391242,-3.336563407172358,-1.9315685587770575,4.105365378218477,-5.474863093102879,0.859570213416184,-14.13295800506762,4.427094764754756,1.3072946701186952,-0.026431309243305057,89094.99373849444,20.41,0
-2.0928107233987374,-0.8292663491348078,-0.3676594705150582,-1.6704700913390802,-0.18868851379188456,2.7780372689682857,4.71923553608302,-3.083483136126225,-0.0839877231350219,0.743704856379047,89109.40510595482,3.5,0
0.8579422278056545,-0.9403320489786151,-3.4630294087172944,-1.0815677787511269,2.950123844483588,-2.3091626955407376,1.6351160195242385,0.6102906561732087,-1.6407646242410974,4.314886186253345,89140.9367886903,57.88,0
1.0821995962160338,-2.8237243703900052,-0.8219532012343698,2.9364320303864,-2.698721566837837,1.3303109896714849,-7.838959909773671,-0.4512342574317125,2.4718169504123493,0.8339829974283561,89216.70018644656,17.99,0
1.437710906872682,0.9905799575760965,1.1305449849905862,-0.5011599197247407,0.7533020074095318,0.18874040026617195,4.79623452788991,-4.019808319638569,3.3141937127763583,4.068800404742916,89263.75019546518,11.42,0
-2.0334556536065076,4.181237676539842,-0.221288886482512,-0.6200532511316299,2.351613234543155,-0.4337197632759482,8.248754674672522,-2.0070234037152055,4.136969934116987,1.8256150527730877,89285.48096709907,69.95,0
-1.9833268053443605,-2.0647870200570027,-1.798838983777362,-2.012508391706679,0.9870959837047616,0.5027460968370376,1.5818242447074455,1.1074431212222708,-1.6876767614418728,2.7698581360998986,89384.0929531101,75.31,0
2.127840956166975,1.6573350949549677,-1.337467476422216,-1.1255323683308511,2.609192043648726,-0.142361753073922,1.8282118624045383,-0.5928598192239524,1.8147270417433723,-2.078098048116554,89414.72958327114,91.67,0
2.3155521447992324,-1.5289532676823447,-0.2974626633548916,-0.3950651262192575,-2.386929327526013,2.4549346745058633,-3.7898499742588405,-2.2057660194985553,3.6445282540630757,1.3455693721576496,89460.57197687814,46.52,0
1.9001430916847317,0.3025761335026931,1.2613600491153159,0.3129037354655251,-0.4496053156726967,0.3109688478629047,0.14022344567846654,-2.0117666048058425,1.7032852966333585,0.5330897399565797,89503.57918873364,50.13,1
3.187340204865534,-3.3810689680599504,-0.36386585188850473,1.7777273021929174,0.5706399480089794,1.2832982584616492,-3.6673736503569514,-2.621758160339271,3.0624426435110803,2.043881443597292,89511.79387471917,180.03,0
0.9473331514082132,-0.5626167606547227,2.3774045058243845,-0.11538988595709254,-2.208685040774667,1.554801121698453,-1.033410796055764,-1.591100181040744,0.5551651944615617,-0.5838216565276133,89524.01080606731,108.05,0
-2.495790028795909,3.7461393348197594,0.3084300468099703,-0.6642149160526697,1.7915950044236406,-1.486562440004168,7.567844805902001,-0.6080145458160792,1.4451354662646456,2.1840103312481083,89567.3639284537,66.62,0
1.3537557837908083,-3.9481216546561595,1.1203303166874772,1.4372897377941212,-3.8063826194104053,2.8115012998288678,-8.380748619120636,-0.1590037841159081,0.5329231924272271,-1.4101376940926857,89580.90619213127,24.53,0
0.4580257215141106,-3.464155339100507,-1.744674529696573,3.04792290537377,-2.2046107250609555,1.3019221271352828,-9.634825606022293,1.3521111475214522,3.1298184558672775,0.8927467434233884,89631.53182896682,265.63,0
1.0798028199737044,-2.1135834263000266,1.0694118909961288,1.0885236373839662,-0.6285525768983391,0.6949918310038024,-4.414000807225086,0.9698589603398375,-0.4520130733428991,-1.9171842319891095,89647.01943725366,21.83,0
1.9445193681125503,2.3826786140093645,2.7481717381547437,-1.2467879986190336,2.196561511582129,-1.6679453610102295,8.860924041094277,-4.143488306678936,0.44606386483359506,3.8056627574209587,89655.21627138526,15.72,0
-2.58554435563582,2.440753460546392,-0.550221704944391,-0.7695959391879418,1.495086429298626,-1.619234400475277,6.166837306284729,-0.05440011200699779,0.5369390210999562,3.568529711410579,89668.97947287433,38.94,0
-1.9019332431534433,0.6184337355757834,-2.2681321840742683,-0.3127027633527444,2.022416187840208,-2.1212371542437127,4.372165486380271,0.04313902815375892,-0.3271840989079864,5.378698702142963,89688.77800638601,4.8,0
0.41761170141571735,-0.07119231825789274,0.74298367077801,3.3681241545960767,3.4377179715298603,-3.733518521294167,1.4745807833330962,0.47469807041445433,-0.8611428651424446,2.4362932752803004,89693.53186894913,250.56,0
2.2607558489004367,-2.68348011506965,0.5950305904143305,2.010622940477146,0.1986258832006722,0.737711988090824,-4.26615808733192,-0.7657321415729227,0.8781413814327621,-0.7969737736936462,89697.33247153848,58.71,0
-0.23965989421571743,0.6211424874836651,-1.4240638858395671,-1.106165140663222,1.1891570008020116,2.526025272949552,4.0939321376361475,-3.535120643493994,3.4142832952697786,-0.2074640670207657,89722.00583081944,53.92,0
-0.5257613077533747,-1.3048287795887024,0.21415389786353933,2.5985140774948077,-0.7313516967902915,-0.23101306615421555,-2.4828538208466773,-0.2730413852941649,1.0416251122689544,1.7919839245500753,89749.87652228038,70.32,0
-2.498390013883276,2.2553936819841276,0.36329524980612526,0.7123815842314056,-2.0085448848970784,1.0564424149020293,4.393828767892642,-3.519533429567497,0.9664968561760955,0.6884777087054115,89816.93831047985,45.67,0
3.6608849753112285,-0.36194601986904407,1.2689532100149392,0.4320422840201271,1.4698165285986988,-0.6986027413858807,1.161684265766608,-2.732854688860412,0.972246339417403,1.4075690321882188,89867.7540595257,3.12,0
0.8453501966136803,0.9374214013008064,3.115674582563264,-1.1814002418196705,-1.724248684779691,0.5663513056550002,3.6080833545248767,-2.973241564181646,-1.060165278227927,0.6498308080485209,89884.25299215245,62.59,0
0.07955252347055519,-1.0953000809495452,-1.9946973109541737,-0.08969791934745786,-0.15553067465603432,0.5203243696967018,-0.8697213050142169,-0.68990507131573,-0.7117495990408571,0.4213892882936884,89885.3573912978,82.86,0
-0.6855601954034937,-1.9008790831267985,0.8599930116239943,2.7297229894793387,1.5294690885050994,1.2331455759566687,-2.1258836523674147,0.14887402437598118,4.173376276528327,-0.07025191767580297,89909.17071617549,42.52,1
3.280216542494853,0.609021985499768,2.464098785560965,0.22477222961537346,3.0966911178552046,-1.7352363668235915,5.290389229355843,-3.305067131743546,-0.0203606282408042,1.9012756418903698,90021.5384726089,93.03,0
-0.7841224316282154,-0.10677809826157902,2.6160482108393737,0.23391445649840448,1.4228066448309855,-0.6676766111997954,3.933302321786251,-0.6875814478400677,0.8533821911829832,3.1063232721070904,90079.95703463521,17.74,0
0.1479552665391628,-0.012288475399566012,-2.9314359675406134,1.572449314641354,0.7494528831515108,-0.027878583571116063,0.4952511253465856,-2.4617353072390964,1.8893652356782136,1.9134083798750257,90105.81506673226,17.26,0
0.08839602358666698,1.03694158747835,-1.0408379262987486,-1.3144715942629164,0.4105913441645853,0.031417158588565336,2.9155311218970064,-1.3319064715350133,-0.16853646284414103,0.7053944244651169,90106.39137603689,12.44,0
1.4533471644554226,-1.8112878624207776,0.4128674949121174,2.4290569103428075,1.0885045945951206,-0.695749023477374,-1.460002593761517,-1.2042466725225907,0.4246192943449433,1.4453909446555468,90108.22557107035,31.24,0
-2.4313683222849276,-0.14158552303542415,2.2908150254302253,2.255426395457998,1.121724159867998,-2.0492326839239348,1.0898355878723036,2.091738886555196,-1.0717650026249461,1.4985783639610015,90243.6353374702,123.03,0
1.2354933185661034,1.009229124435548,1.785109572333079,0.3590354157525656,-1.3796427909508684,-0.5539727244781826,1.4201824816629012,-2.271038957917561,-0.30085421503402676,1.2176969364027332,90289.75929158968,115.38,0
-0.6454302682987901,-0.4796572153778391,-2.4370493659176873,0.7712988477336031,-1.1234341400548713,1.7936389165759221,2.417829968145613,-5.126177271270261,1.358054441450391,2.6685092170607083,90301.23636538956,32.37,0
1.6348662785020023,-3.607746491211028,0.36430460578783663,1.5845547344081594,-3.5183920420289776,2.856366273618119,-8.140858812464895,-0.7596948003716719,1.4140933933464486,-1.2179790738189,90328.23291720857,58.81,0
2.1225319928249746,-3.7518919535655226,-1.391031902251982,2.0284850791916966,-3.470193050169149,1.7532919248580896,-10.428529761318948,0.381258079974782,2.1482452606750035,0.6218011606517643,90385.70540010382,83.93,0
-0.11742842155697097,-2.053877675927863,-0.38200688653697723,1.196500995084116,-1.4559832073260996,1.5386361853812194,-4.518290875648792,0.2476110287048483,2.6287152223834283,0.9356324032153152,90391.30747260172,18.94,0
-2.4188469313484378,-0.729853803259741,-1.76026109233363,0.22272109305622445,0.07927610388024364,0.07227763650874773,1.7471942280424113,-0.5127285650513889,-0.2960586503705902,3.0876926051111235,90431.36027045129,12.97,0
-2.1491154185157564,0.49932595300933413,0.331479260478565,3.6423526109521553,-1.8498987918368894,-0.1341846525411587,-1.496498336530803,-0.8116495054083224,0.705806098662312,-0.22093434615800578,90441.94948549052,79.24,1
-0.540581845353971,-1.9766844689245116,-0.5664564345117198,1.8918366568910592,-3.7808432577921858,1.610702596404486,-8.117786030454115,1.4633713461573317,2.222218251949932,-0.010424666818129369,90614.63853980583,63.48,0
-0.9532097406107325,-3.3092686091709598,1.389565970507948,-0.21255838406439398,-3.122379218225655,3.334166983416703,-3.2900830996440686,-0.7143640827687827,-1.4325694343988549,-1.5556077060091704,90635.56811774001,70.21,1
-0.49700628514758893,1.7305683672219097,0.636254986207166,-2.042384060583471,1.3827189826541515,1.6322719911501253,6.070781362791382,-2.407754753014024,0.9620649955985172,-1.8078768911546295,90674.31818789548,27.79,0
-0.2553984721596846,1.5517692158555152,-2.0038765920009047,-1.2288443651430823,2.5873987160236536,-0.3300359072198453,4.337670822625927,-0.9212640924377921,2.624423335757955,2.084271574301817,90677.9113860507,79.92,0
0.024702505611097214,0.9988629844645778,-1.8626490859735783,-0.5191171196978595,1.0304565648916526,0.8269507126577323,0.7373464686488378,-0.4897637405660984,3.109719715444176,-0.3383885481634288,90748.23269766799,17.37,0
-2.3582103483305565,-1.834045786191571,1.983561342068247,-3.323925386012256,0.8101225075743712,2.029199551119857,4.010376777357826,0.8520723404026822,-1.5321165782268298,0.6575958558797486,90839.2635019041,123.27,1
-0.6924035295036357,-0.2998987305140941,-0.6575423320345759,-1.2488719515069784,-0.8259338325594303,2.7310169050938202,1.3456328319544746,-2.0782713141696734,0.9425377876613877,-1.3677714510888173,90962.37980976036,47.62,0
0.2669694773035086,-0.43954322033269644,0.3010627226922764,1.7974612568992092,-1.9449816610668043,-0.14678511053439836,-3.744574653768354,0.18489157656322375,1.26881512334745,0.9644841686104764,91072.7649639334,26.03,0
-2.240741471125725,1.83520554174039,0.01598659339402353,-3.064060466048405,3.2921100286957876,-0.9172277189509193,5.9286140076177745,2.634609788496558,0.5536163081281911,1.2527736825322346,91134.65470279846,12.93,0
-2.4817828454308213,1.3535141153709462,-1.5127744497724724,-1.130468864800694,2.178699189796396,1.5559096690332077,5.202195410259513,-1.2048517335486917,4.9074611853797085,1.9204222447455628,91182.6661631089,20.83,0
-1.644422375261231,0.15744715209853388,-1.0997846186942775,-0.4486350665255403,-1.8721524673208183,0.46291672798296785,0.6960398001499568,-0.773036289193348,-0.7821853707785378,1.7160276498493277,91186.75165011261,3.37,0
2.3389004387270607,-2.8207852977297883,-0.050585728112776396,1.649989152367902,-2.525649414139569,1.9750148134673724,-6.918610883205358,-1.2208881496119826,2.2367094759830835,-0.10298645905676618,91400.33675990223,80.22,0
0.5665605720637943,-2.4259370824789146,-0.207189660959751,2.197383877169106,-4.118083960097781,1.8308019171006487,-8.797144417654053,0.545866744368372,1.2287150014872117,-1.1491815453272225,91523.61993991792,45.04,0
-0.11148716403008452,-0.15307596362573894,1.4189688470222888,1.7989080177064332,-0.10414226566863116,-0.5052242353092011,0.4310187139267185,-1.1289871417762398,1.391117416249056,2.1331527673372515,91525.20029780312,7.43,0
3.1883914839785215,-0.0774325805946221,2.011176395026743,-1.9793498746451137,-0.30552049346098886,1.8084477461296036,2.8442446081979473,-4.213888905586353,1.9963798466606684,1.0370837663255246,91573.73342154425,13.24,0
-2.8367323445230532,4.851531651526241,2.079831932417742,-2.457068429509401,1.468431644413111,-0.44831676516987495,10.838003969227211,-1.5084554658911116,1.035185406881991,0.7665613941882422,91636.20862545456,8.03,0
0.18441330462923822,-0.7501730324922284,0.26919104395523175,1.7178313992126224,1.1224946009987935,-1.6939716026487297,-1.9067892563013122,1.6875692595888716,0.8088189747080438,2.0076381175891544,91746.03082960981,62.64,0
-0.4973084655951133,2.2768085460687564,-1.0558902964129688,-0.6325590373513361,1.9915300918557213,1.2362269027950739,6.302935139148519,-3.696343313687236,3.9339881216536443,0.5585975776365404,91786.09443857834,7.43,0
-1.360094203129566,-0.7473403847618869,0.284142827343026,-4.1545136960894204,1.7719886290318776,5.16804832044241,6.110455816962094,-2.701174257438131,2.644616483433991,-2.550542923639334,91807.60637104104,92.23,0
0.21043370576706,-0.7365113455732539,-1.7542743191962051,-0.7560773738887764,0.6384188105779928,1.315327305619974,0.8152887600797203,-1.4656018096425145,0.5144158182800528,-0.156904597596486,91818.08033497597,2.35,0
0.042663596830511574,-0.37029714250824086,-2.5451698126369813,0.04186563153037692,0.47891684417034985,-0.4471047730813592,-0.601871173792578,-0.022952838399599718,0.18501712812752358,1.6377953468973576,91835.40917191196,19.65,0
-0.11789726419551327,-0.48923665247446446,-3.759720025025409,1.328268252613653,-0.3607628621762875,-3.356072796834841,-5.6564388948024416,4.093888412476056,-1.2329808263632351,3.427268324658324,91855.66798426714,144.87,0
-1.6628946318055653,3.903373594401607,0.46615240962989457,-2.4911923431371203,2.0900778836260603,-1.6951069640841998,8.571451415786266,-0.22593139238347393,0.37100987382500117,2.343433392300998,91949.21025384654,83.4,0
-1.2830416885856968,-0.9567797544011429,-0.21827974458779753,3.201044307180204,-0.20158321919121092,-1.0351771377812293,-3.1458680162961663,1.228210419007314,1.3770905434835226,1.9082497784809909,91980.03616441133,5.92,0
1.6493438231258597,-2.4821875344920374,0.33040675349747795,0.5722244169061772,-3.3224329423189065,2.364174877768548,-6.233156159498,-0.8878777644694595,1.9065612263658407,0.07747510183564654,92002.29389715752,112.87,0
-3.717539518868396,0.6423610478521082,0.9096046479707522,-1.8625650040291233,-1.5675702237120235,0.1256216164414664,3.4790359317570307,1.1001630732869345,-2.725966986441404,1.5115852613657892,92016.70267668166,45.16,0
-1.0486273178681733,-0.8365481758612362,0.18208776441618613,2.1762286908585127,0.2039597009142513,0.06422056450700377,-0.1019071078583757,-1.0686961534232613,3.79031002560944,4.174129375740391,92031.45394491404,122.93,0
0.8244845294092213,-0.4964557273033179,1.8279943771141833,0.6014287699324226,-0.8564812317575599,-0.018429062059359888,-0.5724370283371714,-0.7488643825998791,-0.5366648489142221,0.11249059909115056,92036.263643428,60.68,0
-1.206389193418893,-1.2259284447437873,-2.925687592498342,-0.19858724480474,0.9330228574437767,1.0701945295353341,1.0644064051907978,-1.2427015736741203,1.7963506589144784,2.787051948370113,92095.10551607073,75.44,0
0.33364138991697256,-1.8388842447766738,-3.021527996234676,-0.34096223884631727,0.28326091313091173,2.0064131159096976,-0.5896338265771182,-2.1880925375253124,1.4354407547561578,0.9289306600340606,92107.38826013298,328.35,0
1.1895072037062921,-1.8668742825830973,-0.19013082132129244,-0.005210002383248424,-5.5992846777145235,3.4060855340522544,-6.473221071121906,-2.133492497967682,3.8146162696392416,1.9370138020321437,92169.20945065466,18.19,0
1.365816350108098,-1.9715352868046945,-1.366069275867773,0.7459276578236782,-4.069014682238457,2.805395092790411,-6.847082559418723,-1.6324535320019038,4.537002879421046,1.9268162317295725,92182.07669350835,64.57,0
-1.5026693532579443,-0.6791792445063458,0.2750899216271796,1.2530276030260623,-2.5129029433511025,0.8906883797500936,-2.8284242914544895,0.20949164315493318,2.1235065337403176,1.9546165800672501,92206.5200744046,41.09,0
1.972696431520899,-4.298454392245456,-0.9263950588140604,2.4728909485707504,-1.930633745338517,0.9827352564605696,-9.368292610128254,0.8085091551940506,1.067130863868929,0.7413769316339052,92269.57925625358,3.62,0
0.6526830605625205,1.2054502958753788,1.115062157419185,0.17182378062767922,-1.198656977610594,-0.4597144691206412,1.3815769829456033,-1.7835084738284428,1.346914579529622,2.442983435459027,92501.59071500784,1.95,0
-1.2300207860049603,4.8346075402607145,0.31102365006273014,-0.7711436747310374,2.6078668703481,0.6069467825078952,11.221368815875518,-5.187416274270059,4.759434044269121,1.0101978201607962,92543.69921120742,9.25,0
1.027216473794658,-1.22422799244746,1.2915276534475646,1.9751108437809823,-0.18491076444585397,-0.4691276833405979,-1.1638908725824584,-1.2469356191910221,0.10973029367784537,1.3690976810505735,92561.46036726158,488.07,1
-0.5890223836963122,0.008339314119498953,-0.43972781252776216,0.479267145819946,-4.797638853479114,1.2115878749599547,-4.612524571765608,-0.25830904130347576,2.3474071049476186,2.216558601111002,92581.86540811826,55.43,0
0.9496475558671011,3.9076738228833006,-1.8850230899081075,0.6057330230230102,3.2212564902802896,-4.144284269365033,5.906543653939914,-1.3292056806816506,0.7499823655479742,3.6874685396815408,92591.02387694844,53.4,0
-2.23474100478151,0.04651919130149673,-0.056506734493498856,-2.018739912834037,0.5117571964160008,2.8111984027633254,3.1960774575110635,-0.563600762737583,1.9260795306521645,-1.1705321059670037,92609.58162564602,3.1,0
0.3484098147894925,0.7506767874100044,-1.806829034373696,-0.6443610562189762,2.06636436012342,-1.040611382363824,2.7114446288760945,-0.518952454112955,0.1098720024240385,1.4791032752037863,92637.452104264,42.18,0
0.1502048961824317,0.8057674261200378,2.0182871803908853,-0.21021755842605505,-0.6774118297868645,0.4225572662783972,2.870396534483027,-2.2297959893636876,0.7816927555277211,1.1250080537595315,92789.18027598187,169.04,0
-1.354916495136378,1.6741449129045758,0.04810394597869316,-2.245348965908464,1.961056681339952,0.6707872976738576,4.828798964821518,0.2588038924158991,1.4853542413298642,-0.5484807623837991,92812.01042624506,33.94,0
-2.4097725125395826,3.5331664162170275,1.3162736648393332,-2.0999468988222008,1.546837425199288,0.06096971194005256,8.773328842618316,-1.289607253297898,1.1194398131448147,0.4358027516563652,92861.96018767307,64.74,0
0.9544764211602502,-1.9519821983192482,1.16569023394411,-0.11321429041855002,-2.406163773654141,1.8914930190363173,-3.2239327361707577,-0.9431813133311515,1.2264741870904399,0.8254122982244039,92970.32348688244,99.36,0
-0.9243310167583487,0.11263301230556522,1.9146767242054503,2.2835204084123024,0.8378691794753912,-1.6186288102806075,2.487412689165711,-1.0042314673235138,0.189144141098881,3.0336405515734706,93023.75979458728,100.59,0
-0.3645180689677938,2.617564252357556,-0.7048883234210912,-2.0520407933182225,2.2695468163560832,-1.1980036597009687,5.388818205550028,0.08192418415769276,0.9090875345197467,1.3876580867855934,93087.67068622902,48.61,0
-2.071734114402653,2.451200339595488,-0.11571060830334423,-0.012337977392012478,-0.11912725360022747,1.408212168844991,5.374406452833552,-3.2113350684410547,3.0563700213665834,0.46913182266084597,93155.5387127823,127.85,0
-0.7973668465016442,-1.1647925154232275,-0.9691756098177559,-1.6120075224835446,0.13909882861171186,2.4479229094807744,1.6657319114052889,-1.480732898962261,0.17975528456383538,-0.6352546431607982,93167.06860948398,33.28,0
-0.6581317891764107,3.6055865783790324,-1.0204005551451578,0.2567271662690467,1.7348277357813027,-0.38248055840676665,3.564128324626957,-0.7603201929229974,4.682005526635939,-0.0693692454925281,93198.33940302444,143.71,0
1.2035584339932117,-3.6477252520035512,0.39858924597665835,2.7541752595053186,-0.6300329913224982,1.3598682710601968,-5.839498019977218,-0.4635744822124588,1.7897271059163908,0.2037485619991929,93224.09532245828,18.86,0
1.5484547220776521,-1.5773017412600776,1.4608981977553543,1.5870183817108714,-1.1623627182283092,0.4149114544986238,-3.516346518139163,-0.5316336406329902,-0.4121337970205585,-1.1457110476788133,93304.59211248069,22.37,0
-1.3873399844438807,2.412698262350401,1.6250727590601564,-2.588012733323839,0.9887235647960692,0.37871402767780743,5.089240253049808,0.7217498705466796,-0.47355760417602943,-2.263476562444566,93309.47361489982,4.55,0
-2.286015090089893,-0.14293845923486437,-1.1295585478449017,-0.4106941036012861,-2.214664806216881,1.2517277585334279,-0.007771508733016876,-0.4813383154442501,0.1478941179512956,1.4006220350082832,93314.05884365943,104.19,0
-2.881645767846861,3.6063943424614515,0.6442167632835856,-0.8821752763886722,0.9489220789822587,-0.9211046086966458,8.002075623022884,-1.3039290193847817,1.0128619886237433,2.2681305688097693,93363.2406933651,36.08,0
0.03346859082040332,-0.5514177921635917,-1.818827402618513,-1.0309686242733138,0.15539372231956627,1.6346478501137878,-0.4206478373244344,-0.5430979064272572,1.3691876446630313,-0.6110326995801068,93421.7490142264,17.91,0
-1.548023171402483,2.3134246634497693,4.3282984645318905,-0.1317177842835051,-0.8350548522487133,-0.3628351549703817,6.175960434328367,-1.9633529716360822,-1.4639586946187837,-0.031263657857214966,93432.6967642405,18.14,0
-0.48766399720356,3.7262448289508643,-0.9036465515104887,-0.5427090122198105,4.093808854323941,-2.556019604414576,8.39272615212196,-1.3582373365322886,1.7954830850351657,2.826486791296584,93449.16086150207,151.58,0
-1.8800070913033595,0.9054977696604102,-1.273336319573471,0.14472647995876797,1.7095659658491753,1.0275458983014927,8.035678534051717,-5.178999427611518,1.9517668840248286,3.344702597309293,93468.38466322036,117.69,0
1.8332787270722977,-1.1247759730002005,-1.0002432863896713,2.110220864118551,-0.6123522911148951,-1.0848686726228296,-4.938736415205253,0.4073826148174555,1.56157791391116,2.0510438534894053,93530.86479523186,53.42,0
0.8735836065114855,1.6526731270660484,-2.154690413149947,2.948637795689276,-3.545769631093268,-2.2151084012829,0.4100540436125566,-4.980836026042569,-1.8778233385781586,4.479749517659611,93536.00674002498,65.5,1
3.386235950655244,-5.069332058745933,-0.8738909341649148,3.3793867275888205,-2.6471646836737337,0.866084939801806,-13.036903209326264,1.5080769394839106,-0.8066867780885756,-2.2395461409658117,93555.23454966272,42.8,0
-4.399630162168727,1.4726281666830974,0.5562422869476362,-0.7194825113156005,-0.8584383871397574,0.5519467925023102,5.253154324380788,-0.5334804906845507,0.14933168261505103,2.291794636186207,93594.3922933978,33.31,0
-1.8486961822269077,1.7063104968858696,-0.8578556939678119,1.1725866799752327,0.9742252902401388,-0.8848860073715866,1.9473129389151522,0.23413239126347318,2.1526554107880624,1.285824472940955,93606.59158444869,53.91,1
2.95431773345744,0.12086434858359651,0.15199019734468422,-1.450921682756063,-2.1850350073827,1.7483867436087301,-1.7417040043414085,-2.427744143351977,3.1458874503406973,0.9827335444086559,93616.29462543494,9.73,0
-4.977742156500463,3.129919952532629,2.388164347944694,-2.8963938548321915,0.29968969411964075,0.2732921556055944,11.351465754559483,-1.3660712596947686,-0.9939705107085914,2.600242699165472,93640.48370698029,36.23,0
-1.1086734512334362,-0.21140893420006868,-3.791455723506782,0.6260098588407776,0.12646456857453814,-1.9520614706284716,-3.533054796156546,3.1642632456220223,1.2635565403385614,3.9807789271449487,93698.58910899138,28.46,0
-0.7585074866589718,2.9387958331327697,0.1227873136638995,-0.2795340518325138,0.7889190577209667,0.4417114276084337,6.578741491001563,-3.6657940378374674,1.7952110444965252,0.11809785896928149,93768.99287746924,45.81,0
-0.5019026010733528,-0.8232773360256787,-1.1853105851660426,-2.057851902992845,2.2216175457385874,0.9669483103854454,1.3189693489624477,1.2770062706916039,0.31599816402146663,-0.7637643623694648,93777.88316974533,40.77,0
-1.190846980669417,2.1366522278770077,-0.44492711405718566,-0.8855621260426869,1.8879166561219642,0.2557968158388372,4.728830062289551,-0.7939392780173063,2.39843958548922,0.0607993404360857,93782.78381046462,48.56,0
-0.26115298924307395,0.6022835882321977,-2.590965550332818,-0.4111960764884557,2.8928287468499168,0.7174469069043704,3.977628221149122,-2.205630505631847,3.788698363898084,1.9547996840506214,93834.64810788419,10.8,0
4.293285255657323,-6.7133151501528925,0.37218892869148335,2.1806291147568597,-2.680302066728732,3.8270856031661467,-12.98832017404782,-0.1798708759881784,1.2655065692489043,-3.4044145875379748,93923.40395680924,47.79,0
-0.9656446430132759,-1.2592168420143013,0.37196541471965583,1.3762387323453908,-3.239964660719705,1.8712189619784747,-4.48626503131703,-0.15285552684407033,2.907609602299996,1.1207687932904218,93925.93440049722,19.05,0
-3.600459765306282,0.2525394747617836,0.45490966689202983,-2.1099365526249745,-0.4370180970179469,3.420984706461638,7.773197217752413,-4.065083619643434,1.092122723836715,1.4854857846748128,94037.52888063974,14.24,0
-0.9090206646513443,-0.9744203234662485,-2.352586817456026,-0.17089054457149788,0.3009117733541212,1.8551459146370057,1.6943064809788324,-2.6642915652693775,1.772106006981815,1.712795720952771,94047.08534444697,5.36,0
-1.377105770973894,0.15522137748228437,-1.046913020886775,-0.45851750812894787,-0.594522307319675,-1.2348856756076079,2.675008690894791,-0.7357377467820656,-2.946156176191689,3.1928850182482753,94086.54710788543,94.48,0
-0.3009954752917674,-2.7020494646166715,0.6303124115889911,2.054934340568156,-0.6761075814323124,1.6374546989588727,-4.430660724566969,0.3479108392934176,1.8604330805228613,-0.5474433705845692,94087.7161276348,37.25,0
-1.6154108619271308,3.7239225878314617,1.532232905853622,-3.1873113812069436,1.4014032046152312,0.3697029939697147,7.978686447260035,-0.5226301399093585,1.0931852792490964,-0.8292398288344596,94089.07453314788,65.04,0
0.01646313939845867,0.5308653658094012,-2.7419335967305924,0.6402471301617412,-0.533808884780997,0.018000780270838457,-1.2106783920917894,-0.814332095865381,2.0336405511973967,1.4804581478723686,94180.65158539094,85.53,0
1.294596591798184,-1.2187929528190382,-0.8014031962942954,-2.4172097305721305,0.9395955561086571,0.7405414059503698,-0.18970371302482195,0.5561676541143596,0.6615304773637307,1.1645624880039347,94250.62703351326,163.03,1
-0.6662612176727118,-0.6898287747357068,-2.0939206370037535,-0.5887112930225996,0.3549027230999866,2.561823240570505,2.2306974174074203,-3.2061363627647115,2.524303833685894,0.8503176588420305,94282.58119379355,42.33,0
0.35554823025697957,-3.253899237950767,-0.441784939064473,3.3999422253875045,-1.1159662447497898,0.5340854896077534,-7.741133829014935,1.376306082476169,0.8467777980472045,-0.6347377080695675,94423.15861825201,32.91,0
1.1748548438264383,0.34400302187665543,2.498666480248186,0.5620924488239977,1.602770370810179,-0.3912852504534304,4.974373653025575,-3.4839807866323387,1.4932313855935921,2.75676666645852,94428.0360106199,31.65,0
-2.8358543896853297,1.7160207043459679,0.5475518333788421,-0.6527832184555884,0.24612977065626884,1.5002101100613767,7.875555560605937,-3.91078415359797,0.9933053610634113,1.2987777261788553,94448.53014318056,67.42,0
-2.003857567551359,0.3822061854697607,-1.1154272405921006,-1.150736668978622,0.5767139425377532,0.3052212504984008,3.9592321284235616,-0.8930409925140486,0.214612359395716,2.550838806010577,94460.81244844984,45.38,0
0.002583740539517154,-3.2589177475780993,-0.8376437612625716,4.910122399463972,-1.2906620887833153,-0.7368141402967958,-10.691315681615574,3.4959901837067147,0.4097068937181907,-1.0950083451475487,94469.0138620641,123.94,0
4.162393975501018,-3.4192538349564967,1.0241384082888976,1.4418827495925828,0.19560657595128972,0.9382531402893272,-4.486205045706503,-1.8978532281279605,0.3719649092244216,-0.5931830125658009,94469.3129169913,136.01,0
0.8263224925282076,4.462673691443183,0.3139659059483424,-3.2126909780085398,5.918887829872435,0.5400980581702962,9.440425063998052,-1.1327330197291103,5.461806557321934,-2.598246370473223,94471.53627051873,13.16,0
-2.658363795566652,2.0698237484678934,0.27619828812297187,-1.03037761262925,1.030098093631471,-0.034859874194555156,7.524575568256096,-1.9871124689582427,0.3409684128590825,2.2044641178907507,94623.96259936562,10.52,0
2.4942179841029493,-0.10387943579920333,0.339009035494229,-1.3853476006161656,-3.004412345464061,1.7997067347643039,-1.6698630414578772,-2.7534899817716942,2.706646845176844,1.9531562665324251,94687.39969465414,65.7,0
-2.6302723188771244,4.3058491793599165,3.792586558995828,-1.7089264053416504,0.11629875008357438,-0.42818765857251134,11.514460412872028,-3.4310483642692136,1.3858191722273092,3.6216902900083494,94766.83136528762,24.3,0
2.598589382750224,-1.2276872284908904,2.204078144279777,-0.6504666726218218,-0.44131860446519344,1.6057100192826421,2.086642763910891,-4.359102263511043,1.0459579238936572,1.6322854793890977,94821.19880254609,2.22,0
1.4114303325528608,-1.9719171701298819,1.873720445518448,1.6116462733832158,-0.5718422198174438,1.23506600354588,-2.3274471598948434,-1.4974020920351805,-0.06966686883228279,-1.7527276106578604,94842.7773253671,143.68,0
-0.6163415658251817,-1.8382881896572676,-0.5980740587347647,-2.0287695296817816,-0.7904913223944121,0.9130976921137286,0.3750263885301281,0.13935720252052186,-3.8406428278827835,-0.007659347227728652,94906.36766121762,17.73,0
2.1571812360580633,-0.9990390730011449,0.7485164021193438,0.5341931342941995,-1.3569509560635271,0.17341578901622523,-2.1493861688533986,-1.5400494121337682,0.6785304721634622,1.558691565410563,94958.5908655415,173.19,0
-1.234655096713004,2.2037873671170125,-0.41344516266406695,-2.4975260117011095,2.399052542243527,-0.2889190696171068,6.7307778207364715,-0.4478031827845289,1.2291524332282362,1.6469549689197511,94958.70380265893,83.15,0
-1.325807187390016,-0.9839685657508563,1.3991944421529334,1.0885547360305774,0.7625680495902277,1.246178201152714,1.0042440817794882,-0.6745300114909415,1.9654107247877195,0.15612420629489132,95017.28764772826,333.35,1
1.1545227629228378,1.587379524844088,-1.4003327543828217,-1.2064469226847347,2.5305173228993434,-1.15371788558278,3.285226844299437,-0.44955063087332514,0.41756744249588074,0.3490094475686326,95079.14648460204,15.62,0
-0.2361146815879026,1.6835596705678795,-0.7197390953632813,-0.4815124409489139,0.7542048622709935,0.0028168297798464013,3.383486108797163,-1.5998465603956036,0.8769338389912343,0.12448333645902088,95154.63196737914,18.34,0
6.741538818626207,-1.105137299297002,2.1521011126944334,-2.5854011030082336,1.2156869871513507,1.737106011463878,3.3713617275228542,-6.3797569337976325,2.49467754290276,2.0611166585880563,95188.15364125927,48.88,0
1.1207929929566305,1.236225104298883,-2.4920822871329005,-1.2241697200353268,3.3933748311296053,-2.0858666136493906,2.7583273473644994,0.6600256712679362,0.6805680536135046,2.1403474485170677,95240.4414191491,13.28,0
-0.15143308737600258,-0.40454804698842983,2.153011058458402,1.3593149628661645,0.3423993452192091,-0.4272221923500688,0.8493717331864417,-0.5946233909581575,0.5742032635229111,1.260662553032325,95369.5017402311,24.69,0
0.7903655119599802,0.7508141863250674,-0.4339439643563454,-2.187439315432621,3.670181522461365,-0.016290735594138055,2.9285125970241084,1.2464131617454002,0.4049262010308976,-2.3750991615317574,95393.75285122219,26.21,0
-1.118364298738442,-0.3901730630144593,-1.2944147130807573,-1.2686363585481355,1.575293783727644,-1.02622442887421,1.4259946363746847,1.904167267102601,-1.5827888200640876,1.558759764428897,95472.16716808324,12.3,0
-0.3678208352590635,1.8226573180389263,2.1359117794559577,-0.16131622685288094,-3.34395580089018,-0.26472702407798465,0.1662655278101978,-0.5456172970819619,-0.789107408631964,0.2529832880550459,95500.0398718221,15.93,0
-0.8485368278823765,-1.2224658249179532,-2.986149909644128,0.4221897835054127,0.420361836044274,0.9056536218587161,-0.011258236993163173,-1.3903636365401044,1.5222596179380212,2.3464944847823066,95507.78268416462,102.0,0
-1.3980652911314377,2.8081886827155724,-0.6068850967915096,-0.1522154487437407,1.5608809546498899,-0.2653292040595443,4.696796325919149,-1.0000277571147584,2.944581007437966,0.6844667481682507,95622.54158876058,12.89,0
0.12121725110571124,0.2785396504833635,-0.7765714703822475,-2.139396687685835,1.5997964561893432,1.8755602441488752,3.64274294787439,-1.7155050279768977,1.2666774003712844,-1.1540747582463302,95681.34466986434,2.88,0
3.2789200427233722,-1.365151734383744,0.9949431503552578,-0.6606570822229287,-2.2352639434870807,2.188842144735614,-3.5688817283635146,-2.0841916409978145,1.1596624353292455,-1.4293892603928349,95697.02719509862,65.51,0
1.7640411481914233,-1.4898425260138277,0.35936150154378643,1.0978817282968973,-2.150778122988788,1.536869929591414,-3.715620188164781,-1.9900717069815839,2.0791053661270977,0.5804606704577964,95706.02034454823,243.38,0
0.8126223651662545,0.47658024308047064,1.5898835967050031,0.48870651077199645,0.8903894624596469,-0.893599255000065,2.642647898396763,-1.5720685549773719,0.9216834853940589,2.3133167377989112,95761.9588347291,27.15,0
1.810179607236013,-1.9779017429011216,-1.1374826299410157,1.0664616861522198,-4.768058804251929,2.0029099083105972,-7.753909045760992,-1.3380999409418783,2.3658468352958764,1.3440374427984625,95770.34164201247,9.21,0
0.26393065722644327,-0.8622772258636148,0.31756927066838825,1.5121317148895754,0.06430392912047811,0.2035531855936835,-1.3448366962309495,-0.6192670435473322,2.3701577595255188,1.655418498776387,95792.38027397003,55.92,0
0.9387088400136496,5.625308334659026,-0.16583789811511718,-1.873779086489137,4.770621713739713,-2.6207968271454773,7.460244384131398,0.6446742811728254,3.5534561433809966,-0.40012569506039686,95918.67923943506,154.94,0
-0.044465774069939235,1.1361569965498188,-2.0806821198095022,-0.4870418511408673,1.2628547734922466,-0.6720180350005063,-0.4815961650723233,1.6226269969921048,2.13305503101961,0.37290368954044395,95938.70024438709,100.63,0
1.4475658546894037,1.657435642872961,-2.8960400277291214,-1.274559086036312,4.514503906567732,-2.7338076021176403,2.3013800411472594,1.9238015956525096,1.7145831109382068,2.0697483753060046,95966.82160202268,64.32,0
0.26032290947504155,-1.2314571797135598,0.5836167393438954,2.278647479903328,-2.2728470807289254,0.1476560315040158,-3.5763394976379552,-0.8307702144424151,0.00306358771020232,0.7987951759953499,95978.59872813402,25.6,0
-0.31742670104532145,0.7051510246086063,-0.6867511048777233,-0.5191824060260206,0.9670412947892234,-0.30354397692936186,2.9046716207138625,-0.9759412434869027,-0.7920092828028564,0.2295116894833682,96208.62791280706,51.74,0
0.416373144192385,0.6488698042828605,0.08982442624076026,0.31252681392836246,-2.7655636019290455,1.1403421192790248,-1.2616864518013864,-2.0853815231845223,3.8475366752537954,2.7222016991290605,96212.43260839088,7.22,0
2.102264890261655,0.08097057710219757,-3.7403684804927755,3.887188686899042,1.0509081098466964,-2.770824878136356,-4.995295695340123,0.311422359813033,1.434369091974893,1.284844838764404,96215.25815280291,289.31,1
1.2111311834843885,1.0984868207440295,2.62273798836432,-0.21409283156779568,2.662547829064433,-1.9979105454681836,5.212493897502831,-1.0203741755110798,-1.0299027047830562,1.2601776738732708,96228.59498013816,84.94,0
-0.5803413491949923,0.526647885682981,-0.12354977991374472,-1.6080905424315115,-0.35425167098713084,2.223441908640839,5.5650104231814215,-4.4401646479136545,-0.13735838544047718,0.07030755363847052,96256.60069392607,218.97,0
-2.213251375247758,1.0026922071133246,-0.0675813647180461,-1.2352443494204954,1.2267218645035518,1.1526736239401285,4.966338938612672,-0.9953264326733401,1.307788026215892,0.2901497587518792,96307.8629022158,20.61,0
-0.01626129205681104,1.867104764687984,-1.4941082896256905,-1.501595922750083,3.2515121459363767,0.2489603926408394,3.7104129029989923,0.03613293598343059,3.790914295029895,-0.1340338532298666,96372.08517600759,2.21,0
-0.8924054192421365,-0.9393741819585083,0.7876885139977303,2.637964027850552,-3.4960287131570618,0.6901150262125738,-5.3433948082147324,0.360852891363302,0.7005303732303102,-0.28283283196041187,96384.97452154031,52.27,0
-0.2493673174885639,-0.9415204688863308,-4.932783094127325,0.9113630022606922,1.085061824611733,-1.9395584473189111,-5.435136921462825,3.8400179549099382,2.3365724266121832,3.744523780335859,96492.25435434711,80.75,0
0.260007207582058,0.9851718754950287,0.7255313338924126,0.8311145284494474,-2.2089792796812793,-0.7022484549505318,-1.3521613565289474,-0.31832232429847385,-0.10621061996186376,0.7330501632595863,96533.4061066335,102.57,0
-0.9314408545040633,1.757085448561042,-1.8592813852294254,-0.5943058969752191,2.022978738977111,-0.7629992934169348,3.726586523666207,-0.3618079909281904,2.4572118982592226,2.4286403963803735,96605.44443877286,15.0,0
-1.764235068344313,0.8725590404575209,-1.4929613730762763,0.40415565884185956,-1.4365001080238438,0.46850142671456235,3.078154772617001,-3.1244817047180224,0.6319175357616822,3.1274672273669206,96705.84925006006,20.73,0
-3.4922889745630687,-0.35076786347415934,1.7967172534535416,3.037208416926439,-1.0460695071636834,-0.7088764690846113,-2.0737961108758944,2.516610426799255,0.16649457258068845,0.3086961967111268,96707.29250653875,47.71,0
-0.4331860377730582,1.8470112343609968,-1.04406693314656,-0.2709079011932708,1.4807762178753245,-1.3731377672844365,3.8158662678836763,-0.7275560400583331,0.17494066937864294,1.5631194609934853,96725.78213271251,27.09,0
-1.4904373869356842,1.6730931064149628,-0.5947777273152164,-1.8205790151382666,1.324243516818969,1.0173176635789856,3.4436256230637343,0.284992795935483,2.8426875863164405,-0.17764747923488788,96797.06210220628,129.04,0
-1.4013985166819185,4.479443410858339,0.8181579974865485,-1.8427733298644011,2.129443010223669,1.0627288463491744,7.099647799494504,-1.1000071451739064,5.015779353673728,-1.7787880529055369,96844.14103342002,42.73,0
1.6292788704055292,-2.906833710556074,1.828040675335755,1.2525931847790401,0.2920978439407784,0.49340616038001067,-1.603935227131566,-1.2752185905786921,-0.8499315428491134,0.486788769757026,96882.06431511433,105.48,0
-3.1175296099578444,2.022389327596999,0.9284247538728413,1.5287300989413313,-2.0371697232264263,-1.3094969895289181,3.1068094487982933,-0.9467697572915788,-2.0235180237083403,1.6368301840049595,96885.20936545054,334.44,1
0.22292610331771434,-2.436002313290851,-2.5871922935434015,-1.3939399157411578,0.3625174953714819,0.6786252173171934,-1.047805213900291,0.08405592775579618,-1.796494905915893,1.3988367245795716,96930.08148131474,97.41,0
-0.4574959657242096,0.911789148032988,-1.3130187317713182,-0.881002739429084,2.551831691117091,-1.6808588050216693,4.425791704826773,-0.15565198959173887,-0.8703006918100518,2.3825323180420126,96979.2978152203,27.29,0
-2.158843756541426,0.6204456616887675,-0.34276346462505636,-1.398489479470471,0.022420827997706616,-0.17250035491112353,3.677978559207341,-0.008587451665321377,-1.2802458969501216,1.9150406299069482,96988.69974000895,116.72,0
0.3048404555489934,2.2986182948326457,-3.2031612362643296,1.5166619218810098,2.0231735157119193,-2.975824797654641,2.5237479701825847,-1.1393061574542278,2.041056667322371,4.337984299513063,97024.5367994057,21.86,0
2.827650528444261,-0.38513740245329076,1.4049788492424364,-1.0840214893908087,-1.5033003006024426,1.300497342981974,-0.08652565690387017,-2.9330317229570744,1.3297181872960162,0.9707987555981267,97126.17887276429,52.34,0
-0.22872756583802734,0.10384758089443169,-2.762087148263964,0.9993554658283812,-0.4563438291524231,-1.515865497916389,-4.046884591657257,2.430741334594344,0.46529859736253276,1.315637279795987,97146.22655194993,16.65,0
0.5064585130602557,-3.241783569394824,-0.8065481671648513,2.714177760952303,-1.7926821407707405,0.7733872785426905,-8.090133445335816,1.289574912005,2.082175176319683,1.1305138126925416,97164.88978370282,42.95,0
3.8140786106172486,-5.173834524850712,-0.6346930973762523,2.489984151469644,-1.3948462657274825,2.101470918200636,-9.77596278646354,-0.8325674247506811,1.2972192611478408,-1.1376514773897952,97354.71660314422,25.89,0
-1.2428305314270072,1.2749464112480962,-0.191340163636896,-3.031669239470169,1.3090311002391404,0.34797811681561286,5.971183934195756,-0.6222189501301083,-0.2940960867326603,1.3751910026303973,97356.96538281,21.16,0
0.6534199573026067,-3.454315111521529,0.5873377567530969,3.037393152466971,1.0263992021225823,-0.23651361196429907,-4.262035716039045,0.6650065549426685,0.5977733312885052,1.1080500149210366,97471.99218243187,222.7,0
-0.3501729834750721,0.45279202912372984,-2.3450368328587214,0.13585615090436276,1.0235144753620244,-0.2696068113435298,2.389207150255638,-1.8026654800488546,1.1671905070310034,2.508998245741118,97604.54782778012,12.34,0
3.0790690454631138,-0.21434985976526244,3.1299550187952976,-0.8516463799594047,1.7692253537760627,-0.26767917189461965,3.366679381706041,-2.3192502955833985,-0.9448334475223128,-0.421976554306152,97635.80036603799,101.62,0
-1.3990250267671172,0.9234707135654553,-1.447875717885345,0.726077664386281,-2.1773148193957113,1.0251044077706857,2.1095967271007763,-3.67312292229599,0.9978787009894917,2.1579173787386443,97646.74199183629,270.46,0
-1.9249901855825822,-1.0902864942709183,2.01085540724533,1.2814386843060006,-0.043436179012804166,2.0911318859212766,1.4978142784496518,-1.6001192531182675,1.7818410904931008,-0.43925906260175807,97655.0141242153,17.21,1
-0.41466242550154375,0.35513369510394077,-1.9666100908940751,-1.7732754827685946,2.8920037216810464,1.1196099952052945,4.314205002689161,-1.2946248692346274,2.8672416436195314,1.2126160920853806,97689.0679899742,79.05,0
-0.1437705639023299,-1.9322086224136308,-0.4953301739877398,1.9480807316598505,-4.958099235156808,2.2333232987356104,-8.840466174705956,0.5016485528027932,3.352194012900646,0.5983444558408569,97758.4833784727,19.95,0
-1.7573385241103123,-0.8658633340648932,1.353081284898356,3.2118700466128485,0.629678154133152,-1.8422206166097452,-2.0343407863026775,2.3998582204345102,-0.4122537194584557,0.9388926524672014,97767.05267652417,3.69,0
-1.6360391127690717,2.4782069703676397,0.3285381657414055,-2.905340171948662,2.470101025805103,1.7058081430847092,5.613856794285647,0.3743039057694828,3.9435552669403267,-1.622547351828603,97836.02344369225,34.52,0
-1.2460939474630846,-2.998840123744263,-1.404871528035967,2.966125655984651,-3.1264609509326853,1.6353643449457642,-9.180288518127401,1.8884418192788952,3.2733237096368493,1.083583858324483,97874.72184330384,178.89,0
0.7110283672643629,0.23626090190957783,-2.7817122389919215,-1.0524469705445059,2.5620227649688108,-0.7151682296767272,4.216156171420409,-2.1910880036897016,0.536179977457315,3.3590271155729994,97909.388738864,1.77,0
1.576433679070811,-1.4438044195207467,0.8237660920811845,1.5522531894625755,-0.5146617906830999,-0.5437536355333876,-3.088902567479578,-0.1296176814663984,0.17563890032012042,1.0851069573419612,97980.40989849619,58.62,0
-0.48236194189983306,1.199354705071281,1.9376919588090913,0.9185811898441955,-1.109126180084954,-0.60356105439689,0.9307595839982598,-0.531043677337902,0.4549344686065705,0.7743249130181766,98031.55155187454,46.24,0
3.119169951065694,-1.4268364380424914,0.741325051117613,-0.6414920742788828,-2.178295844587154,1.9693793050628243,-2.538761469220444,-2.8923267559679147,2.531803139584061,1.546447509513387,98071.05857959724,135.33,0
3.752267342834058,0.658433094165153,2.382507533614962,-1.1347936173375008,2.008429932378065,-0.4129276585206656,5.863973239276923,-4.707898012875228,1.2105492733454006,2.7193993185750447,98103.28053848623,6.7,0
0.5331167959786401,-2.0387848029201336,0.3336904194499706,1.138472652982042,-0.43079891032914297,1.110266520004707,-2.1535137092253356,-1.097247987654815,2.8322999830680824,2.4833992485183707,98140.93583949437,75.37,0
2.1741607652041464,-1.875792192168226,-0.06024647734081068,1.2725926295315204,0.5370104343656723,0.1606373108393416,-2.024084623135806,-1.548049772356623,2.1493978299990326,2.3409875161275107,98145.9585762187,75.09,0
1.8901573717434186,-1.3840831563276894,1.7077076486032428,0.7014251215703494,-3.192420251784857,1.0523920245679357,-4.502872261771473,-0.8745110737638676,-1.010389978102208,-1.4128204041022925,98203.7266563695,72.88,0
-1.045820211189782,-2.831080748378607,-0.5951100446537299,4.147934705106057,-1.3871407768892774,-0.2986598926330068,-6.5897764483532315,1.3138157063284965,0.563363399752713,1.3263466492585552,98388.40801229846,186.45,0
0.9874032834693744,-3.6968482513462355,-2.3652279130959286,2.452865416368459,-2.839214331869031,1.5794376907439451,-10.02387196272235,0.76106356708876,3.9743311142686943,2.574531040251215,98416.47390919551,113.59,0
1.1221986934180408,-1.5400012365287084,-0.03285420896578328,1.9215532711019971,0.35196632152908847,-0.12964538709274973,-2.8498625039404835,-0.3168262471353618,2.343956996318485,1.8521486725035778,98476.93754576349,3.79,0
-3.707089526966386,-1.3567587323595196,2.9220783999630036,-1.1412526034796358,-1.8651145732145193,2.547825068182251,4.049327633904542,-1.5280457089761463,-1.2098972567302675,1.440727033191287,98506.57019144227,718.43,1
-1.3244680185244975,0.904475623161209,-0.5954161137009748,-2.0318648083862128,1.5870624356208987,0.08927993932685253,4.874536585212476,-0.34129747587811465,0.030795643940179085,1.3940978733408007,98601.36421918977,33.98,0
-1.1992696671954335,1.201796665374148,-0.9718237715123409,-0.9920999923774424,1.630534547881967,1.576475954879529,4.344428122131907,-1.8238878122120394,3.267926981720981,0.09385185326016243,98630.49104678797,25.13,0
-0.4234475797042586,-0.8856067235041207,-2.9249114264977614,0.4679091489700198,0.3652210999834624,2.3363045544318166,-0.4624143461311767,-2.208898675319917,3.785116596474028,0.5074619693593299,98647.61762986149,40.02,0
0.14570292771135374,-5.409480829620361,-0.7579566462984957,4.403179642881287,-3.763115998016739,1.9055780781870675,-14.147495463614842,2.9010074257926366,0.39436256268495995,-2.352805010426597,98713.80920513043,32.51,0
-0.6046178625654536,1.756986465971389,0.07037369497104962,-3.0565440357477285,4.110698063740702,2.672201516843034,10.678702118024606,-4.481451766463173,3.55012978840917,-0.44978669519352277,98774.67274039869,37.8,0
-2.5145385712009105,1.8144010329802822,-0.6314290244314462,1.586143420250476,-2.793807727046789,-1.2116907223369995,1.5805867752401248,-1.4616346184053943,-1.1097298589809648,2.975837712671752,98797.70588723978,252.93,0
-2.0140457479658895,-0.12238655371967888,1.56731542763392,1.0871429385708788,-2.497095094848759,0.44499057118138413,-2.769231574758755,1.7281630688008747,0.5301721710203084,-0.1478695762713651,98802.26243395008,7.03,0
2.150906763906401,-3.214792447851115,0.5929894480180881,1.6616865296618313,-1.324379105034014,2.0287107452666744,-4.540696915210716,-2.179285147021603,1.6889722366787647,0.19761876867341321,98819.52846805783,167.01,0
-1.700349456926694,0.5833852470242122,-0.0178787199768351,-2.522367354307346,2.389161334819068,0.31482721398715957,6.881809957591538,-0.7792086183209943,-0.7880282342486962,1.349142307339129,98850.00557421519,43.53,0
-0.4045905316841689,0.6124063424929389,-1.2350365509030894,-2.2164450065837578,2.854913611468728,1.723003416612474,4.276542789461635,-0.9300533886076642,3.1087422448532394,-0.43853248410962187,98946.52984201348,64.54,0
-1.337321958411237,2.184179904568814,-1.7458320160164236,1.0444989875162713,2.003771633233475,-0.2315500826282667,2.9498100638565714,-0.8870431474753196,4.429555580034918,1.141826188187454,99021.69226696591,116.25,0
-2.159062058821454,1.4249421773842037,-0.8874631598517239,-1.7142100354684922,0.25515288735132413,0.5100832160559466,5.3242107085925685,-1.4746690610343887,1.1532420306173181,2.8805177297783606,99090.06706770384,30.06,0
-2.9699023366614257,0.49547969804646774,-0.4369612599254734,0.8706939087552663,-1.327398755299427,1.781788743309178,6.425729324891712,-5.774338167246065,0.3496838934699771,2.950964928920809,99105.80281152306,37.59,0
2.274652262618425,2.7424421541261186,1.4263268569344487,-1.2455564457332273,0.120110210990932,-1.8679611881025724,4.464435282400052,-2.325190958025808,0.34548292294742333,2.8580979081461892,99178.536856725,35.24,0
1.8034178039162694,-2.1107729919160754,1.5715487848607563,0.15282017614376198,-2.6398471852979455,1.7316292770672652,-5.782347363651306,0.4599459235690275,-0.22734886461556325,-2.3016120466905288,99236.89297558846,31.52,0
0.9178631031545101,-1.7624847838220883,-3.72566393612595,2.0862245486795166,-1.0020200227772063,-1.121512359008952,-5.723939631363267,0.554165081990738,-1.0600828099510125,1.5245829178388604,99268.95395748877,169.83,0
0.14758301962227582,1.961688669391454,4.142663214035225,-0.7733654365072888,0.17767679032248362,-0.37918986685931816,8.05916016100992,-4.039953271716081,-0.38185861252569575,2.3308133938606845,99441.93793695189,115.77,0
-1.6928485330506378,3.8017082156980573,1.2327362957790848,-1.885581506906741,2.5237122834599646,0.9652361948343717,8.427559735815853,-1.6228803259507432,3.3458656970826337,-1.490343733826097,99582.62863682532,8.5,0
4.784429392846789,-2.6862988646660675,1.6184775792538502,-0.0009732541544462681,-0.6315020086422726,1.8264507230550031,-2.9620480959236555,-3.211834726999954,0.06224772231281872,-1.484470359937328,99622.04696886301,8.44,0
-0.6429138678410529,2.1893268574713787,-1.412743391531753,0.24527212069236803,1.6325927790350376,-0.4729684848549931,3.3638202428922352,-1.1191797827338714,2.7902769123693343,0.9823332638754206,99654.17452262029,37.3,0
-3.619519134766711,-1.720176969358088,0.42938833832716794,3.778477183900677,-3.060034436760344,0.45995650970511054,-6.667432364462845,2.9729696692144456,0.7564950802783241,-0.14302123261430832,99680.9554597306,7.75,0
1.9725053616778199,-7.491108871378175,-2.912390038969638,4.4709571156484404,-7.921037744848522,4.402702893444766,-22.58542020807203,2.7358282519364483,2.3140333316792896,-3.019955553266243,99688.99126343486,63.74,0
0.7114957085446858,-0.6328586321916192,-2.842919177592524,-0.5460997670338854,2.601581733578281,0.1862923170928969,-1.034008868953144,1.1443400610280539,2.180668797929509,-0.1309065001815315,99726.78286742183,11.08,0
-1.2181437578632273,-0.5804517987987503,-2.2758242193173444,-1.7412355375062711,2.109912050286031,0.5025099613086617,2.486748229992424,0.40089100437619973,1.3675787422775039,2.407946088127992,99740.14042773038,49.03,0
-2.13081006977771,2.186685587964499,0.6625119127903989,-0.8425752789014351,-1.2068309187082091,1.4765512520229587,4.2641106873193815,-2.0407115360755546,1.20333878729132,-0.560266241780282,99753.81625148508,1.47,0
-1.1425773869427016,1.0841091545546617,0.33932446627170787,-2.477429678508064,1.6187560677219266,0.16235292742343982,5.634280841985904,-0.35569409791945095,-1.098961548431233,0.15615379411081298,99808.13362426401,25.74,0
-0.08133303908381917,-1.2035601881542393,1.203418184867144,1.5495560570245805,-0.8004598484890578,0.015097380929747982,-2.4988641566617673,0.48899343230042724,-0.20233258232895612,-0.13526849119133977,99814.76715071623,74.5,0
0.2460805987658683,5.865860534990756,5.309622222686468,-3.905707816565796,3.285412980934699,-2.2833816192895666,18.82963879766205,-6.010559195325867,-1.0416093819313073,4.507715478915802,99859.58427353846,44.01,0
0.43086557941650183,2.8340519339084826,4.596911622466321,-0.9626965600843045,1.6891877186646722,-2.010378640821954,9.399146712649644,-2.7853676143919217,-1.7793965603854285,1.8215470857742342,99926.80836413887,249.89,0
0.024577008785195864,-0.6638197607728653,1.0100573208331474,1.3717514226341894,0.9389106999052368,-0.7874501106018568,0.9686583582293508,-0.8014572047496676,1.7817356102710216,3.5262330115126885,99929.96341983831,135.7,0
-1.3656666071334658,1.64318440462085,0.3805100191433519,-1.7075551918147334,2.0476494456904395,0.5575571690880473,7.2957421627700025,-2.031034223354661,0.3369912258146277,0.2776049335865757,99945.25925870749,29.91,0
2.722923767067303,-1.292947894674672,-0.3562467317144111,-0.4083518182167565,-3.8336593644994683,1.9125464958991287,-5.567097869771636,-1.5960994485599276,2.188544679521316,0.9657162710271742,99995.11060130959,4.03,0
-1.145771568801465,0.08717436346332996,0.4595535028755364,0.7662296891584347,-2.6399780911271753,0.7985460093289429,-0.8802937431030945,-1.1389521569397714,2.2318737567116744,2.806365946037448,100017.80717966332,122.44,0
0.5217767459715059,1.1990482522810053,-2.820101559525544,1.3291557080714007,-0.0457518672662629,-2.3571110798528694,-1.6121650545141206,0.4952851949912376,0.30564077088423536,2.3395706325830172,100105.53983918286,158.41,0
-2.5384745235277717,2.786467263181158,0.07777846072504158,-0.7047099297233329,0.9142787928018503,-2.2653254862732264,7.732674173698347,-1.1321592382854928,-1.4675836803187399,4.14717352207131,100221.19846758108,112.69,0
-0.0004028618565294906,2.400427439406257,0.3056703975904502,-2.8872282934064524,4.548106795293813,-0.48865261328983156,6.251680025733993,1.223839670087691,1.3597400849786512,-1.6881183887851612,100238.89671437377,9.9,0
0.5352880137257259,2.262094261820349,-0.8477746053468179,-2.578709048658329,3.0689637505925482,-3.272303905974615,3.7342714266567603,2.886965217079037,-1.76005743194701,1.5302006722556905,100239.35063088176,402.25,0
1.8592968850121063,-1.554806859659389,-0.057786875216260025,1.169747748647127,-0.5342987747501131,1.305392605380907,-1.911448224713806,-2.672438077015157,3.5950738996651515,2.323176524165202,100253.78540248302,20.45,0
-1.1101640218318758,2.401379593080721,-1.211214579177374,1.1523800749919872,0.4888212627944073,0.2743305739785232,7.448695210398226,-6.1029912950932905,2.2504878452801265,3.1048119617823575,100304.80145171066,84.73,0
-0.5146394031848824,-1.3997381172969452,0.40937214222109763,2.5872784423550916,0.35640532679978776,0.1357668220423738,-0.8340701920240667,-1.1698621531908775,2.45587621510558,2.554174287857924,100325.6669280459,156.11,0
-1.4734791039884902,2.2339548035732797,-0.9008239000509789,-0.5637626740515366,0.5181403276930754,-0.7789584826857555,7.702308599323874,-3.8528107440197252,0.0351355664348274,4.241001196510508,100344.80181098044,18.47,0
-0.22363934648155936,0.11870607296816948,1.3211275629119412,0.7585110514936556,-2.329414019309731,0.5541224847209387,-0.42565179387957974,-1.539340824311434,0.579253122471672,1.1573073600224015,100388.22564467738,156.27,0
-1.4983344863850445,0.5990730071333801,-0.8410840588306985,-1.9205257195281416,0.765205530608889,2.2187790220356356,2.4523607408161987,-0.2735587992117593,2.987770592929013,-0.6058200951018873,100437.9646618274,25.07,0
2.7802627334508037,-3.2678670175827578,-0.29772557543477673,1.9563380799871322,-0.5871697237524817,1.435387196983735,-5.326452818858744,-1.8071087586864496,2.7604087381803595,1.2082198331515754,100504.33222853264,244.56,0
-0.536408201948892,1.208777849435816,-0.1521752007439081,-1.7090875236078316,1.6530822211308194,-1.2099822578384143,4.118321532749154,0.5088767448225953,-1.6601175922311642,0.8074766759542944,100564.6582508081,134.72,1
-1.7048170642343887,0.7121303285997767,0.7821954091690547,1.4804120001099705,-3.180337541766354,0.4437081609664902,1.2276696929613573,-2.7705123666024294,-1.3438235639183345,0.8613701261823089,100599.05551846002,200.96,1
-1.0981565225698862,-2.8765334713586013,3.6827131030119875,0.02952420080144058,2.221258171655758,2.729216887455978,4.785310991890542,-2.882160168537822,2.266886444149815,1.7604474367790894,100603.94341146287,57.51,1
-1.7286952025395987,0.6623773951766254,-1.435427622307357,0.9214620637667368,-0.5775158270923451,-0.6544932771370818,-0.3823400577058923,0.6655782066812868,0.4601540774744739,1.3700985876704324,100642.63533821219,81.3,0
-0.4850277522908184,-1.8657617162251947,2.25570521272652,2.6070575434336005,-0.15086659599641528,-0.8862604802108622,-2.3330076993684186,1.0578885021445297,-1.7838851603984214,-0.06337795470459406,100709.02110242701,50.37,0
-1.294504574551597,1.3691834379562744,-1.8082040945064226,-0.4341351184299609,0.45876138183388415,-1.351828820001663,0.6329210330928499,1.69474481980355,1.0218284020356136,2.304889728705736,100729.62261577667,43.24,0
2.1107240476748945,-3.200351197546513,-0.9195582548801915,1.5147647832037463,-2.6004240175931366,1.9998185572992309,-8.621427980356493,0.02965206604592563,2.858227904951761,0.21211967170397028,100749.58173556281,17.44,0
-0.9281396459268204,0.509950228248624,0.3605951457223773,-2.2689052225163793,1.8770603968549073,4.450840475427845,6.7084176968265945,-4.251832785606784,3.5458024706403286,-2.88389856799662,100775.37097908247,80.48,0
1.814526321228579,-0.5109046160990223,-0.18852538867950064,0.8208657003403119,-2.132003573947478,1.103836754341084,-2.536030056959462,-2.5396223017711668,3.2810122529669408,2.252189329288412,100786.01339160981,14.76,0
-2.697319945305868,-0.013269453729652936,0.5835660289623616,2.148970341006153,-2.838491641167027,0.23589832310022346,-3.1171001978327193,1.2132886680068875,2.1213282792551698,1.9019324544915275,100806.12260878918,53.31,0
0.6307643662125759,-0.2403485369193168,2.1693700724358114,0.9199755380593171,-0.4949132738490887,0.4276285940601506,1.7973680020326503,-2.7468823736919035,0.4461347751711764,1.0208479643378732,100810.10213558562,19.98,0
0.9378134387573851,1.7163026155877918,-2.6996556523319892,-0.2784158526898033,2.6712854330450817,-2.3347219497137863,2.4048267440733984,0.028160910863474387,1.2457270994660492,2.729688980657728,100855.7761278307,203.47,0
-2.6360588257884205,-0.4471070289803598,2.1925077718574855,2.3370312329474277,2.4654017343126613,2.089852629432642,4.51318766727835,-2.496793034130719,3.5745432943124045,-1.0008590537554003,100865.70795997969,81.17,1
-3.724547717042131,1.9236876016508502,1.3481866421734634,-2.2744359110265195,1.3084724411698665,-0.1787865927471894,8.266521084164795,-0.019719279395752465,-1.1388283292738826,1.7145406930772396,100875.9364728385,15.48,0
1.5705146147831952,2.0181174664679924,-3.3281440717077917,1.3428506220001397,3.701673772049157,-2.390696697687929,0.9220588139430116,0.0028187502495158334,3.538711767385871,1.4843811962282807,100969.51310031173,19.04,0
-2.1536253489143045,3.456805879066043,-1.0065825199870169,-0.28211868584541144,0.743703336278403,-0.7161717536014656,7.174358934810967,-2.700306444564145,2.859478430356063,3.9041968815624153,100992.77160608322,35.75,0
1.9434389835510026,-2.8630541287995497,-0.04571826765578413,0.2057840869654638,-3.121961293390526,3.027163159463216,-6.8149846694195,-0.8583816369360482,2.701861335096005,-0.34097967452936584,101149.23416775877,18.22,0
-3.7209651697257997,3.048418181650984,0.7531437347653707,-0.8897582930375089,-0.1169386122646019,0.34675283070699314,7.076580848594437,-1.4178480542204412,1.6710632222318595,1.8700290367029098,101222.02044405446,44.94,0
2.527955538818513,-1.0551040943147554,1.810486794707334,0.44369730762274784,1.5400408451189445,-0.5782325557576834,2.173094514945428,-2.671657386732557,0.29936368184057516,2.434088898472514,101237.43544476811,134.86,0
-1.5566780050620714,3.818402752748122,0.2774859706804178,-0.9261709866865309,1.6392806065493077,-0.2539555474955426,5.181426043033055,0.020783240771604206,3.3319798053664575,-0.553346778719698,101300.51497250257,81.93,0
0.8596638096862643,0.055567261793980416,3.0491879227690606,0.5677592965734808,-1.2196371570025029,-0.30006606369955874,0.5497497836774963,-1.1301583160669333,-2.056165833159136,-0.8730113512562303,101365.94243672192,57.38,0
-0.6586778659904045,3.038414536707428,-0.6543585990557179,-1.3546497108380036,2.586069391506334,-0.32356353077732414,6.5576260229680425,-1.4555051615160282,2.8383529612492246,0.9780538656313571,101406.14519400791,7.06,0
-2.1438697675340816,0.23073266979005058,0.30422708981116453,-1.1265920980226893,-0.29761393622958177,3.2224836183197643,4.071324376422274,-2.7292254432710203,1.6099571340944485,-1.4002132562384118,101422.62833337914,77.97,0
-2.0532895166829324,2.0305094930183154,-1.576358081422532,-0.7957940620948067,2.327636154469479,-1.4604747361396948,4.551447343421975,0.8480910624817228,2.1072417453749104,3.447035468442355,101534.83852770465,12.83,0
-2.5541592189252826,2.7640363589314796,0.5694362729790794,-1.3058158398549744,1.9965298981627542,-0.24813619836173698,7.034988561556147,-0.33389672871306564,1.4856910915542678,0.7913357958538058,101566.54555698785,101.33,0
0.1913307018254159,0.8240705245121611,1.4252930550474463,0.2669915281389862,-0.9053457709243942,0.05807791988686284,2.1381170107434695,-2.2570043231686823,2.144326930440087,3.0101313976025224,101641.35172868188,19.7,0
0.03610150032905768,0.6602242247836634,-2.8114193636297937,0.06989624378847137,1.937289863869553,-1.2035808673392632,-2.524511369161482,3.219762019101328,2.733102359181794,0.40503433271411204,101667.26378588889,36.08,0
1.7889110143829179,0.4545282296510422,1.9924326484139327,-0.1963698048395004,0.3673243736731404,-0.7567913089926785,2.3065477317435614,-1.8339467224251922,0.3128125238642798,1.9005325792120764,101732.80702429207,29.05,0
-1.5072094010466466,3.098029339495667,-0.30156951383695507,-0.566332915931687,0.6173454825387221,0.9877633946231811,4.623988613139672,-1.7323470482869672,4.039246136658971,-0.21694332027487584,101857.64938295567,128.25,0
-0.1386919580656163,2.056667025066494,-0.9011605471077684,-1.6166869651737552,2.0859892639453763,-0.5353450648966597,6.032623560294015,-1.774854290857403,0.8201205202317622,1.6022069222446667,101937.7762884806,9.79,0
-2.1128316598747556,-0.21216056253724802,0.5970414780578366,2.791945328480642,-1.6147579582614844,-1.6143251508231755,-3.5527347487277856,2.5430167954748204,-0.1169591766944027,1.6770995174062584,101991.85923497826,55.2,0
0.909832145564855,-1.9562840103756134,1.2245338157730021,2.1955364578633896,-0.7120961895871085,-0.10689375546632626,-2.9595737903215964,-0.5672549360927206,-0.38918227184310505,0.5204509495598175,102002.96606655877,10.96,0
-0.21623113127951754,-1.0341379080180944,0.7215653785817235,1.0312860933364127,-2.851279553937217,0.16961264982360633,-5.104859527725889,1.6125924700280225,-0.10667483770055108,0.18603769567577733,102012.08091127596,80.31,0
-0.32902257503139576,4.214981349593627,0.023255605689651127,-0.5203815376698094,0.8801988890246799,2.0425189032072266,7.802786620392653,-5.54229025662397,5.46185905213729,-0.9707464559562793,102062.2177142734,154.06,0
1.7001567243592008,0.6534124580390357,1.5136707645485197,0.28276941756425655,-2.0210209709087503,0.5248200539331322,-0.5240692872274386,-2.2787876588327096,1.6796844646680023,0.8437410598401973,102095.98742632505,38.07,0
0.22461589880956345,0.11748328499025351,-2.313801889373548,0.033740730344214986,0.378997485063003,1.0854568898356136,3.0247408493389702,-4.09402741950956,1.4868368606608844,1.9195104445859266,102106.30058292819,44.52,0
0.062379789488008375,-3.4656517995464204,-1.1032812641608252,3.6204586353778163,-4.691452591191144,1.7339605419919881,-11.217316394043408,0.8993861919763297,1.5816719387548612,-0.14942952071939364,102147.31640307164,171.5,0
1.42438829244024,1.2455224157033487,-2.263377417674884,-1.596334278864874,1.6771972047749304,-1.6355618666268028,-3.100387457190591,4.405178964200198,1.3626345219802851,-0.9586715715239715,102172.39529672377,48.84,0
-1.4106166105981646,1.4939963096404032,2.2594865734692404,1.0674257624650463,-0.19511184626466094,-1.0399818272635322,3.301150628196605,-0.7859326268575453,-0.2817875121383,1.1332856437755419,102245.26964653305,44.46,0
2.242249941710686,0.12884384846123287,0.02021379399552603,0.7156481560943404,-0.01158281437496389,-5.8380741990192514e-05,0.21931947497173862,-2.7901953836745004,2.924971497573662,2.584472239936586,102358.136780933,57.13,0
-2.3492850878556464,0.6110465489105369,0.11911197326446055,-1.5605119222075685,-0.7993526578568262,0.8403405641701042,3.9822420630668054,-0.9765463446328966,-1.1000546778502893,1.1730388488008212,102368.06518916464,76.97,0
0.8422058595159863,-0.030019224319141058,1.5481804338146126,0.41313277918360536,-2.8144012451307168,0.17241328127194175,-2.268328224630829,-0.5647892635758434,-1.1183555653579096,-0.4712033874240078,102369.23749936094,8.35,0
0.09709133896571487,1.5456061432131862,-0.34242920498413465,-1.4828620173434728,1.3958963100902377,0.3418713616348789,3.6004643742397726,-0.8837768835329441,0.6759641686930035,-1.0018123694093197,102442.78319180144,112.86,0
-0.5113424285466748,0.4218057253553342,2.97704521909914,1.9652722542740677,-0.520586152646012,-1.7074370685534674,-0.12844144916491768,0.9458364722282244,-3.3497932566706723,-1.8315103739679808,102460.0207406463,38.17,0
-0.6373882792716614,-0.9204155921153823,-0.8066098256225769,1.7807589338833394,-3.6356370036233243,1.1030673635235322,-6.479651897525319,0.8228764153690775,2.5158175617141456,0.784929119173274,102461.90712795546,5.88,0
-0.34139132754777735,-0.5788882567039082,3.479953704420094,0.7771764853891154,5.086746335870301,-0.903279432202836,8.89664214622649,-2.918372199105171,0.9506084497060555,3.4665764330775493,102478.0609474763,101.27,0
1.082083802943936,-0.7908459779342645,1.7751397264472129,0.8560197942202358,0.8003791374299662,-0.2090288639066833,0.7185512128422593,-1.1419498109355064,-0.10765840119386283,0.33474960397224574,102497.7402500201,31.75,0
-1.8043781490400543,4.303296778749125,-1.8939251227965874,0.6269013299262511,2.502066300792988,-3.2157660865418793,5.720105117273051,0.10393071555270272,3.562605279309836,4.803848061971127,102508.68731455601,7.87,0
1.3980509157586467,-0.36528112894955433,-0.31493939148517325,-0.21308247458098095,0.2607759428889316,-0.9005775337998424,1.112514194131228,-1.4610398922216241,-1.5603454852087262,1.8079611863996532,102567.32963345421,202.54,1
3.0192896410710377,-1.0164291156173606,0.6502074529117623,0.4840198640238662,-1.2925808471280273,0.3161383787754417,-2.2750894330536306,-2.1961905510647095,0.6709858109873154,1.0710571722664188,102572.77597413961,138.89,0
1.5039084553842135,2.5945786980746703,3.0244734593005838,-1.85634265978809,3.623101104183326,-1.5573663652300256,10.408105279536597,-3.5204347108966654,0.9564337839131141,3.2921966437781793,102584.58472083544,143.16,0
1.4301611969503698,0.9268767672604153,-1.7646527114615431,0.3414627112547819,0.6570160540294794,1.796092844026041,-0.6477130492624397,-1.9914963094986144,3.798534823826713,-2.8258356594770193,102665.78761284894,206.54,0
-0.8660801134872729,1.7097827590360581,-0.9753131981550561,-1.402794695744685,2.2561955140731715,0.2370819811057962,5.553169147960639,-1.4185671871557668,2.0803264425487518,1.208107197007551,102725.5107201707,132.48,0
0.5095992058322645,-1.5159495402237346,-3.528168839198232,0.3388775656009557,1.6102841054758246,0.45353700542639463,-2.3230856898714585,0.3411791760586482,1.927415204660185,0.8200723226659651,102789.62717792997,1.14,0
-1.1635636915649386,1.3219313343567156,-0.24063028968724087,-1.7222375350536834,2.0977239492239015,-0.04315784423738278,8.04088964800303,-2.765835768510763,-0.5388394831905792,2.123944597547399,102829.46642500404,32.1,0
-0.3841223906141715,-1.8127280581087097,-0.10131664976115928,1.9402871244448032,-2.2713618737076517,0.6285835151585855,-4.339147317035955,-0.13740170106606664,1.6853038532757747,2.3740941268260993,102838.75342370177,111.94,0
2.505231798931331,-1.3138938337679242,0.2214298279785979,-0.08596322459274175,-2.583858134335507,2.2973171672855,-3.824363621962129,-2.386817845107739,3.7902062687443743,1.3391622256826312,102852.77773712396,30.65,0
-0.9875420591784018,1.254202064261004,-1.3769080567271248,-1.9520064888462527,2.1144099577664903,-0.8608771554545901,4.171901193693996,0.6203435391768897,0.6576593641090697,2.3811113348491704,102868.40435227011,60.81,0
1.3498203524333232,-1.9652852432218095,-3.9494138414246223,-0.34597543674021003,1.2249287632601296,2.5227224378751716,-2.6257250106759527,-1.3760764365675417,3.791997249734904,-0.3036748985062525,102882.53099290357,61.59,0
0.1819232978832639,0.05561577989793565,-1.757822965707231,-0.18451004825829642,0.20697585059510482,0.542871170632349,2.508702385107947,-2.989310887986101,-0.0034162381945399556,1.3421167783095096,102926.37437703549,30.52,0
-0.39911241253072993,1.8963231612717881,3.469888038242056,-1.272556576992069,-0.31572121756886495,0.41329502516165206,6.7287009038958585,-3.1445375399131597,1.0370555109413384,2.1740795976944907,103002.96186517927,153.64,0
1.398528279349529,-1.5016015740886113,0.838209591593359,2.0943988549615193,0.6544966309746536,-0.7779915729702898,-1.5816909563619264,-0.7897932204234422,0.40813903163640974,1.4824156999804794,103035.43500169876,494.46,1
-2.581655401069992,2.5987836860583453,0.1272791510262654,-0.8681870135497907,-0.4044110563564771,-0.9819510878556218,7.027928227535153,-2.080573621676182,-0.8629748519578577,3.5218010469356957,103134.44429283845,41.63,0
-1.2485030872477803,-1.7760697572731416,-2.3721356878284325,-1.2984453496273163,-1.0380160448996603,-0.31272985066512504,-0.6766846770442534,0.8091072909791661,-2.6834257024658723,3.6081073380455395,103136.00432620483,390.8,0
3.414255644193111,-0.9240017040271438,1.4697239672589997,0.48748660702169067,0.7940547458097746,-0.8095748241498865,0.7854570513903287,-2.6644138845687415,-1.089574141615397,1.0773430386987273,103146.16732646218,45.22,0
2.9781864460037815,0.7430614798243487,1.218238751539728,-0.07581144138094809,1.4802494352603266,-0.9562744995288318,3.2767760832024706,-3.1297415654636884,1.3979812569853427,2.4307133271432426,103188.43687512416,13.77,0
1.564664721463234,-1.5247485681977682,-0.8351860221863572,0.510423444750425,-2.4476983231157576,1.3030377026780855,-4.950444725723892,-0.8418787755648798,2.8112627969024047,1.945421272295222,103232.98405502927,47.78,0
-2.257283496661091,2.1741078073841544,2.7205676324545367,-4.563392959386987,1.5056167429044587,2.8992131761101407,12.945179670101712,-4.515358166074813,-0.6635529878449671,-0.8760352827946538,103277.0792510271,110.34,0
-0.5435329212721454,0.25165682956546664,-1.0465685152022761,-0.9889695697131302,1.2763164747147449,2.201676994335766,5.493238561978452,-4.251114393291878,1.7815488786029174,0.459975342450615,103317.11633855551,98.5,0
0.5707246209623188,-0.9381418565557738,0.6405923142687412,0.9751263739758455,-1.189627789362578,1.2087603351909448,-1.3292247904729122,-1.8188040648298158,2.235100321274474,1.2358339246848635,103373.33081421406,102.0,0
-0.5857078246076954,0.5077631256281414,-0.9348708383185922,-1.9296322441445857,1.0781849462610897,0.23242016078819905,4.651123839529199,-1.5226540587678972,-0.6283175744767129,1.680467213996367,103396.17328665272,81.02,0
-2.1612020411576474,2.7452925514591446,0.32655965809832144,-0.11429135178192629,-1.6313002998299124,0.24701991141776589,5.032660647432558,-2.805790261136462,0.41524478908369955,1.348380756634641,103448.18606924792,20.07,0
-0.8583206142723028,-4.003365594829193,-0.7325457095635248,3.7671631421167144,-1.5358348758030136,1.2142186746885677,-7.681808144909195,0.9806280194706363,1.7722914277637654,0.9280424716220107,103503.48621302198,129.77,0
2.42014726365757,-1.8700557463000118,1.3004715250225327,0.22239260457972776,-2.0466274693679116,1.468611228237796,-5.88076160421921,0.48821827517433625,0.324376990403351,-2.465425969271248,103514.90465958594,146.54,0
-0.5502192083057327,0.9981125064492707,-2.1795803024841716,-0.1250963997206287,1.9205430984458078,-4.1123621278348566,0.6709570527650728,3.265245500951411,-2.1174126377789197,3.85044733466267,103559.40566889485,15.03,0
-0.23131007605970233,0.750721547394676,-1.5263601312388104,-1.4658875670753924,1.06700017927671,0.4293247613665462,1.4125735801554276,0.27081086773199825,1.5552335249411144,0.22099417788836584,103683.55071501568,10.09,0
-0.11792003206522983,-0.02595061491409356,-2.3027891747840927,-0.8446025822697185,1.4187667046671293,0.022517094214271845,-0.14647975824345874,0.979918229711688,1.5297241931420558,0.7548651099030106,103769.31348293531,242.37,0
-1.8891085386358353,3.494568583868771,1.0067661386738882,-1.1581162294149268,0.17161319471867842,-0.771684523851812,4.888622282411963,0.29032782644263855,0.44020673103238195,-0.22975139441340753,103782.70080471467,132.78,0
1.6904042776910493,-1.708707893272026,0.7892496842320877,0.571491563610094,-4.187118286216627,2.228371948739868,-7.220957502769289,-0.11863477506260911,0.6897317707368651,-2.2552496714233454,103792.50429955589,146.41,0
2.87555172723435,-3.6265990536680306,-0.07455412580273735,1.8802681943191648,-2.0692118300817697,1.7202254714558158,-8.128965066193684,-0.5369808541316893,1.0017652672319162,-1.0976850554160573,103865.61602308025,142.37,0
1.410976859439344,0.500269816886797,-1.0217341048930062,-1.318816771977918,1.4580070570310517,-0.01886629881510798,2.9736910231621128,-1.8422823501656045,-1.0191812536088372,-0.5085547254053755,103872.67402922649,97.1,1
3.808137260717249,-0.7821851997645268,0.9854971394411443,-0.9802021261536209,-1.5826454863010553,1.2552603756600083,-1.4116117781958375,-3.0245668490993,1.6935995588039923,1.2020906084693537,103948.5103430096,68.57,0
2.4908154450030975,-0.009004908707726411,-2.7269523345821023,-2.1873952325583437,3.3476713681019468,-0.9515334347872211,0.7355658493724418,0.9177755604223596,0.25147530295238707,0.24066631974387775,103958.52252128602,52.24,0
-2.1595274535685496,2.067436457889672,-1.4535827040643143,-0.796047333295936,3.158280331697632,-1.1084873259600991,5.481436012828672,0.5467053479645012,2.85554645501301,3.033477490754447,104005.13868915646,4.42,0
4.562427787062506,-1.5923117969442009,1.0343152346826239,-1.2059273808618416,0.020194532350692462,1.8845382588906954,-1.0410591892723355,-3.2517547487554332,1.8417172328346716,-0.30800256186109465,104012.36887941473,89.95,0
-1.3107016229807371,1.2825611229476932,-1.438247397379795,-0.2901362084210055,3.3685940874468523,0.09984556716747359,6.313752757759901,-2.076619311321241,2.8356604955536513,2.0240824015208703,104103.26357182636,46.75,0
-0.49016038627132263,-0.7681297131968302,1.8988143606744865,0.031131238464501387,-1.4143920555371041,1.2845435288716296,1.2927697827102949,-2.1047792789298416,1.6021985588304644,2.6952621970723785,104188.52905565096,68.81,0
-5.300984973795146,5.924729443232298,2.578370596977255,-1.843766048553318,0.36982301616307156,0.17096406158161195,13.944593684633219,-3.318905476565506,2.64222381996458,2.980104535660997,104224.68451579189,46.4,0
1.7232468144595807,-2.1050493276918654,-4.805813898011593,0.9978549124686744,1.6036920813856481,1.0101537609823332,-0.5295394747525318,-3.789945037966269,2.251864246503383,2.7805018881494563,104275.9169363021,45.0,0
-1.5353092717471992,-0.6995376838874738,-0.8121064561812181,-1.3511866915445574,0.6940423368960216,1.2585231354394453,0.6653572442712415,1.0778991845945307,0.23017635150893345,-0.6009636323382348,104282.66878786738,13.25,0
0.7256404881321882,-2.435290998537117,-0.5182394316273422,1.8529704125700945,-1.9845270433930922,2.0859895793048033,-4.881255016896569,-1.6230370212131446,4.216884512323455,2.245959206127045,104283.60699629583,22.24,0
2.918189914228811,-2.84086085967275,-0.23265448408336864,1.446810057439199,-2.3786590678275004,2.1946690482796516,-5.584820330719892,-2.842969144322686,2.8841748583531173,1.2232110964473217,104289.77776339371,12.24,0
-2.0149759746605462,-2.3456295520628028,-3.2425355096290893,1.9210606001112196,-3.4924752579294376,0.870988563003611,-3.02563542724844,-2.100760574927221,-0.9555184702393043,4.195975534899394,104308.50825666002,15.15,0
-0.3644771561997253,0.5956942556822744,-3.178208235808161,1.7998561769110735,1.4662240854224944,-1.5341949024039372,2.364647858735739,-2.365582729521436,1.3483875349586127,4.224712239978903,104335.8542696542,235.72,0
-0.6524579167153275,0.4162861143598746,3.435686058126989,-0.32069658726335204,-1.7745886943165101,1.226359494087468,1.8653629509595533,-1.3524236464670447,-0.3844912875241775,-0.9559971090778367,104654.2272750855,11.8,0
0.8533492093081532,1.8983347917518425,-1.1621827410946004,-2.1271367395900187,3.306494886573382,-1.6133060854590755,1.2471085489182983,3.30401718506927,1.1095470182976148,-1.053534638559543,104677.8887848701,21.39,0
-1.6131937720970029,2.6393808734454693,-0.2913096653505738,-0.4932962088277226,1.3790103780004561,1.6770727138970047,7.606918229300974,-4.289758506314808,3.9687666564937523,0.638524245594045,104678.65430542489,59.05,0
0.14317074201394464,-2.8351241167043737,0.2359195186963957,1.7607950009378137,-3.2740835131127146,2.1009098058646924,-6.49904885340565,-0.3037385309614672,1.9289769616942625,0.701498077514621,104746.97683311207,62.23,0
-1.4422848684464635,0.9646609734967376,0.13580659010108476,-2.0039227433339093,-0.7732432116084897,0.3367749624534276,2.739251722894178,0.13475371892226917,-1.4099468313679204,0.2678165456816517,104760.5076433689,11.87,0
-0.7604797818417561,2.787647072924383,0.31951177125010743,-1.4985680069766703,0.9580540206963406,-1.7271259223604711,4.143845712650088,0.9443755273665544,-0.9916181937272188,0.33977425282784635,104790.94150917714,103.6,0
-1.934805768054637,2.279865470633485,-0.5557473108294269,-0.5108518950138647,-0.20998662184730077,0.3481644905951443,3.8059864349199026,-1.2000106875987375,2.115293502929184,1.2583099106235296,104840.36001495749,100.97,0
0.7897168648303035,-0.8630194325118341,1.633821264413124,0.9911263540977934,-1.231269108273682,0.5962016532455208,0.19375678849693803,-2.576325546155275,0.7715572971187162,1.9293997044140094,104843.24203117301,18.61,0
-2.976002285767662,1.609033247847036,0.26779207380725856,-1.4160548968721474,1.28389386265264,0.49475899920139965,6.46090625430604,-0.7665011593201626,0.9376409459590764,1.4382999378452097,104863.15391733604,23.14,0
5.346329613417689,-3.9700485233443077,0.3298397967943648,0.6492466500826704,-0.4915904828425106,2.272007548728477,-6.195728620180143,-2.512336380733001,1.8449003605367045,-1.012008712351379,104905.0792026007,181.73,0
-0.7089504020589392,-0.54655061206427,0.9562321993610224,1.5781680891307441,-3.2163362048191466,0.6949575117529886,-3.324206164211626,-0.3662126749231366,1.5352178223224064,1.597499368144165,104905.84943614132,114.54,0
-0.26220809359477826,1.2473431343587005,-1.3825325657718863,-1.4080891981770611,1.8857044946703398,-0.4281797126656624,6.002341601784153,-2.4271320647832875,0.246176819262092,2.665671839685757,104983.75040856855,78.78,0
-3.872510490579577,3.964716896960188,2.973874660375223,-4.458920636430532,0.9771430199293439,0.6596442392712291,11.991694993527096,-0.870440026481698,-0.45035147676312537,0.7106784749593626,105016.91815506686,6.58,0
-0.4653217801722198,-0.0750706980093947,0.21214955784035994,1.4652206514746569,0.4885353311835734,-0.7809920159606826,0.1386001513941461,-0.20527803180355664,2.5484381603307735,3.3515104160596767,105019.56672527046,36.21,0
-1.495891055742351,1.7498705992212353,-1.5034580161321411,0.5307436769373335,-0.12962552059895494,1.2455145570295048,4.938840599916273,-4.430817504909255,3.3060397536210586,2.323592292970274,105019.66363892876,54.26,0
3.210162134788385,-2.619934120801773,-0.8698933836263179,0.025914638374811116,-0.6301605744125447,1.6642902384446616,-3.750657886674537,-2.222209762492122,4.005136611800578,3.1982268544312,105046.00003470723,14.49,0
-1.9135209191664473,2.243986636306966,-0.9835828026375897,-1.0024896113919468,1.7245975995000755,-1.1880717913782173,3.1646453922678086,1.8229005300198309,1.9758354536424512,1.7449371456880327,105046.0209948736,39.65,0
3.429297136594809,-3.285537402797357,-1.1943596998033459,1.6713746972486168,-1.9194578672511664,1.7191610575321716,-7.408856125980576,-1.763022466532225,2.831556266869318,1.0690390878707074,105117.60960134295,60.73,0
3.1759872763718104,-2.643971675065918,1.6907543610007671,1.1649761902860225,-2.079711841194233,1.7667382429362406,-4.673565399202306,-2.2222382241904013,-0.5716461730293958,-2.0475702812747745,105153.51272194942,26.78,0
0.20039057907797053,-1.432623398367134,0.43217100927655194,1.5309865123277049,-1.9798246120791039,0.4887585134854565,-5.117810718030522,1.0270156450812635,0.9532300372796042,0.03226147048795647,105332.71691172618,99.7,0
2.7362854284147256,-0.8539541341906414,3.421755816323942,0.023708867279920498,1.6269352250408815,0.212826107813821,3.8351899939576546,-3.5599971829979116,-1.942781010958698,-1.1444899891539762,105355.71506637204,120.3,0
1.581022739236833,-2.8001699735772343,0.7827751151813963,2.19357823035856,0.7115132849109598,0.5225188703175102,-2.793100939739715,-1.1646356439165526,1.9648607147277073,1.5480638905130242,105409.28167133512,26.41,0
-1.741861963321588,-0.1306785396713327,2.174038045294364,0.40902359759554485,-2.1142367400412656,0.47230159987633474,0.030285307618910937,0.11622337417425488,-0.3177596441449364,0.912509036407262,105446.90582973641,119.57,0
4.441421724306873,-4.263126040524218,0.10396226257180641,0.25661117425614066,0.44514834195156516,1.658746606259004,-4.652497109073019,-1.9271967604583076,1.5182886722756954,0.9629772605901299,105465.6777561267,8.11,0
-1.4228622508956528,2.386113669725747,0.04073022505839341,-1.2820698665388663,1.5669937518839756,-1.2402555523660281,6.470158580046889,-0.7957458991103604,-0.51665571814166,1.8168486235019121,105502.47926666537,119.2,0
-0.9574439472395854,1.9343333394417639,-1.7528584331398909,-0.936860270157728,2.453387601085599,-1.1306676720195339,6.468349840006923,-1.8072416128528406,1.5030782317033076,3.846443605429509,105515.14333391411,11.77,0
-0.6838220339262107,0.1450635754625571,-1.4763990849899327,-1.368190942037056,0.11119120450138675,1.4396630548492388,3.240757706027163,-2.4206464721799477,0.9326139515630337,1.3830637099004726,105542.79628189276,6.63,0
-0.9094201251047768,1.310651508842408,-1.192753739730975,-1.3169305085211342,0.47641404279994537,-2.6694497545365894,0.7480946811307986,3.085032653332749,-1.9706044671589695,2.389562999717387,105577.51487345136,67.73,0
-2.7592511088469758,3.6849159542843304,2.431379579275214,-4.979966230765311,3.674093247813674,1.0558534906210193,12.591825957205696,-0.5831345542419233,1.3933071109220496,-0.4922236694072242,105659.29188310714,42.51,0
-2.282171014201629,2.204343474267005,-0.10983990538348265,-1.7078127157324197,1.201703332969965,0.552749316794118,9.386710771085909,-3.7290904581361306,1.014145914837072,3.1635931827746675,105660.9120197942,156.01,0
0.8941887242118993,2.175526467442348,1.4021396217126716,-1.0670182515667324,-2.2681266367662456,-0.20494827110057953,1.5519239235307334,-1.6265351193442203,1.2886617717852127,1.9496425375669868,105705.34494929606,30.33,0
0.9544026317281629,-0.12490469206979493,2.1475497012119575,0.2994187005479556,-1.419024767606426,0.17587024714186267,1.0338523517444966,-2.2918569322217426,-0.6706901729145489,1.012762493587979,105724.40027383667,23.0,0
-2.1457195182946247,1.19259853064847,0.31443126013608746,-2.1031999452066152,-0.2756709612318349,-0.16409793721179847,4.826725680496902,-0.21639158781359413,-1.8974717835060382,1.618030351624803,105728.18020802717,46.15,0
-2.8838888730921948,0.9456216971879109,0.9463213501637391,-2.1010658955957036,-1.4298644075981124,-0.7827734852729409,3.968295825278096,0.9357828077131385,-4.017838999417179,1.8643368076672435,105852.69532998475,40.57,0
0.19579715867625958,0.9587992439153263,1.4935674793833567,0.6386795832053602,0.7958899517908662,-1.0589556410708783,3.139690416961953,-1.4506252370555388,0.7430868758357718,2.146680520720756,105891.12038070899,28.45,0
0.45623840253101133,-0.15925738007702517,-4.070269928455911,2.2196270436193934,0.3613771637058284,-0.4094274776543423,-2.5134797177803687,-1.2092962555507,3.0796148135246093,2.2917108400277297,105915.95985505401,77.92,0
0.04906045254957503,0.22290906963840929,1.8278339318446482,2.2465469728759446,-0.2531025847926329,-1.8515522675608247,-0.7882590549207469,0.5096948526306702,-1.5832136374460863,0.05039104428155483,105976.8031485391,93.64,0
0.38658715288662415,-0.9089799350253563,0.7359543745089417,3.4717766832013375,0.56882752839194,-1.30303131102479,-0.8313549171053309,-1.364119754489344,1.32441195498774,2.781167222944741,105997.48805561029,125.62,0
0.291985016847091,0.239307434881043,-1.9002943770020995,0.6154628204760375,1.4014597624883176,2.2273845863438715,2.2838173223337606,-3.78867980941947,3.75646107734228,-0.9132489242468338,105998.14585770448,235.43,0
-1.6027560689546738,1.6893638909103617,-0.5561773350908614,-1.5046581982810827,0.15646670568505094,-0.359710284418591,2.172725522347182,1.2915711541124786,0.6575493188868132,0.8796991837091985,106030.79094023281,21.16,0
0.943724018486275,0.9008754250163626,-0.9257855099972178,-0.23312558771400427,0.9648488685773757,3.11944133160247,4.445016044405095,-5.764666957661359,3.374994879157527,-2.108327714158647,106087.72344653867,82.84,0
0.48023434379140384,2.774242570608786,-0.5410194173339629,-2.9024432355970653,5.552320287690551,-0.944876378100602,7.440064332541178,0.5112534398949606,2.470790564385115,-0.25594425481798777,106094.0689330002,33.58,0
-1.3631611667145078,-2.597630283214472,0.03282040931596908,3.060068085436555,-3.626255140571315,1.8733250766338914,-8.380784566991688,1.4681478738708527,1.6499905616044523,-1.0959198999596014,106273.24877361653,74.47,0
-1.8028870709540339,0.24571040137288236,0.5771704226218524,1.1595561174511753,-1.032420218613438,0.15365382106281494,0.09252358902746792,-0.15922648328868372,2.6211552613794113,2.846074808754639,106274.24087711616,43.0,0
1.1891363351370532,0.48972036926947404,-2.066796468698981,-1.5741324525189624,3.7526274848235635,0.17462198493779676,5.099089688308812,-2.2861103523642416,1.5142455676623774,1.0040700637280318,106294.31548551933,331.13,0
1.1447882838878332,-2.1239351980114956,-0.5393265044656266,1.0131185080257796,-4.011969792719945,2.1349974173320243,-7.647455897347851,-0.15450150079269365,1.9749219337895227,-0.17167723147682867,106309.91892631869,85.84,0
0.27593379448065947,2.5335307705101893,3.1792867725164617,-1.398366237324188,2.4139951740291106,-1.9216388729577014,9.467290238294524,-2.591604636535325,-0.2505958488135469,3.5966267149395903,106323.4987320618,199.04,0
-1.1727087070121465,0.9570507696318907,-0.6483356540730936,-0.38757933089682406,-0.5750859321977309,1.7782275549457005,3.251689789095647,-2.9534690516725437,1.6337344426086533,0.06826234858179758,106418.89694342301,118.11,0
2.602369640261024,0.5721862109723281,2.4570420873195573,-0.07100787797781827,1.7289114091179822,-0.8787543120420098,4.774940142903703,-3.5329203327423695,0.35461311626031344,2.042086888791787,106421.15891790223,152.58,0
-0.42850020132456623,1.2546108197155563,-0.4754745543979151,-1.3001998906935146,0.339543109806973,2.0322127451304164,5.165916876411115,-3.8535305942577827,1.7443625585299602,-0.23669664158108739,106442.28580495894,110.48,0
2.7031546801820667,0.31861861691162763,1.1605740621852998,-0.12571484272225408,2.5576958474716265,-1.1382863665542855,5.3815317374339715,-3.958648558037546,0.9369556744732475,3.621915694409454,106496.72396796512,40.95,0
-0.8422023609527558,-2.857223877292763,0.45008421974582724,2.741050301115145,-1.9900689486785956,0.6912367123394899,-6.0118077676807635,1.1855420868659565,0.18702087636127673,0.30127133431142916,106557.17434918354,19.85,0
-1.4021640227127334,0.6799331179241352,-0.6196531143267175,-2.7915195628549627,2.0664376845102757,0.21881202661084453,6.296144275040625,-0.699464571717975,-0.30024517932010464,2.125320023573883,106580.20743691911,31.07,0
-1.3223916140273326,2.693015593908136,-0.3704406034675962,-0.45071706828001556,2.09754589265334,1.6604243870611297,5.506468419596313,-2.273726761520889,5.129840199715623,-1.0546660724257775,106604.97149532825,2.33,0
-0.6136805809418793,0.775899483410404,2.1959981067138896,0.7762637841134852,0.07487927413821538,-0.6222356710232004,3.148568758276319,-1.4238535899152154,0.396621714575884,1.890646610679358,106629.09398515605,49.25,0
-2.2834600353855987,4.160258111036589,0.06580167363906253,-0.9539008040380149,2.94365808076231,-0.5915551804378116,11.294522910912956,-3.5292785687431003,3.125334183548941,3.091616102364173,106642.6536851764,46.72,0
-1.1788027957901535,0.6801210486741209,0.22931037024397738,-2.7422137521858723,1.5821431965234036,2.4057951517121174,4.6383439044536905,-0.8202204102655779,1.6692767875438048,-1.8155549512627536,106764.00310676976,49.42,0
4.330679660273887,-0.8440035784060491,1.7477106359690038,-2.0581296922224195,-1.3480805328124172,2.552271170782714,1.1412641222434037,-5.181820195547968,2.8110175009454745,1.6877723884695668,106812.55995112439,238.31,0
-3.1801187220839373,-0.8910301444334578,-1.3996092046255588,1.4276235248663598,-3.185962846139822,1.4719990726330727,1.7993962710099465,-3.9059469784279366,-0.8017235470363024,3.6742590859962228,106817.31089017098,158.58,0
1.7362019488897165,-0.4072029534761049,0.05659768773388163,0.3646238489411052,-0.48388895892946304,0.07004591673022341,-1.349033176673983,-1.1734105098049392,1.629251427951639,1.5199278970731993,106828.08134104991,12.47,0
4.102113400923695,-2.599014935656891,0.6771002667724267,0.81978262392825,-2.6215409207269933,1.6210773692313594,-6.1348829664461615,-2.1652552759770836,0.25552614729804957,-1.038176092454668,106834.42452043515,30.92,0
-0.19005131917127915,-1.8116913580213707,0.9185455524697835,2.4464249180271915,-1.2619266948551913,1.1861488064682937,-3.356106691984994,-0.8198748286927704,2.5708946078535955,0.9591224795405962,106896.04615558384,36.85,0
-0.6560519094126079,-0.02601778421607226,0.2127015632118252,1.9930410785745771,1.307998921473617,0.07177610810146084,1.2031577693294218,-1.2731732912165066,2.712526708469139,1.1576480284999868,107047.93179046139,14.17,1
-0.4494530491655069,0.2177907789232303,0.08380026409206076,1.4856365261639026,0.03210135187761476,-0.9111705477634131,-0.7671639006137966,0.3805483212716174,1.9606408951412768,2.3182666966103627,107054.12736627321,105.13,0
0.49382117136337034,-1.643243170536256,1.2897804844313023,0.4247212930315738,0.1671547582972881,1.1613788024019203,-1.3263137944861279,-0.2857957773946863,2.0589519001908965,0.6581777722420166,107064.79860634495,49.26,0
-0.7655811483545636,-0.1463012008098139,1.3093050970990845,1.2811954417175402,-1.4996225179690412,0.03488742913423806,0.16054252439583575,-1.2087802259112461,0.3797771266337294,1.8200298588317065,107065.03751306047,56.18,0
-1.667351935726697,0.04179493621994601,0.5436131777570943,-1.4353110561760591,0.32276851648920435,1.8188657249789706,2.2283600240326638,0.0739976484579743,-0.15252671447793809,-2.2419444723971043,107148.57222444714,125.63,0
0.33424002650021023,-0.6203296449913647,0.6988721549788923,0.8315765992510306,-2.2830133294336026,0.6533846027884324,-2.8412539368226786,-0.48266272706889746,1.2665410378035173,1.0437394207190305,107158.91290010554,107.57,0
-2.447151412039509,1.1031743300421595,1.036157838077517,-2.2054017371313206,0.42081012094177417,0.5430194439745611,4.029158896424642,1.129117519475408,-1.0579718267008014,-0.758535635527551,107189.49047387869,10.22,0
3.8699463001230816,0.38966220398098694,1.095093915807217,-1.8817935429824915,-1.0220768960396174,1.734235977930922,1.4579776961947806,-4.386919431884779,3.262054988434065,1.6366020682156996,107217.87005698052,82.35,0
2.107507290084879,-2.343689656821269,1.9049503733970217,0.9067904732528042,-0.2696803017713979,0.9259031562539204,-1.798282489670715,-1.7015104862811115,-0.15467674715398294,-0.14857238113075333,107250.13091368813,38.16,0
-0.04617688247882601,1.0155010298147424,-0.7136543824123995,-0.39143789528387385,-0.6628781479422114,0.24984365224887314,0.12095938586768848,-0.30248738612057113,0.028679152321795964,-1.0371768336503249,107294.20147022004,23.69,0
1.2036936568926926,0.2415893922650193,-0.6793442521151316,-3.67706924378135,4.141836400877066,1.982036049997773,6.514047492518151,-2.1176532552512928,1.3577842553971202,-1.613694344099852,107296.45646027291,4.34,0
-0.828612244445134,1.248783975513578,2.0393839378254834,-1.5018852246735368,-1.1510475802509097,0.938260673925646,3.6882132311387887,-1.604875490380139,1.8624450481178725,2.222015799730344,107359.33519577263,44.42,0
-1.5420846328250764,-2.2070779577039996,-0.002334186991543641,4.740656093074294,0.8581866508697928,-1.4027667452210666,-3.7316659045001312,1.3435336614597202,1.7111784659517388,2.8154810125828273,107496.58179937654,29.55,0
-0.4992889064179171,0.48824571097215363,0.3280815173097251,0.03599021466418206,-1.8860048214068041,0.8127516588365823,0.45885790271644833,-1.7056286327570078,3.1762227067659246,3.462339191051428,107540.91612586012,19.83,0
1.8785442153279805,1.940714127365573,3.9195572034262534,-2.431615355553679,-0.20139676679324725,0.024947212975196288,6.181731325841497,-3.046183072357509,-1.6504748959165276,-0.3425556456695342,107553.07726260422,78.11,0
-3.5330773178619004,4.401295846359919,2.270876204156834,-2.1386987038091676,1.3465737231066714,-0.5654790369929682,11.428136549946705,-1.7429559251625593,0.14133854061773332,1.4846942497145172,107590.55620584812,96.38,0
0.25347735037610564,-6.1296681442938485,-3.4108806397113165,5.96675174500513,-5.015263697239024,1.4247576436300615,-19.995597049717627,4.738226808028677,1.9648494648524142,-1.3932280309227152,107600.752676125,19.25,0
-2.9096675616894134,2.6932719305206017,-0.020304087410292326,-1.1450452459900253,1.0443262945462792,-0.19424164592063978,6.037444205613962,-0.27182361168391733,1.983509851120541,1.9197786261834149,107611.78807984454,4.3,0
-1.5156268138242845,1.2855563377340253,1.3103418331035135,-2.5272088030717965,-0.48142977663762343,4.338519613007066,4.704624125420211,-2.7751535213776073,2.6359478738383917,-3.8503119518267095,107635.47422152324,123.77,0
-1.5347468183553405,-1.859442617446664,2.0764569794279932,0.7025382423092439,2.0528892644087975,1.3109362631391435,3.924298212374359,-1.8094855224593451,0.5352810823170158,0.9446529764243857,107648.62563976983,542.05,1
2.4199406706959565,2.2000679180104967,-1.8723391225358288,-2.137978106134002,7.193374374664915,-1.505816283599501,6.8091550797635065,-0.40974597638047505,2.9075964253951856,-0.18950848559708322,107705.91631580201,180.82,0
0.5796264621834961,0.36031536686343857,-2.137873657503262,-1.3212911840035377,3.4222707843939975,-0.2055234589949073,4.623687117317492,-1.6340162382376338,1.1682195751581446,1.7227266579058877,107724.54956995125,65.21,0
0.5551076108781272,-1.3293345032748851,2.7660718214773574,0.9335818896233532,-1.4887211912315488,1.021971362958341,-1.5082265121557936,-0.8843296344268486,-1.2317422605689754,-1.7572943564003745,107755.60688687688,26.24,0
-1.3079930037624914,-2.7839370606950067,-2.282752158378622,-1.6426465013061955,-0.017094244505628797,1.9524053933706125,-0.8004090944620305,0.32764042599732135,-0.5816274510269166,1.3422657443700317,107766.50888855799,19.39,0
-1.9645489399422402,0.5301019518895587,-0.6498368708514053,0.22260270325032372,-0.025322858082269084,-2.0715181810926504,4.378486146754233,-1.0002504500691343,-5.544052856381878,1.941316116053199,107782.80506450078,64.93,1
5.416091833261797,-2.0035293188639653,2.154839432450728,-0.4465359818180159,-0.7299638184115305,1.8514108893433725,-0.4736788660601472,-5.216448110766484,-0.30875357278070825,-0.960625662602308,107802.89130411182,18.45,0
-2.2591957448559565,2.2965379432063826,1.2236068586441537,-2.118488756992506,2.9383471060508364,-0.9455729996492431,6.391610647568179,1.8893059490322979,-0.3864388396975973,-0.5052689243729915,107809.20051119513,10.63,0
-0.20692162235607792,1.8797924108673905,1.849640966753053,-0.387216060582003,-1.0266216287687526,-0.5053692183902182,4.162573010460385,-2.3667336070172187,0.7206653641248977,2.8307929263265432,107826.93829940815,62.57,0
-2.6162601218580632,2.3436541915790214,-1.1720859862810844,0.29457353229349903,0.31311572712215074,-0.28907793628781586,4.686654912615085,-1.5515876806323075,2.6912875900557878,3.1587613720253818,107852.93127633036,12.84,0
-0.8032475302105075,-2.5048531906693428,0.027193170939980638,3.013871869425274,-2.108683493297427,1.0153377502638252,-6.4761784044043305,0.9510621235841072,1.744092032354275,0.33068563773633197,107868.32569393783,49.89,0
-0.92627572386617,2.658409481308282,-0.6860642948333856,-0.019984494204778214,0.555497079403598,-2.4220325162177487,3.989325275262378,-0.30319856139807533,-0.8179975266610839,2.4949711121640497,107933.30751419105,58.97,0
-4.589803873817679,2.5534930385721113,0.6411981671457829,0.6833978025051084,-2.475505407410918,0.7238039796135701,5.418903578442569,-2.578302190531851,1.1033828750697547,2.582137068907527,107941.86469801678,24.0,0
-1.5474272254865649,-2.46893580248197,-0.5290686406142071,2.366656792174066,-4.545062747535226,1.8844943339307434,-7.328754123112478,0.4203372994276733,1.7353712733213986,1.4120920704804343,107962.65149000875,3.32,0
-0.4599159579029002,-0.5149571317210626,1.5360347667366459,1.316962130817439,-0.6934388507960503,-0.28978447154783743,-0.7641453639892865,0.034977924145445316,0.45400350904800946,1.2915252207067327,107978.2444120894,3.47,0
-0.12797517145289805,-0.9366543031489947,2.0231462610043076,1.3614344100547753,-0.46887307082024443,0.9313260534196105,-0.6413834110215157,-0.894962693367265,1.135294471988636,-0.3078562404978651,108148.59343542004,2.74,0
4.758706616900818,-1.1870335304096988,-0.41138540062407025,-1.6540981111240458,-2.077222982142161,2.5356064195738837,-2.34378846070452,-4.29230313894864,3.730033269903809,1.8645578350700336,108154.02984831517,88.34,0
1.01126323765112,-0.18427541513599488,2.404308475965581,0.569426175769492,0.7729377543039524,-0.3401584300861778,2.9179248786066885,-2.271774611643472,-0.577867765446815,0.8391240213427577,108210.87157790858,25.88,0
3.6284346151044167,-0.5534770964937921,-0.16711669824148334,-0.7257171913917719,-4.328655043709563,1.6858977989004316,-5.756888578919299,-1.8478939657958113,1.8656243760380762,0.21670010760786496,108213.29074155983,104.42,0
-3.2367764673134074,2.0948857299665518,-0.044279345533416725,0.6874619664691484,-1.0085457649819127,0.257165908307807,5.365703026629919,-2.76279828290051,0.9357185238150574,2.4439261492253435,108275.18591690673,37.74,0
-2.3849069718206586,2.7123005972639493,2.286968583842049,-3.4820355189806262,0.6094697537110377,1.828946160915776,7.4555960085002795,-0.5695451026735641,0.5429242568611409,-2.1894513252864485,108402.43998366916,40.21,0
-1.4426995172179826,0.25047218376607416,-1.920330563150733,0.2780646148501631,-1.5077441404509457,0.38142819559653984,1.2721302851646765,-2.0626092908764084,0.3706487949929417,2.9318660818092663,108432.94404413435,47.75,0
-0.6437155748830956,0.7826673168373208,2.8356448164176733,-0.30057849384409585,-1.2771831240196714,0.847267803303055,2.8684431986370615,-1.8659443170650625,1.0369360304590107,1.0954874351186308,108442.03623852617,82.14,0
0.21701235978067268,-2.035842596976527,0.004934562130615161,1.9136321689835214,-1.6381601752800337,1.407420556364447,-4.823908652280094,-0.27317948623938026,2.932427556496244,1.0262582145704815,108467.951570741,21.77,0
0.40132543086901673,-2.458622509166471,-0.1267554177200947,2.315942062144928,-2.5098399320632687,0.4669253002899966,-7.766905949283317,1.6807975943847278,0.08174278818765257,-0.613201772748025,108501.18730402886,9.43,0
3.3101932061100885,-2.234136789764214,0.6956950017886583,0.7686204972596882,-0.9817382460735754,1.3349361110856615,-4.306606760934326,-1.6301998219153524,1.0861124610919908,-0.7850732481151828,108592.09170300064,53.78,0
0.6117308907326512,-3.22895841340134,-0.9470518234462932,2.9842706676156645,-3.5561997056165655,1.553689517319646,-9.891381141741478,0.8133267529048174,2.0244051922296693,0.056863425541676005,108681.32392356395,26.74,0
-2.217152715578421,1.102938842211132,0.51842063788981,-3.8223084185356355,-0.024607365603988463,1.50786339447639,4.76750375123173,0.4934484117859752,-0.10179223280627259,0.21342449808344888,108760.08466977337,38.98,0
1.7044720381179677,-0.3911909902392733,0.2333575552375421,0.20346562869266704,-0.2932126132314252,-0.035291117402794815,-0.7916958867321778,-1.270441481370582,2.2237668458951916,2.583216517811663,108787.57002289208,68.67,0
-1.3188022006498206,0.23950456031076817,-0.7516044273590029,0.4633707495375967,-0.9557257984684666,-0.036883905231542696,1.2458025904978334,-1.1492814888048555,-1.2531603380018468,0.8825400791135994,108833.00908631748,45.3,0
-2.4643718121872267,2.2068751463110527,-0.5239818458125844,-0.29754440312573793,0.21629944391137634,-0.7660117452931875,7.777336418106034,-3.376332010957203,-0.13306702451097552,4.378598714965394,108906.71952202408,63.94,0
-0.7743664291955543,-0.645597144081903,0.8515908546483829,1.1587843967729021,-2.748459516412359,0.29394114995939014,-3.371453744058002,0.6115114729201572,0.5107091166617879,1.1396271721532922,109023.28535159944,52.07,0
1.1369621601618713,-0.7238957437402336,-3.9153680743738573,0.06595237983479119,3.2911729277782715,-0.6376030169028485,-0.2928078134679443,0.1536429102719139,2.3790339266509957,1.9135818083415126,109060.75457232703,88.51,0
-0.7949604124346248,1.5918391183632106,2.4454593220228054,0.3467615791926626,0.9720188062502801,-1.0131236661840821,5.96687094193092,-2.193670012993005,0.775179179669356,2.9542347924804284,109089.94517429564,80.56,0
4.199075388633934,-3.309283604095675,0.9702478968581483,1.1258964119096597,-1.2598677509240215,2.271370420533331,-4.917558885773248,-3.0872936604822017,0.7657570376547278,-1.5978408055291569,109109.18958653545,50.66,0
-2.3821232783702033,2.1326629922799962,0.30931625117014105,-0.99060613649891,-0.29721832717481256,-0.25295142045448066,2.751705106553512,1.1246360849134134,0.3876248212781692,0.15304517760746505,109133.60603198755,74.84,0
-1.6747635445146334,-1.308431994935416,0.20210205560268213,2.9063996843567033,-2.6359157316600905,0.39539626524746335,-5.205464275288863,1.099271176530784,1.377515561780571,0.8974547300539537,109177.37746848029,135.42,0
-1.5869743387843782,-0.3570508990706933,-0.8161764388731988,-0.9630884285424594,-0.30478002353810196,1.7349016225387928,2.4820054856256832,-1.65940213364989,0.23790963090398554,0.5051574461136804,109181.47026294131,37.8,0
3.0392530762116285,-1.3440761044477698,1.2531822743765586,0.4825639522828875,0.019317439015417603,0.42692518809083113,-0.6685246060132103,-2.5984721749056314,0.3012537374036055,0.4778740877244899,109255.26895249485,35.6,0
-0.7615922697416232,-0.3862289052099144,-2.6745880352225955,-0.2709848838912705,-0.22529248974772753,-0.2975230173020512,-0.3442519911776986,0.0366010579275764,0.3009538135691502,2.874887124283016,109258.35614858416,94.92,0
-1.2121888384900608,0.521863271722996,-0.9083453805245308,-1.3811187586338667,3.392851692126708,2.145942947695121,6.614004589931183,-2.7368184890724883,3.4133005761205695,0.037980576279153744,109262.44752657054,57.78,0
0.2490939902735152,0.9401730995878848,0.4833652082952611,-2.7812370209410977,1.652870763532353,2.402043337440439,2.8049685741451134,-0.1600350762967554,1.6262573904974607,-4.24131637995532,109277.22084394534,5.79,0
-1.179219146761572,-0.026840720960282116,-1.418941213035926,-1.1413349564569053,-0.06037155422779361,-0.9806072757340564,1.1195186832626183,1.001699503554161,-1.8501152815993147,2.4328630670723816,109317.06313354624,145.73,0
-1.1323151005555392,-1.4238640870833024,0.26990687215066334,4.0485103506575815,-0.23537230961442324,-0.7803977170987011,-3.195388768085369,0.32904130329564074,1.2759584389773595,1.5961049750531284,109332.61264775824,3.03,0
-0.5189407485337034,-0.8197392449759744,-1.1185439760018783,-1.285447868744374,-0.04149139496163068,0.8073385072501973,0.09705965653994829,0.2931579972984968,-1.076781782638835,-0.21980667407181453,109399.9318168207,90.69,0
0.6945871682115234,4.799683426574935,1.091540037689564,-2.2152510010561803,2.2779922842223823,-1.6920081376681497,5.895581764637911,0.5311442411944132,0.7767684171369508,-2.0837648588753184,109408.55770264706,93.44,0
0.8647673816217376,2.2249157642309143,-1.4687217188780748,-0.216282846474676,2.6030105765593463,-1.1164246170987775,4.882656304737421,-2.243440033543654,1.4491313634983136,1.0714803312267807,109451.66762593022,199.9,0
0.7726969325189704,-1.1463293532241534,-0.6892641303488822,1.034498828885476,-3.4724533225067504,1.695964217278601,-6.159028855659303,-0.34407030020271445,3.446029439757853,1.117870551273654,109452.16912500118,4.62,0
3.9594042321453853,-3.736978253374655,-0.6816020395742199,1.1674867778534335,-2.686256142557557,2.1771973182609035,-8.871636759478328,-1.2466269666828629,2.0531881867148485,-0.16063944132815,109465.03638595824,60.05,0
1.8504566086090994,-0.6929356177556776,0.6882510265554044,-0.3191784442198542,-3.7154161357179585,1.9003566392426188,-3.247880901874952,-2.2376999986571544,1.2782788761734702,0.40610514199262504,109473.9340194826,37.29,0
-0.5457922614441646,0.9139554616980904,-1.9193522746290492,-1.1427057394444629,0.7742256208370695,-0.42744477098949774,0.42293370553970405,1.3210830396389008,1.4253790092963716,1.2255528546208019,109556.18549561284,27.09,0
-2.122307107016538,0.11364995797166233,-0.16743403443459715,0.029172089119983147,-2.4893861480854573,0.7617803574833776,0.9485874852623285,-1.2025716152266914,-1.736377651095811,0.6872731884196916,109573.17662183005,7.15,0
-0.16034954349798003,-2.6802090216449574,-1.6459076301312643,3.0625643344026043,-2.334378233521763,0.8082091678192864,-8.417961708210473,1.2810697333822785,2.906890303428116,1.4961980621736426,109579.76149750332,54.76,0
-0.2963187036114343,-2.8263938937556787,-1.1410474106986426,2.028166694618275,-2.8302056719112456,2.547895262647722,-7.630647286928908,0.2892313995092759,4.282637039597263,0.9854256790714209,109618.04543702754,43.39,0
1.34794290330832,0.17086678657504806,-1.9166626174126993,-1.7836103940398047,2.5989267780139924,-0.1616861800488519,-0.04054377635367883,1.5870343435342873,1.0085275919805667,-1.124513762526338,109655.84175269249,8.18,0
-0.00934079667461818,-1.1128513114459557,0.413477094150134,1.8255787454465682,-2.0685319739817314,0.54315760242654,-3.8917319106284936,-0.1523950507418933,1.8540704224450364,1.3463045145324244,109671.19601828109,62.62,0
3.641226850629107,-4.192515458944985,0.3406709043254219,0.9233113470454101,0.3004253482456902,1.866789439959187,-5.090036659331762,-1.5306244976763947,1.9228384280406132,0.28723922948716674,109744.18286992885,88.05,0
2.0765755236618055,-0.609944388994739,0.38200651013814,-0.7601709136548858,-3.5283895601233777,1.8134862898945352,-4.411859134569444,-0.9886358690037172,1.8833890050963296,0.07069505845816404,109799.60086573802,95.76,0
-0.6580885692561,2.392345824751818,-0.33774386385751176,-1.4049725904277524,1.8355198425059016,2.1083800424654835,5.893926367121441,-2.891346961770034,4.3802051936697985,-1.2155102307730399,109890.48847565564,154.26,0
0.08418875816710247,-3.449440828561109,-2.207233714973406,3.540920804151621,-2.1432047552413644,0.932202591498703,-10.032348042304793,1.6790283443704386,3.5768937002654937,1.7093045569684522,109892.97339789229,35.24,0
0.6066975328486106,-0.3239758242257864,-2.220882110929592,-0.31325406325781047,0.7290067128604227,-0.21574838902410412,-0.6673614133222285,0.038167524156923704,0.025833861004715075,0.46053667994824055,109917.3968195689,199.85,0
0.410931476848867,1.2786859532726207,-2.832539034247085,0.08635171132895803,3.5678531806359217,-1.0057308020569269,1.3155017910472027,0.7253507675554651,3.79936947867131,1.050181920462559,109931.44862158262,131.37,0
-3.1599054259783856,2.5784781093906917,1.4987056007345245,-1.5595825186926944,0.6161921981643846,1.1442661473084967,8.96024619113557,-2.740532800050863,0.6589716399217989,0.576967901574105,109951.14596761407,23.86,0
1.7371396004819575,4.842414284849216,-0.9678648533527343,0.014240041817874083,3.2534300057264827,-0.8772688615360845,4.9247398991327485,-2.03434918336282,5.288582252021772,-1.6516832733447901,109965.4758489671,12.28,0
2.4516284998996207,0.8347732374627495,2.0696105707586963,-1.5454223827881748,0.15576069874864573,0.1356009166737397,4.30891885635616,-3.5786836943632507,0.6962321973913748,2.141071664853982,109970.15676769274,38.16,0
0.16434575145146146,-0.48515482803951304,-2.9898092882706804,0.36962411493373026,0.5082989716997064,2.2696227985516697,0.9906766141794324,-3.655567470515259,3.7487395446859524,0.9654742359751756,109971.71906638125,34.41,0
-2.0929578308566485,1.4399231445579497,0.6734695980486025,-3.154492137401174,1.7232723936279466,2.5202716102789644,9.401129413507004,-3.4310260025753987,1.5453958418389662,0.4269651581314531,109975.14712114043,56.73,0
1.0494421988087992,-0.2483282176476973,-3.462028921510492,0.5605143313436025,2.4195159283564927,2.1966481022511353,1.5208032456833123,-3.789381244082771,5.363391435398637,0.27103409481133733,110016.52107849343,57.91,0
1.2322674771178457,-1.053683076296588,-1.567653310081548,1.2798404097254257,-2.4984610171790385,0.6880568172839128,-4.907970597001574,-1.0770212852095133,3.6524073162837616,3.3668791708608485,110056.72045617964,91.11,0
4.521893998557021,-1.8983894817298657,0.2420008919501746,-0.7286081804262647,-0.29910096140360276,1.7990182456049615,-1.6547528360363086,-3.6826173908663393,2.6304105807902296,1.289006287450078,110108.41519247086,47.35,0
-0.8554025235602394,-0.30903205320093796,1.7745263145754837,2.2459094550522316,-0.017499599567092572,-1.0872304751453323,0.16482688769402615,-0.07122354929582797,-0.26500134253616214,1.3625805363486512,110147.88697889009,8.2,0
-2.2108954463508717,2.0327377204171304,-0.004891249412207199,-2.2697929357278888,3.3574797304814403,3.572630654050885,9.696753598648852,-3.9981895572158046,6.017561244705344,-0.4261737366138314,110169.93105018082,128.01,0
2.017481111532679,-3.8241041785000895,-3.8103868415330067,-1.0105644613379714,-0.29375228780093243,2.415319476978606,-5.055614409731481,-0.6535064925749993,-0.2679034087951897,-0.6504624169818829,110192.52906361765,25.1,0
1.2336434816746364,-2.1642335452224724,0.4122328493793711,1.5636271417432608,-1.750578314857571,1.7772136050535667,-4.8605647793392155,-0.9790430598935107,2.551817308581673,0.10342102795913866,110337.28375635398,231.8,0
-1.3829731691281757,-2.5651154436878496,0.5186509462633393,3.688010219970148,0.35846642706173504,-0.534040474231787,-2.9654033556372803,0.681125178880156,0.5818440954939634,1.9843811037311814,110439.92525451846,9.15,0
1.1187368595883371,-2.048059939547741,1.225485744854102,1.3778849143749354,-2.5257605079659835,1.2241386160591652,-4.779564250516165,-0.5792070310129827,-0.07559217901756887,-0.7405005943598497,110674.26008798584,207.45,0
0.6284243120595057,1.1413536227452958,-0.4822900704145562,-3.5855246586982967,3.8319429827404896,1.67908015848226,5.443963126526603,-0.5147949735458026,2.5035687655563486,-2.0700473166152684,110698.30371724773,7.2,0
0.46929480263383083,0.8415205446752798,-1.684921314584677,-1.6918453343819349,1.5313855374937464,1.3509192047380862,2.1336920405869604,-1.0453625253623753,2.844884043533086,-0.5306203322516638,110734.78717846764,18.08,0
0.4337549142570408,-0.08836435432007461,1.6209810490580456,0.07984255823885178,-0.7459266997006662,0.4963804074609151,1.5520457443666513,-2.10007491388121,1.2113054613458931,2.0678626697349927,110743.15590199549,4.1,0
-2.3268913140407523,2.9554883070252345,-0.15215581732669625,1.3817994468382007,0.39700204431484365,0.17713115882300112,7.560198090332692,-4.794292941042949,2.313076470061135,2.133140669796643,110759.97496527337,80.38,0
-2.7805179995608933,0.7152303750646481,0.19115627416581904,-0.5728307722860899,0.18652113253591207,0.6737295201537483,0.1578548479326285,2.7008568167694387,1.023802343953867,-1.5664203986832193,110790.31096257937,124.44,0
-3.386280290183091,3.6324339534063816,0.7046294605068284,-0.898950997161939,0.11815039140618211,-1.436604249613041,5.5787886050195175,0.9976849911392154,0.6682624833383042,2.00295440370225,110891.70385319086,38.0,0
2.1202829841704,1.0988622910957893,2.2332746725261603,-0.1251726224380456,1.006506949361385,-0.921843448484472,4.218428967773547,-2.975829642041427,-0.10843979107416746,1.2664689646682041,110932.67527659636,172.49,0
1.497941458414374,-3.364731701651414,-5.105498789865213,-0.12140400357340819,2.2480670962277065,0.6813722036293769,-3.3800057510287886,-0.026906505173908246,1.4379897403862025,2.2666965614912593,110943.06845546092,59.0,0
-0.7025506902728447,-1.0239143970115117,1.0325707921028926,2.09604948989777,-0.9112243313464892,-0.11637617669313764,-1.7034155491596852,-0.18800181854194553,0.8220007702530667,1.6173765534781577,110993.8508764233,65.63,0
-1.388388780172841,-1.3302281254639174,0.09119819478329483,3.464214761367054,-0.35477782885000453,-0.6891517410951365,-2.453064956825937,0.1823881675328327,1.5042870422263426,2.597712333471915,111010.05127405134,122.36,0
-0.6816689146218773,1.4751080463154211,-1.557817482579226,-2.229888351538176,4.619550750969415,0.3238088596030671,6.1969662381697574,-0.19403431545333205,3.7452670253088045,1.1111448797074996,111035.2664796811,23.89,0
2.1334901761901532,-1.4091392840681847,-3.4942124577659617,-0.6833505110080456,2.7765029373095356,0.17427632627569994,-3.2560932978577997,1.6552856091043142,1.777878928075087,-1.0309455624094528,111089.99405814469,29.43,0
0.2061193673119447,-0.3328479515147654,0.21098886536186323,1.7145981982776077,-2.1622295890134944,-0.5953363196825245,-2.5103442096722426,-0.6781536690967425,1.0904866967219007,3.0269854632614472,111160.20414683863,154.66,0
-1.0097440181489852,-0.3720125207085885,-1.1758251610392305,-0.5338510643201833,-0.37519380856150497,1.875358749697929,1.0603607281495708,-1.5560930584166537,1.0012938672195573,-0.22005803757008002,111210.22572995951,151.3,0
-1.0747820269210957,2.9292875118290107,-0.06332509124073293,-1.632150962258104,4.048774880439048,-0.6243821785740948,10.156449738206378,-2.568074528620333,1.6884936756009146,1.7633306916457934,111266.65501190738,244.75,0
-1.0235754030496194,2.304647005327168,-0.9293855124995246,-0.9086196458244097,2.7346190799637125,-2.579965284866324,5.876422722662477,0.2760683866450808,-0.42974967041545775,3.099127094915296,111283.12107170193,151.87,0
2.0046343001079663,-3.0797592049620435,-0.4737270914761753,1.683075540456628,2.446554704014596,0.9170085521033585,-1.8947596669625508,-1.4234708916626158,1.9984176838874455,0.32865126326355343,111308.98547103826,84.31,1
-1.903931674832532,-0.8614416289120259,-0.22218813442486085,-2.509351409755752,-0.08713405479486425,0.6994620096282836,2.206894985353663,1.02946862210784,-2.5403313557874063,0.7560986574456787,111411.97895407425,113.82,0
-0.9317330802114387,2.2875171522588342,-2.3966891050974373,1.2606424647304606,0.5818085772818478,-0.783993444682461,2.8175037134964986,-2.170972617454611,3.497371377118009,3.136561456328434,111427.07397505583,35.28,0
-1.3062169790519627,0.5151700684527527,1.8990881277900358,1.401968583918895,0.0960453250849369,-1.0700030336275572,1.488993066543152,0.1750730097381139,0.553877777431556,1.9475105683112488,111485.85818275294,305.77,0
2.776314276062277,0.30634371925232484,0.8954817211199722,0.2774111358276383,-0.2915057480098965,-0.1937321455664023,1.4597177712705798,-3.6762132849381333,2.6190170160987005,3.653205074860423,111537.6127327586,42.55,0
-2.342179735307189,-1.3676230687985007,2.8369429947530005,-4.432041887736973,0.30663050024103056,3.6189349381042035,4.0019364214837605,0.8166623539622477,1.3120442938365584,0.038995248185311415,111596.1084268196,17.31,1
1.6429015993664575,3.1543652827099256,-2.691951682066744,-0.3713286329524782,6.086873251960121,-3.8500992339893947,3.8153329716271602,1.9458687671880526,3.044308457839801,1.7961161774358916,111598.10835030448,50.05,0
2.2748507257454964,-1.981327377892209,-0.650695932143736,0.3826157216106436,-3.034581099818284,1.283222174620517,-7.420077625911442,0.3998957548097908,1.4989525905446106,0.04320544942705995,111614.4993021007,26.23,0
-0.2986263136324352,2.674589296549364,0.36906068292174976,-2.3807711798324984,3.1144319023304825,-0.14404811768903839,5.705690376804126,0.4227904373423741,1.5902052415214802,-1.4820120653637394,111708.07055503438,6.07,0
1.529755833229387,-1.2878039306923195,-1.2885852901826649,-0.08301130599795936,-6.3130842865372765,3.0394404306789546,-8.884622358128187,-0.740335027541691,3.1392605261520963,0.18370252046835034,111883.6306059154,147.9,0
-0.34305849684350753,1.5393098883491123,-2.0022347926748454,-0.8584402790581951,2.8697970440101037,1.0833105275394135,4.23704144954913,-1.7535100467010114,4.8445558640593855,0.6815945941063104,111942.85466716331,106.49,0
2.329574511425237,-0.5176986012119269,0.7590587066145519,0.8398628506348568,1.1689817161177443,-1.2097711288761415,-0.25241483122520547,-0.8046423226835139,-0.15436354929924945,0.9220235117824145,112029.35168772211,10.77,0
-2.375269904567456,-0.08821466067775274,1.12257392308128,2.4700835509004344,0.4051494368358124,-1.060189676024404,0.2530669653659314,0.9859434146593293,1.5800002062390033,2.562288283292633,112061.63291650932,98.47,0
2.9005939019373166,1.7230374145422123,3.1678069939363773,-2.7829742073367565,1.3790903427117418,0.13892735801320436,8.0908702205499,-4.678187882276962,0.25412713717052704,1.718069415267261,112084.81172965132,64.9,0
-2.6862077379535894,2.1801866810519823,2.0506305411053827,-2.606633284789294,-0.22823646738411263,2.6675059607241987,6.466342519497945,-1.5113940906646817,1.1322620386139695,-2.3966604199103974,112183.54020565578,35.2,0
0.8313936340267232,-0.4569596860574794,-3.5255165634229075,-0.7229440330175161,1.9833921667343692,-0.8695320172481082,-2.0089108297775518,2.009685274860063,1.624118838562739,1.586271444936701,112202.89768688515,20.05,0
3.6059082219213674,-2.264866170490396,-0.46627208574319345,1.1393924205462436,-1.394008360546341,0.6525714130747714,-6.850912314694336,-0.28666255612873937,0.6327564913897882,-1.1200436488082395,112235.1430534469,128.67,0
-0.5402818393450224,0.29458635110660714,1.2918381847587688,1.840176262982355,0.920605641785947,-1.6746867300566077,1.66009654227728,-0.3537552524078451,0.6719899964588392,2.8598404421327706,112256.5649553587,79.3,0
-0.5074843637866044,1.1356504827223926,-0.7740212791197156,-1.7733963277083997,1.1386312307341913,1.1332793183469145,2.920304052361586,-0.5198574418173008,1.907967047261099,-0.6077064723223298,112258.94094588127,52.58,0
-0.0269799514810124,1.1234676323527322,-0.8052115200412591,-1.4696248288350033,0.5024304977302749,1.2033000573957953,3.1134634723144408,-1.8246272794084653,1.3043399368160657,-0.479946032756716,112313.76723839782,62.13,0
-0.9549938551990402,0.7916719870774098,-0.7300982770579418,-2.176068729057387,-1.217526315633556,1.0995499705219898,1.0377389687267977,0.13939056055927024,0.3592448096840639,0.22649614871193013,112354.74876640091,457.34,1
-0.3388671374720269,2.1571560108795502,-0.7824040293823482,0.2347455603324955,-1.4815359317351606,-1.534045250587816,-0.10423941353072154,0.4195788470347306,-0.759987835958994,0.5955972048131488,112376.2786007507,42.75,0
-2.9234521181933943,1.457567171747388,1.8915181846090774,-3.1958462971128223,0.8888780198517665,1.5070526728405294,7.851013750531899,-0.7857199159892192,-0.9654146700090818,-0.6124731505159058,112471.60937135515,14.99,0
-1.2249398605806223,0.3682231753793406,-1.0257246015490828,-0.6709684098830013,0.25320794532364566,-0.166123940182795,2.405511407182336,-0.47791323169960953,-0.6615759143242628,1.4872051517396503,112488.21512368487,16.19,0
2.145329241919333,-2.129748372524513,-4.9109987366273735,1.0544883529525628,1.0190133831218757,-0.7735573654617333,-4.731847693660482,0.09463383484329779,0.5812517825557248,2.0955031600590406,112518.30266755329,71.37,0
-1.2537237459225068,1.06142963271372,-1.5818755926300763,0.6214975124990543,1.0836948848802672,0.4325442727257723,2.0141016501535547,-1.0507328147364323,2.889802747992557,0.7477380884924401,112533.05843276983,158.43,0
0.670315279017242,-3.5636908983646274,-0.06439438415242127,3.050913671618305,-3.9378214174670765,1.251515291157313,-10.580717392632408,1.545185599472081,-0.27467409653089603,-1.4909739600345469,112565.44310720214,34.61,0
-2.6644267717766574,1.3209035234951603,0.11590550230321295,-0.5168219329546251,-2.471299270458192,-1.715756447586414,0.8843954984490532,1.7185653014714033,-3.3566724689502854,2.2323052988115464,112603.3506104734,16.14,0
-0.8385723422429394,1.7087132449857978,-1.949967242017189,2.9448041805418192,1.2292228761085946,-1.7358696428544171,1.4192596823849417,-1.2649094961069354,0.716714551698232,0.45388156340789454,112608.02742495293,25.87,1
3.3463434778512564,-0.04598727756190579,1.2658182075812583,-0.21309437872207893,0.026493242439713516,-0.05429718933971242,1.1574273029485718,-3.2760923899911276,1.6985519015368231,2.384304963155743,112658.90564204937,134.21,0
-0.5622161082248718,-0.5357991275221494,2.7410844834455173,1.224277435085754,4.311307473482025,-1.8834499006524472,6.88732377913845,-1.5389420546597652,-0.3509724572353736,3.572546211511158,112704.35204945764,90.67,0
2.8712887521293142,-4.417005472782606,-1.6075068784445126,3.2665998213313068,-1.1572396396911542,1.7949199678953065,-8.377465553054586,-1.7794446093965108,3.604201594409854,1.5209781670621663,112715.99687668718,133.0,0
0.011040447880082516,-0.3685834566377414,1.041264209306701,0.8385790731231317,-0.6792856852970331,-0.06882116966797962,-1.0789829700694693,0.0037722354218685528,1.3139836594864045,1.4761463098705736,112794.52743680395,50.99,0
-0.4558366913059958,2.2132205944930012,-0.41649244748032443,-1.4430375930205344,1.8089294478618343,-2.198428939263743,3.2989212351278336,1.7937379579976662,-0.9416184436721922,0.8660031714668912,112866.5302038057,91.6,0
0.6685103794579363,1.608701277525911,-1.8789148416790897,0.6922756820542053,0.780419901651548,-0.16591504365439913,-0.22846513749292638,-0.5877913357605631,2.74286137644377,-0.7458845353918548,113034.13695841657,10.81,0
0.08999162334295918,-1.234220684519009,0.18610167603237115,2.296784762584436,-2.553685122369784,0.07672292904815875,-4.502802397277228,-0.242813913139462,0.8141057896788146,1.5259117219309752,113041.37113472007,28.83,0
-1.2595767611771265,-0.8397031785776268,-1.4048718934643265,-1.7091991082195224,0.4847049302880997,0.565332435429805,2.8076307073469766,-0.7055047414457203,-1.2052362986399592,2.2320820094136993,113061.75304175341,33.08,0
-0.26294582622800056,0.39989609841154716,-2.23858251798835,-0.23453311323496184,0.5026017059058937,1.7888966174646734,1.2873602929348669,-2.2287115078185895,3.584276020642484,0.42505420600306876,113070.29854914197,47.54,0
5.386402142825206,-1.9109114678606698,0.2692392804738344,-0.15433341197014894,1.1082618548427479,0.5076599805341335,-0.20417537274530148,-4.427459239984817,2.7957733679893226,3.4135924002185734,113099.53782778016,173.0,0
-1.6979827339678262,-0.8563308403215881,-1.1821295465171617,-1.738730172592127,-1.0576846069811179,1.0900802395792588,2.284988273594791,-1.158711978046351,-1.5503837749291751,2.334659138270457,113123.63869043694,135.8,0
-1.0906077743458709,-2.449092966665314,0.5413639204254388,3.500023263912981,-1.2831999059166466,1.1611854867590004,-4.229684665110653,-0.4495405291804403,1.871084977450984,0.5233034214237613,113214.01786980561,10.39,0
0.6860145898727878,0.11679385076727,-1.9149619635052,0.04548394749970819,0.7237955419405602,2.005476828775448,5.09041700286648,-6.428075468449637,1.6667362814561648,1.2459592254556762,113225.81425442295,13.33,0
3.088771071029975,0.9210855891187317,1.2905973613995745,-0.7648222714226813,0.6882107681284173,-0.4802674582926718,3.2254436281897427,-3.360518817834808,1.165111387397512,2.0734793230213167,113384.76555128915,29.77,0
0.41966220728157033,0.7014949224734073,1.4176568522268125,-0.03440097025497724,-2.8113875496933645,-1.0053486558638398,-2.509575130290464,1.2251221281842284,-1.4273252951779698,0.4519853657415006,113427.57948491351,23.33,0
1.5399091054878165,-0.9636053295153214,1.2487829757139386,0.1684356465008514,-2.5161259415374553,2.0546569742958893,-2.6527433835900713,-2.009625275700194,1.682667495476124,-0.48849565844449927,113439.50334688366,63.0,0
0.8529192459728068,1.745991853979218,-1.4619934106539965,-1.9043324049682635,2.5753350648972555,-0.7154429096333539,2.2059156231598918,1.0675031727875988,1.7131688930848301,-0.2538963823801035,113465.84953672098,152.5,0
-0.4049222701895119,-3.955932089814488,-0.6884911896670955,4.0423221605951545,-2.04650351064625,-0.21134768669853074,-10.61570774021276,3.51614242726507,-0.4954532586335838,-0.44234190376218185,113482.85495989386,214.06,0
1.1006968585992531,1.5960422186026664,2.1730434680257353,0.9475347874035317,2.0509532481654125,-2.0027907157437124,6.129716964718536,-3.2121076620433673,0.8659176098568397,3.641425078379247,113484.09563273529,69.91,0
2.5294625948611342,-1.215769981342029,1.8396120316075115,-0.2916652659497181,1.1805762721993598,0.6649284126101229,0.8125447228999586,-1.9430357235935876,1.6203445033764803,0.9516076440556467,113487.44776840346,119.37,0
0.6683208341948593,-1.3979726642711634,0.8156870789207474,0.7376866544803415,-2.052738211097122,1.5166947436206617,-2.3800209591179406,-1.6541580556191198,1.9939270879812194,1.4574171291472109,113491.60209635801,49.42,0
2.5787862277672495,-0.16167669023057119,1.1080838282145555,0.4082487543819314,1.348545174223052,-0.24767949865162922,1.8332440984070872,-2.7114449896178083,0.939361676272956,0.88626983791324,113521.8510029617,16.18,0
0.7319777323919854,-0.6919789806287828,2.9659791895375607,0.21874032177487845,-1.7886733642259118,0.3547575873962371,-0.6613967552157198,-0.7279397528390951,-1.9889773315859491,-0.9296839732972975,113534.87009485374,49.35,0
0.7599977479797941,-0.5585449211980902,0.37760965632300914,0.7805598922685653,-4.320781615912969,0.30193682443576425,-6.481847154915933,1.0946077865080506,-0.27350351307244036,-0.2448438517972269,113590.68171899821,53.64,0
-0.05503405786583426,0.14964538262835214,-2.8791993728342513,0.10000882221594343,0.038139762530731924,-3.1820519435581196,0.014424035808292246,0.8616456842027915,-2.71823212573464,4.9080373147150524,113635.50778949933,89.18,0
0.3250506161760347,0.8921253696275531,3.0545157815933868,-0.6481328527619823,1.813599226799873,-0.0005231783833900262,5.525256085944387,-1.9481179290516055,1.5130961491584567,1.4059744010991784,113675.66863540463,17.14,0
0.5785109623348876,-3.1298996200845477,-0.6501531149621393,2.5595983160077704,-3.3830111544513257,1.273372937546715,-9.945539001986148,1.7164103736089737,0.8397705977050381,-0.9713760376943408,113730.0176386207,30.86,0
1.9669680166390284,-0.2652232024597436,2.8692466615590977,-0.3069212180044436,-0.09299235685278606,0.7262397747306526,2.615591126776919,-3.232268752127893,0.4047086556845303,0.7026521133243202,113780.47702897593,30.42,0
1.8269832755134567,-0.41679864067749706,-4.750804863497329,0.3566770114018578,3.2040805400858696,-1.363441664257871,-2.061097365595719,0.9761421143706739,3.0483487758329963,2.3337488906457797,113795.80110778549,209.32,0
-2.6990967266358483,2.432940670438991,0.39587013887763844,-0.717001474514743,0.5665677399227105,-0.5069637724008099,8.886809417001874,-3.2645097940688412,-0.5573802163946786,3.275998057178611,113816.68213359173,39.15,0
-2.4989287416470463,1.607071995573993,-1.1805713149896608,-0.4441988279534852,1.8307765516758265,-0.2693411894909155,7.730991576781251,-2.823794116115208,1.5557899504923396,4.269284437535228,113822.2595437537,92.45,0
0.9813400247536725,-2.3621434845482874,0.7336085378813462,1.3626076225191208,-0.10529105158154684,0.6941319786194182,-3.0900007702793157,-0.2334244297648579,1.0077816546565588,0.5712822831866119,113824.7036065514,91.32,0
-4.854861307241222,-1.3659084327215627,0.3434338868748469,-2.4594724860812587,-2.926853781371539,2.678044418614286,3.195146185729806,-0.46225905417588076,-2.6141308265846157,1.9633629901918048,113826.40797202942,108.55,1
0.7603182427630348,0.7687153003789421,-2.089334647799756,-0.9309687660499767,2.094503274040897,-1.0197492735249964,0.987717648384765,0.7488156430763002,0.7772125650577528,0.7314311962603173,113837.76576761196,56.14,0
-1.0933567545943261,-1.2191975465201235,-0.08890928361164652,1.908181577501781,-3.0605804171216158,0.39385768090027523,-6.091002126112893,1.8005830382916188,1.4066322230387118,1.0387712964114844,113855.40925620316,147.07,0
2.0764559825253146,-2.386099987822015,1.2403763327284638,1.7482211224080069,0.050116799274067425,0.10268695448855678,-2.1871571870400426,-1.6113332742868818,0.29065935088212647,1.3461200561837448,113862.05716207415,42.91,0
0.8209314045775173,-1.3678528406966066,1.7607817213339414,0.5774033046236555,0.27179977722765947,1.1975477273372226,0.26792507980375607,-1.7659253998080637,2.063021373242848,1.062155906659066,113883.04687084975,189.67,0
-2.303667284485144,-0.7654848462078918,-1.5037908676208782,-0.25561328901686153,-1.3150582683260823,1.9064563440605553,1.8830560917879258,-2.329227823366341,0.6453011046720061,2.192414565028044,113936.35775715925,16.69,0
1.8766182259276318,-2.311307466168139,-3.0773339471494823,-1.0146669205897443,1.3221560347059786,0.1005213131777635,0.5397936896993626,-2.121443730214665,-2.325860211123244,1.9027702807236873,113962.63362934932,6.01,0
3.292974566263211,-2.7975055772535726,-1.517048116710268,1.2490933448753512,-3.806190156956046,1.8641715901032028,-10.76278800142656,0.24584151101002982,2.57683095922122,-0.5536240920175814,113963.46082112509,145.34,0
-2.815161787710641,0.024373786635804473,-1.223276958103898,-1.2123402374375767,0.21307158164660767,-0.2216559814928117,5.367558802887057,-1.4417951137250806,-1.221851636368152,4.75977292878377,114045.24315470614,123.32,0
1.0619359417416232,-0.9911125466513827,1.2436104564057624,1.6686062492854519,-0.44927308237471864,-0.26757353891802643,-2.2605997196283827,-0.30203320867997907,-0.05827364841350824,-0.17074744075655568,114082.10669682396,319.82,0
1.0276572926679748,2.873902013688739,-0.2533237049965251,-0.9703340786044643,3.2066562983098588,1.0828602212922769,7.380760906451704,-4.183853051079719,3.412152842736435,-1.7545430315892068,114100.30996439123,74.94,0
-3.701542475120874,5.1840838019677165,2.291549737096921,-1.3102476648055044,-0.9515010839691664,-2.1011045719165167,10.06946082154208,-1.5278794131781601,-1.7229060077707716,3.0161765332362886,114223.26313393695,180.38,0
2.280183789930886,0.8069426819710257,1.6703423299635438,0.7479582094396886,1.6291862427137955,-2.259374666693337,2.4754328347254493,-1.3825414865079884,-0.5003259057562464,1.828640996843971,114284.84159296761,115.02,0
-1.1237962289165753,-0.5008861124388628,-1.2254147171219443,-1.0805805284274372,1.2253255015614526,1.7942045873580406,1.4281817167138673,-0.24090457137513277,1.7697989503898222,-0.58882935071975,114336.10246392386,121.94,0
4.129875710698502,-1.986056620818459,1.037998311190305,0.15867042152050126,0.022945313136724987,0.7474866201191046,-2.1353716469780646,-2.480528109026835,1.046911624985572,0.6254932791622975,114339.0450354952,55.73,0
0.6972228715583821,-1.1853430071280817,0.6313002190177242,-0.012764568629440642,-3.4321843570363617,3.1292702049034484,-3.4429309298363986,-2.1538635328568665,4.409921817731101,1.3236730626917734,114344.98836087571,32.32,0
0.12972388531484613,-3.059962199629377,-0.5358183055854813,1.9989517717720773,-4.211405833684014,1.5107310219680288,-11.216207553829785,3.0308706789241535,0.27094764528671944,-2.0069444299178505,114355.19217109913,178.23,0
-4.042034615738144,1.8864258765048667,-0.42594532153352727,-0.17744969924275045,-0.28349403856057553,1.1456025598307014,5.605786526661999,-1.8754150688261477,2.988331812556384,2.8046299168807876,114365.81200597262,37.78,0
-1.1121921891018653,2.512830428308188,-0.8334237101148649,-1.6802476357051654,3.871057246360918,-2.3048297294357254,7.217725916583165,0.522718406165648,0.4590930714811021,2.9496989233244686,114378.6757196756,51.31,0
0.7288209071153358,0.7527103552410018,-3.178596939860449,0.753433632386429,2.6270929401146956,-1.939642148604547,3.4549936237686047,-2.264388445396488,0.7812045474745593,3.973770256405448,114388.23366038049,39.4,0
-2.2278162310224485,5.074031494451814,0.919064941452618,-0.41584817748961433,0.7241907003010823,-0.26271541861741143,9.654479554265974,-3.7328770609975144,2.9443136079966656,1.443563577773936,114468.59722194457,55.08,0
-1.099324399536507,1.0462396373703426,-0.1081555740704846,-1.474052209485569,0.3166972846551721,0.6748710101180447,2.011839695519742,0.4960044266035786,0.38691636919820305,-1.033065852839246,114483.85073636808,42.33,0
1.5217873479052573,-0.3782473846861458,-2.552727876352074,-0.019191966497040358,-0.07991231920039366,-0.3024546802699172,-2.738625854538298,0.17191383841826258,-0.14696525690019446,-0.21243083197863744,114574.5547436314,4.2,0
1.4185953175367652,2.5046036312934588,2.291260486998621,-1.9277756126131411,-0.13524281042690445,-1.177490545311799,5.738054848605463,-2.4586789125707407,-0.1836341622225861,2.720655859871771,114653.10570187205,139.94,0
0.47785205688709753,-1.3775861690966287,-0.31258494284785354,0.8843642307993375,-3.80717033454384,1.117145399154547,-5.491145050722313,-0.29206250076945484,1.0941846252121403,1.366838466606594,114656.87702824455,39.2,0
1.879227439677734,0.417864594013273,2.8643356613285302,-0.05581013243812949,1.260253612960038,-0.48168836936329856,4.599412117548452,-3.215078423120903,0.0117389724009348,1.470473380593758,114659.2578844876,58.79,0
0.06906712398461123,-0.1512611714574421,-2.5716807187474577,0.11669570883712077,1.13769469644909,0.052505293090492976,0.5504504085954215,-0.9174604806872612,1.3718597048273562,1.4535979113163182,114682.3773746656,10.74,0
-3.3201899950400877,-0.24451286981807663,2.2555655389452545,1.125783809256696,-2.6991386748191903,1.0106658940664137,0.4177927555540861,-0.2380217631137156,0.6607472556626657,1.8780681522194755,114702.85777114179,1.22,0
3.4014883125586852,-4.388993537360243,-0.17411086865144254,1.9311747294575738,-0.5494659904139827,1.224337956937061,-8.175614269364774,0.15811225972676013,-0.06326939116620767,-1.7785871784775789,114705.42237304791,19.29,0
-2.3691019028386746,0.5849067179943139,0.7645680820221956,-1.4653632017765537,-0.6517638314251777,0.8867971325056162,5.0346285131266955,-1.6000597559369036,-2.004661483250079,0.6237892677058892,114777.10972609371,80.26,0
-5.118947886092838,0.5392051931492436,1.5420739734895843,-2.439825344803202,-1.8948685313026368,1.143815654681541,4.322379223595921,1.3881785692156212,-2.1207454984906002,1.3733939117494534,114896.74599139128,7.79,0
-1.0880922065166996,0.2474647410384515,-1.5299233478583556,-0.8992223808768387,1.6230646634492092,0.41054867890124774,2.753267117593559,-0.3735822523697443,1.2983815992302645,1.2118131079261498,114909.39132065198,156.72,0
-0.6383424203160628,-1.415645615124572,0.14354331663508768,0.8261684762934127,3.2563334141562383,0.2934855348720297,2.873405088296821,-0.9484979066181332,1.63188435092611,1.5371350664220813,114918.33736159294,297.77,1
-1.2410076107013188,1.6672893517570746,-0.24890224203357458,-1.6119964032307443,0.8809756565167003,-0.26228340491614455,8.615843772163387,-3.903366915227097,-1.268187006845006,3.309324330118914,114946.07973630338,15.88,0
-3.6346045932171798,-0.9257557734351126,3.4035583790005677,-1.6336952970265795,-1.5621231822510804,2.9307190870430144,3.3365627531038187,-0.24964466355894255,-1.0360115772668073,-1.0783481593623052,115151.39946631408,12.76,1
1.0514675974442451,1.7344150720245528,3.4085517352571935,-0.21713856415488664,1.6678845132400433,-1.555284341972161,7.210163754602941,-3.1050916471635444,-0.9127647266598113,2.0214996425905927,115164.81461263722,1.92,0
-0.7085493205708506,-4.411655021380662,0.7511725615622656,4.485654316407149,-0.13240760275286811,0.37479526935218477,-8.144641318681556,2.7024941657383628,-0.6649619403660507,-2.1625839065403585,115188.56277925581,97.04,0
2.746775383368327,-2.316488751303083,0.6655882392420127,0.38829272970048057,-0.8457331986716397,1.7911250034004464,-2.396632150251001,-2.782104689643945,2.42058324612684,1.4721604982361907,115231.22921761771,136.18,0
3.011597081554599,-0.6265859665406011,0.7143908612348965,1.218742670750012,0.2500568391814819,-0.4598857383114543,-1.241995545504129,-2.0099750187676193,0.9501286274812093,0.8198497866996348,115234.14370396682,62.9,0
2.8875108497506505,-3.109707606143908,-0.6151746672840257,1.2144777446530874,-1.8705559174774669,1.454938251445797,-7.215497965499586,-0.6262204858266138,2.371768808854975,0.9474081973114161,115294.29186715449,14.55,0
3.1676708231427426,-1.6996921352713832,-4.640253064132985,2.101506127145412,0.11767603602867727,1.82854655637281,-4.097643009568388,-4.163503936496041,3.2759714228862133,-0.4840227310480967,115352.6225975661,22.83,0
3.817398300532306,0.2645433263841004,2.5807695228293928,-0.5146749020078831,-0.026114954645564348,0.0964038045046729,1.9111513361711439,-3.4947260307874806,-0.7992152346834811,-0.8227852222543073,115353.9772164335,43.0,0
1.7443915144683158,-2.395721064522454,0.791721212446741,0.5187741967276107,-4.5226546822351805,2.7325705844527084,-8.121313179082529,-0.060025865292525626,0.3944319583788891,-2.683858849674782,115360.13702538743,201.63,0
1.9123609514088549,3.046144924310453,4.258164360895893,0.4695180072263708,6.004566163718757,-4.100180493429032,13.614847786110504,-4.690724475892191,-1.6670525509873935,3.4557826122756583,115389.03022902482,19.47,0
-3.582741434144644,-0.9520330892775428,-0.47012656131676467,4.453124392579491,-3.488241818974192,0.0928889884819324,-7.4826783916059965,2.8656986872167702,1.8384082139212516,0.2425411099450102,115396.64926152305,86.5,0
-1.3869230691228982,-1.6070162446839507,-1.6450761200701498,-0.6986530865791805,-0.2114908453301989,-0.7079079802639714,0.22773030532938904,0.8225754924602073,-3.31264780858337,2.6638379162697516,115407.57427790055,38.62,0
2.3670672683917457,-1.9281938239933942,2.1355818258390435,1.350375082345497,0.05163504537915853,0.4062845397911629,-2.0200836916008083,-1.2962544532644351,-1.0876238840964274,-1.6946679779197131,115416.57579326676,23.98,0
1.5727375414805023,-0.18496523698090306,2.4796513801495603,-1.4623495338780934,-0.7866486543220117,1.4272097601451068,2.7206584228188078,-3.120704907852498,1.4883084346420177,1.8173446342886823,115445.11159940765,40.56,0
2.0225673050952446,-0.8190086858846144,1.655351353258457,0.15969185926376317,1.2129924204965818,-1.0907663831040013,0.915849921001179,-0.7802921481372128,-0.9035090933526448,1.3943132052068123,115467.17159030681,5.8,0
0.6344694475397957,0.7045603994173457,1.835597570907246,-0.4149872456799475,-0.3899918267596969,0.11610415243534081,2.7269981758636725,-2.0865255214140035,1.0044038876416357,1.8361212633479265,115529.35335371955,105.19,0
1.2229396622980302,-2.659834872023498,1.0730638051399555,1.7962902631882143,-1.9022790414792983,0.8912460688414766,-4.748305948676911,-0.6742678886317708,0.2932672762422034,0.6165023951945863,115541.54840294167,19.12,0
-1.6292846821425457,0.8854458377322291,-1.2218697901083786,0.976213885561686,-1.1380367127379145,-0.4962413798973267,3.89637827539295,-3.480018644780672,-0.993685555136782,3.50767170556058,115607.05989046991,85.01,0
-0.7538223282917869,-0.5530000968593617,-0.3487844635992112,2.1833026933092805,-0.2801162771494866,-0.6547616441634251,-2.1520302070347475,0.5140366449358971,1.9419226052569054,2.3035331134626342,115637.80543569995,5.6,0
2.9793985055706766,-3.8595572723240803,-0.9058608478434178,1.9962499874463373,0.1392610915635819,0.8278760251432594,-6.330833651019369,-0.6462381567798603,2.011565673369179,1.2255739671140073,115687.34585824725,202.71,0
-0.6750889863841294,2.1152999766229286,-1.2232740781449827,-2.2673551242598213,2.319540791848472,-3.184018149908299,0.7547894044933383,5.427678042650695,-0.36407253866466305,1.5529052876255691,115902.54349732812,14.94,0
1.8456044949355586,2.979544808027863,4.5265815338910365,-1.0860415894420457,2.931478976288138,-2.0725655295387657,11.820844265567105,-5.09159170291271,-1.185674284876467,2.740639895892775,115964.89754445666,140.32,0
-0.41141860030202637,-1.2795469083016502,0.39990341379864514,2.424885230371836,-0.13459872543685036,-0.8281385159126862,-2.733579190824222,0.8536970925692628,0.5409524130752597,1.5026410984948182,115976.0114000102,108.77,0
0.371337750058256,0.051800241617559806,-2.5210566136271493,2.083029100629265,-1.317407790366854,2.1717438122891632,-4.5414122780796085,-1.3140664937719397,4.457239245587708,-2.413557690190752,116031.59688969336,224.45,0
-0.14915970527159872,0.360016279087253,-1.4562346622543287,-1.9708689095425336,1.161389506790739,2.809930254689169,2.4089760979337815,-1.726364860756307,3.719409541298468,-1.1040245964066933,116047.84819843576,43.24,0
-0.5186518072832573,1.156708933831446,3.0803053746386975,1.5319478947230918,4.869816959468444,-3.7657397668869055,7.321882858744697,-0.07676018516409433,-0.5336258038417523,3.6662368262771827,116069.87826533204,85.48,0
2.1913282683428843,-0.8974292777102733,-0.7312887948076323,0.7887255933623784,-1.3545646122435853,0.5957337127901018,-2.664648243708513,-2.1961247193561206,3.0841722661411346,2.933627510567997,116103.06609386027,31.11,0
0.20058193804714253,0.6859214508257063,-1.405800915984516,-2.8972597553907473,2.2872871854310017,0.7239453357316282,3.1973788264326335,0.23462599553091423,1.5613025339297428,0.13643779493512342,116145.02259173582,14.25,0
3.770370286413549,-4.574726410265923,-2.5402490436404426,2.7822000600165557,-1.80076014604863,0.9424728362579957,-11.45050096065158,0.19599341668569048,2.7502822497839525,1.464653121291029,116201.17405872498,39.05,0
2.064442441765192,-3.295368231082609,1.0035247589236826,1.5749458004075314,-1.0597477570457254,1.5490316493071763,-5.309868993716465,-0.7276473817563401,0.7103977439731594,-0.7630514284565779,116211.18921011224,12.78,0
-0.6499104884104844,2.2989252687313817,0.35869387071251535,-2.6002075335497823,1.7535760872115724,1.4648798846870592,5.952690646693958,-1.350163585105862,2.2560853606457796,-1.438298417039503,116225.64602930182,262.29,0
-0.10662283018636709,-1.093923568135048,-1.2562660326619899,-1.3404030273499068,1.123870189213069,3.12974002960668,3.2656702086232596,-3.5078944487448145,1.4917359402146075,-0.882136595634351,116243.07739929757,7.58,0
-1.0602469013967983,3.4055711069409647,1.3863880277131102,-2.3855136226771148,0.8801050161780857,0.9648328000741183,7.899182909666176,-2.4348989721751724,1.1076141921273408,-1.1946725554576854,116253.72537047425,58.83,0
1.4188251027698793,-2.2712025682189596,-0.3419150435003959,2.243468265395534,0.9259273140649209,-0.8986753451728234,-3.826762766086817,0.5682752219717315,1.321750689437324,2.2072108572278117,116272.22433374819,65.01,0
-0.09625984694937673,-1.6927261073070423,0.1377559466625231,1.6657975054603251,-1.411153860344249,1.1558815266297187,-4.427584040125445,0.37095990542179536,1.7685452515606805,-0.18249092461790895,116288.63234975791,51.2,0
1.9116165438311294,-3.0425546706980784,-0.5149252337028578,2.1793781568959254,-1.1636795680717462,0.4837736608441477,-7.688711891161693,1.0298128183702873,0.7873887397259208,-0.4473544546874455,116369.12447854571,71.54,0
1.246648173451676,0.04438908245233297,2.419749733941411,-0.23597904678814885,-0.41636511592383896,0.10400366032027805,1.5764882023858218,-1.7115622902906957,0.21615356715459555,0.9931850931680526,116405.92813966404,9.03,0
-0.5390487645624835,-0.6444992761054239,0.5001319806324012,0.8963247462124277,-2.4816542205172456,0.9273433896351669,-3.0928351197418356,0.018342319009316377,1.9066440290418316,1.305067758911739,116466.19916758222,53.63,0
-1.026055396494773,2.8396179922155556,0.9704746530880928,-3.0260045805430655,3.6049990265667065,-0.635732982266002,7.731879897272157,0.7477203960211181,0.4311862844006725,-0.7098756807393269,116470.64201335938,23.01,0
3.203699247903112,-2.1247705330235194,2.3546280715099783,0.37038578272590983,0.6995666519736485,0.021091637403233124,-0.6244444063567431,-1.7082327628390677,-1.7649747701307974,-0.5493680774961129,116489.71506863167,184.06,0
0.07235319479944025,1.3243328295593513,-1.5557603282805403,0.03338395904094904,1.6659243980698435,1.4556297309893564,3.467701660081483,-3.076950313008188,3.8296506184026415,-0.3977279564216474,116603.07301452853,94.33,0
1.706337651012605,-1.0443284182141614,1.3489269187481767,1.5105808061793664,-0.7345892944710313,-0.07476703540871622,-2.266703108807036,-1.0178240182693246,0.12784009598978852,0.06794074349917023,116782.20145798392,234.62,0
1.412629461182549,-3.03905520706197,0.7673646143372462,1.7614057650886723,-3.1175887348933164,1.5312389684766363,-7.265555217898422,-0.04487337651998957,-0.12140691448205754,-0.9648433410387385,116817.3425754802,3.49,0
-0.1354823864485024,-0.14073467052130495,2.046714119481652,1.8500659159668933,2.158032333839339,-1.5228789749068317,3.9637061598299796,-1.762033220023957,0.3556066969914471,3.0716809892819907,116843.48272663499,22.82,0
-0.18655712504921873,1.2298168425768004,-2.3927691569788987,0.643536547641111,2.518020810729922,0.28114524246468847,3.055255174204694,-2.0781454140766478,4.0806499516999635,1.2004067370950704,116893.6595527154,15.13,0
-0.5786401584870302,0.1410825948073644,0.33238066795129984,0.6780265414819611,-1.6772933864949797,-0.3742851213180096,-1.4932169624265785,0.3585440362887118,1.1337700072084382,2.344381819901493,116901.5130623082,1.73,0
-0.7249727096467111,3.436588668417279,-0.2900805050811037,-0.5811860306271737,1.817069571215484,-0.47906567204496797,4.909910498853757,-0.7890165745444346,2.9619838339920777,-0.17561164866356216,116954.72044255797,19.04,0
3.4170963876684834,-1.1292484873740098,2.9810239001621373,-0.8646490990638729,-1.4488025040745336,1.1539383133085244,-0.5098362451765222,-2.6657720735108583,-0.7938260276598319,-0.6637092321988343,116975.36730185349,74.82,0
1.7387361456263535,1.7388286273805367,-2.2865108620019523,-1.6391271422692641,4.263594154680018,-1.3660053316114777,2.059112251450854,1.4509138423764383,2.6363914368622066,-0.11916049549751229,117006.44654620961,18.08,0
-3.290392052062215,-0.4461965069647721,3.359012021354049,1.7421317622671733,0.8947560267616739,2.098156036781135,4.972669133144333,-2.5240466464767675,2.6935854580541134,0.4562256213729582,117053.53284479721,317.41,1
-2.1254290410945957,0.4087219503749949,-0.43626676372434137,0.5242640108690158,-0.7950930112163577,0.453308481031527,2.2616787173821855,-1.428015668874957,-0.4597259887149445,0.8921613647869742,117061.29870824929,143.2,0
-1.2513649971753402,0.3983895589221015,-2.6706546059765763,1.6034009863241083,-0.8023206467613269,1.923815371099535,3.107018046480467,-5.649953106078784,3.6835774099624756,3.084288834942654,117077.46287910071,77.92,0
0.26901133238165176,-0.906896330598011,0.528756689148135,2.105838709122719,0.24132955981489768,-1.1189492228297093,-1.359924226623256,-0.047773851902547904,0.0950071696009871,1.7073260545262843,117079.30381690711,17.91,1
3.150878268193229,-1.9135846455735035,0.3210232504938688,-1.070518379588569,1.5998866067079316,0.2570540973064635,-0.452447878319189,-0.9743922610489015,1.2155215364547716,1.9294069002678376,117083.1217263464,75.07,1
-0.17744308529127029,1.0368097457508876,1.3634236301445608,1.8501058311965732,0.07286992605196829,-1.2741978647475143,2.242061315773181,-1.7488913343692611,0.7359065718265932,2.2273729749425253,117126.12101357564,40.54,0
-0.8846472652069695,2.1186979035179365,1.783180434334446,-0.9885203037011434,-1.9166653885097547,0.3297977648412612,1.9236146187869174,-0.4410497234221902,1.6546205452345966,1.04684371358141,117161.19116220619,13.67,0
-1.5299658129704128,0.8336569818206222,0.009777415583256177,-1.1952929354455974,-0.7392839227956951,-0.9407400092373689,2.6878469794283135,0.3236216271662682,-2.954917222215196,1.3572752173388152,117244.79452096781,66.33,0
-2.178860652311345,-0.7371913463473336,-1.2749458955305273,-0.22821848091629826,-0.6919919662557157,1.512662279395878,2.5919308418265934,-2.2853866284845488,0.02973739483126636,2.0395741627206787,117274.16851301919,30.43,0
-0.9528674093710072,-0.6694383759896056,1.6166168528750609,-0.556235517087054,-0.7475108675616872,0.7578443594884049,2.9454194126010513,-1.8562036533639363,-0.87447754819625,2.006455130144239,117348.88074816781,46.56,1
-1.5769921058232352,2.127647132586926,-0.10359481457147535,-1.8261626055802749,4.9107948497992755,1.266462549415911,9.896367390603247,-2.573876800482267,3.9791180847996896,0.23884790337464235,117438.39349662662,92.84,0
-1.927801817304153,4.5277588290688655,-0.1990979018655593,-1.297520962451364,3.5033913359577857,-1.5806754389730993,10.675703255345404,-2.0357733140429923,3.0408361606847505,3.3967730543513306,117443.05044936248,62.29,0
-2.342391545521947,0.8765741067538754,-1.8661502561143042,-0.5283779564579829,0.8039566978382752,-0.783019299241169,2.1095605038353216,1.0989080589812614,1.4192030381595024,3.372499496073416,117523.33380523688,30.44,0
0.19949649274780124,-0.9541096885157987,1.4135755587879886,0.7485756621113904,0.43482177289597934,-0.3104757486891174,0.8423075213266396,-0.8278920678028903,0.2512571545272343,2.0931077159094382,117528.32536017991,16.32,0
1.3058061729787984,-0.24005307841945678,-1.8495192698047287,-1.5972359699563587,2.7110340796590773,-1.3240487229348439,1.6361769750125643,0.754883346059398,-1.6428013414479867,0.6935627030194951,117543.36024720345,98.29,0
-2.018010609616839,2.3399106891437245,-0.7563784295421101,0.1172620359711416,-0.1457333441603299,-0.3331111861467265,5.5493761302633455,-2.7496628929419598,1.20366727849009,2.9724232834657265,117543.44029212714,44.31,0
0.3795205762546512,1.8180824794423187,-0.5881827797240828,-0.46555004597166627,2.755812938572473,1.660143114026027,4.663463815958212,-2.7932613172390166,3.8808282028022223,-2.3461829181258422,117590.27939851042,17.55,0
-1.0795117279739295,2.1114247470354868,-0.45147415371360133,-0.9181672607336899,1.3030463549106042,0.16367864685489913,8.42717246091971,-4.395821093695066,0.6365862118325338,2.544573235845962,117697.16516514902,15.11,0
1.8699368835375143,0.3466633004574168,-1.928548134608961,-1.104259613646939,1.9549917298362645,0.8701350492771202,-0.2358924722087322,-0.27300469210264633,2.1124730566760026,-2.1980701298712866,117763.67040029498,12.75,0
-0.8068563775554423,-0.6573310770648793,-0.596636417972156,-2.765518405813162,1.2033509283651056,-0.5416596721775139,0.5077726494178529,3.3423276616383335,-2.615396731676,-0.05055538659075198,117956.25582740393,98.58,0
1.3802499745528665,-0.8915374642460208,1.904997194791883,0.7550662813097887,-1.6640810835093185,0.81249026550612,-1.5513009756239104,-1.6373622973916204,-0.3692780391710897,-0.6881558857587269,118023.57044634646,17.9,0
0.8450943160017064,0.2104132231503988,-1.9946944665499329,-0.6884864638457743,2.415593882498598,2.124235230622122,6.630614814059695,-6.212787560569368,2.572794462415229,1.134984817278173,118065.25928845079,49.61,0
-1.0289061113395381,-0.821107207684163,-4.207873299617078,1.688194872120072,-0.7285378615273794,-0.07418283718382647,-1.5853169985892965,-1.5291105641963751,2.2829316034213747,4.658227028183505,118067.11436037818,40.04,0
0.5455514152833378,0.6131308923724035,-1.6451253439313454,-1.1709002962493338,2.364224719049411,-1.8964218876697718,2.315359260367609,0.8624439883538784,-1.3010248958390953,1.5498699084341387,118073.44107760409,57.33,0
-1.347003072459935,1.7562685796526822,3.3323031898518076,-0.34703119269463834,-0.1598795035343512,-0.10546236468507471,5.97563504135855,-2.078246122604505,0.20559483938302547,1.5707057132929538,118172.12287714731,137.29,0
-1.6404519234066004,1.8179617895868474,-1.419052218420636,-1.0528659861936105,1.578614289190352,-1.491380837443441,3.7273155065365926,0.9503360847628834,1.011416302539298,3.0872961095622613,118235.4669813007,132.5,0
3.145282321903965,-0.5143015922964354,1.0333430975392865,0.1353888950690244,-0.4585053162448618,0.03220791517157564,-0.2107562601621366,-2.7821433601861467,0.9315363589500009,1.6930965079067213,118321.54661731033,39.99,0
0.35686822147837094,1.129720039116935,-2.182337416688023,-0.7853977988297312,1.2649445520531648,-0.3523490460113173,0.8770505740661759,0.12156939736741412,2.0204153255635524,0.8938443994446322,118391.20874631085,2.01,0
-0.45319599266947097,0.9949843847916046,-1.9496417453162462,-1.2012627497601018,3.2591827746576296,0.7999521183815138,5.9293416787296875,-2.506939414306357,3.3066993716983735,1.8404278771108908,118444.70302074458,37.13,0
1.9984024776375007,-2.7038047783196353,0.7268813918384949,2.113329550887499,0.24818919783121385,-0.19802158894582192,-3.415497310107279,-0.726199854920838,-0.09659582568162572,0.9050047131780785,118465.68163316626,61.57,0
-0.15999875883468184,-2.5369844178804932,1.0835484339050347,2.5070879072214076,-1.5314186155848541,0.2669032036311255,-5.472545443538651,1.2509542848672623,-0.2926432809186963,-0.20663362464154433,118597.33958735764,54.03,0
-1.451911354313351,2.252846223522586,-1.5399444660661157,0.3363424025904489,0.48212936014393115,-3.2529075012374076,2.647755349591067,0.9923712853059379,-0.8678683333858237,4.18070704348084,118642.73705152245,69.49,0
-2.8048380404595026,0.8893865266155818,1.6549303824716428,1.4098117560279966,-3.282809076357921,-0.48332681840454744,-0.7395776925141969,0.7088406498854525,-0.2728186908546706,1.8731879856102203,118716.92925176035,11.88,0
0.779504492224959,-1.1238299547037411,-3.760311846297317,0.8874744610025236,1.0442982749244505,0.44124249654880776,-3.006386664830739,-0.12592878589809042,2.5752686761982684,0.7808802436364991,118838.36893200089,68.6,0
1.3248455736892901,2.2902262859312845,-1.3515337943856451,-1.3652584731995678,1.8667154746314716,-0.5388321456222214,2.676477882083425,-0.5800138735375007,1.8594045508258699,-0.4513398945990139,118866.65281358054,14.11,0
-0.3338283559403292,-0.11168524195836993,1.0319156589406708,0.14130337098042822,-4.865749520756365,1.6260500630344243,-5.02041054812282,0.4897881529028778,0.3438572853087477,-1.2650746829722421,118894.27226240946,91.25,0
1.6222403191840087,0.9646218082270441,-1.796276416616581,-1.4935351145527207,3.760629384275818,0.6717585550485875,4.316162807656571,-2.1063796719196284,2.6585141762652227,-0.6766820204591899,118909.67721175449,27.92,0
-1.6181716858053936,0.3306147706426239,0.8079981735947381,1.6330965657411611,-1.6186152718317217,-0.8152193146834799,-0.1824449390595611,-0.12589620362051313,0.5994182549325933,2.9714164827764717,118933.78794282496,81.44,0
0.4989205588641832,-0.5883563740050236,0.0003135748710775266,-1.1860731582880013,-1.7166804715189992,1.9569415180173755,-1.5222752686644891,-0.7279600728094153,1.597743232274634,-0.080377738072275,118955.93410271278,60.24,1
3.38186121348014,-0.5339618825701681,2.357430087867793,0.2102807220291979,2.027500997578082,-0.9062512129750854,3.4142861301508254,-3.3656369031009388,-0.21114550709546442,1.8968373293417655,118956.38719544125,35.06,0
-0.8009625970532501,-1.2334810181441156,1.6902826572597263,0.4294185439651865,0.4233610845747261,1.5057308531869198,0.7290683874115049,-0.7510565079131567,2.747222050255365,1.2308684624942638,118995.5455444009,33.26,1
2.189021799249895,0.7231563422941887,1.3516973490160358,-0.38621568569634923,-0.8315997482499176,0.1462120567566436,1.8489376541829816,-3.191761820256937,1.4128512065324856,2.055192097063026,119039.38019425567,17.73,0
0.12962335798990865,2.3123143564340136,2.906561958178073,-1.0994189661576943,-0.6620825845945103,-0.14387725092868628,6.469653852011199,-3.4841023975584338,0.3121155503450571,2.1950010854899107,119139.54666691952,104.1,0
-0.6452872198301062,1.2558452276509973,-1.5534987657166373,0.14050509175354264,1.4758635721175046,-1.7851366436009481,2.6490466586074373,0.005443821340171073,-0.17888261655246396,2.248842885457217,119150.22257825376,65.76,0
1.6437717589306244,0.16508889626697987,1.3537669944568422,-0.22990131009076187,-2.265115269809307,0.032990878732059636,-1.3705373338307005,-1.0803813497039911,-0.5466679338136287,0.3961710181975612,119232.84513381105,58.57,0
-2.5212742174039793,-2.1424230968706155,0.683039333238987,1.0575557121686054,-3.7597998631346226,1.9023342162234311,-5.603570714339093,1.9521074716216322,0.8232574844222934,0.3986279103450773,119300.22638715433,29.36,0
2.437212368412668,-2.835516578433962,0.31859728383939634,1.5222863221670169,-1.737716600397111,1.2246960736840249,-5.930075035878384,-0.8670832389997556,0.6021023474040579,-0.4150444945567977,119384.75114798218,43.81,0
-2.3777744935384986,2.0567363419004563,0.04472511205546459,-0.3619545640106956,-1.9412516541749185,-0.9865826319855191,4.572943119259018,-1.7648322688610132,-1.972103889676454,3.1397753467905,119394.04114410612,60.13,0
-2.7968737266603854,-0.6269882055187457,-0.36862639971180466,-1.846895714102738,-0.2837834907611321,1.2749836664442258,4.066246278553227,-0.8786343042550645,-1.319831906129977,2.0605319905116217,119414.44444134443,42.57,0
-0.6141516592048786,1.7775218664862544,-2.467782168664982,0.9109647818417406,-0.3148492401051459,0.30943501684659047,2.0606883013200457,-2.941795169291474,3.5620629583358348,2.463655945948167,119559.49016129739,78.89,0
-2.421464407584488,4.240827420734053,2.2059075045617003,-2.2319232533728757,1.1896988289766444,2.1278390313400513,11.468676754888024,-4.468369281044595,2.8811020669938556,-1.0625310539384212,119579.54502758193,37.96,0
-2.1413096315118074,1.2726243881579822,0.337691257679569,1.5303381032161885,-1.5407118739322665,-1.8595795172909972,4.659034154333851,-2.8140263950544764,-4.422066791167122,2.636311285374781,119590.32620581095,33.4,1
-3.2013508530683574,3.1136976197265924,2.3845420951006955,-4.997968512726031,2.501432336230314,1.0545362277712396,10.215025197811384,0.8816139427664764,0.6508256181047045,-0.6227242348332542,119605.47984474599,16.65,0
2.280800028642047,-3.4659581097824765,-0.1467735070521632,2.6961829583390537,-0.7929733344211858,0.9603185582060889,-6.248412365043158,-0.9899958001379678,1.3330744372096144,0.278722409440575,119625.3903486849,1.38,0
-0.3612932204631998,-1.9243314810278584,-2.708874780046154,-0.8774280492137586,0.353157958650699,-1.0107794360809834,-4.890935944612976,4.568948220340662,-1.5474280118098385,0.9011559894166916,119639.62180127084,24.27,0
-0.9314107072002275,1.5529144557102557,0.11272144075368229,-2.7847183095629324,0.5559478120873957,-0.1998499754946954,2.524427853024335,1.9144014256709885,-0.5874471598899689,-0.512815409984581,119652.96694885107,90.83,0
-0.8117863846700835,2.0716148002311328,3.4658193827728456,-0.8717591604608721,0.07737182046770519,0.11331928622697382,8.086961277139215,-3.804015164458005,1.0482435494105375,3.0424477801658183,119662.76044844213,103.74,0
0.12742000823431066,0.39441326814478916,2.791150648775252,0.24955962033621293,0.059725935612898295,0.053587495599904014,2.9323788213726445,-1.703814231768984,-0.04059538494663539,0.44623640442591805,119669.60416961226,15.71,0
-0.5973959765584644,0.904481111264969,-1.2211088999558908,-0.7799611438658379,0.9245157720683963,2.058885785288537,5.74844010819015,-4.66567299469248,2.548649499062206,1.0125925389763757,119685.76454468122,208.69,0
1.057852317608606,-0.5306370757605843,-1.6504146384956648,-0.08504731902624063,-0.7332359083613091,-0.14579660773742845,-1.6069330139931746,-0.5566664446543241,-1.8525903681580704,-0.4426022357357471,119857.20033147182,46.37,0
-1.2293688342664852,2.0992693249619907,-1.0958644109771625,-0.4664593345479007,1.6602954264486756,-1.8992744168882643,5.7377530804078285,-1.0777970180606402,-0.17018250712617689,3.4901150350592385,119868.28861504124,162.76,0
-0.17108726709868294,-0.17172808998320765,-1.703197634460845,-1.6532343457719176,2.373406722193202,1.4645258981928442,4.868893493204444,-2.65460058119452,1.5543954837821752,1.118355757658999,119914.29120391488,80.74,0
-0.13777319424418089,0.5703694717758014,-0.3722885852413036,1.2884659418523807,-4.25431257211536,-0.14024027100329187,-5.273476353433655,0.6935022638525359,1.1765981098725833,1.1900634884637187,119914.48924015509,84.31,0
-1.8045890959928321,1.0359181758801945,-2.0749263242492217,1.2807531555200296,-1.0301495014426285,-3.062220129505806,-1.27459064280998,2.205612726831541,-1.373946353801232,3.986331382173067,119949.2191024988,6.78,0
0.5371685250331203,-0.39784961399882035,1.0277375339797963,0.49573830904431493,-2.092763863514235,1.0507303104378791,-0.8507199555090591,-2.0486072029699134,1.8461257306205603,1.8496937393321993,120026.08982936772,17.15,0
-0.16567893969099412,-1.5728277572371008,1.6621792575586332,1.5887809236325787,-2.748016953346239,1.0246000245280888,-3.1814322494890237,-0.8160514217076663,0.3580001649302377,0.7926868062796961,120033.95769683617,1.58,0
-1.2671688866306918,1.4032706927439318,-1.3766936022598601,0.30036432712540906,0.6869513035406484,-1.0228522351388527,3.251281817117271,-1.036676389540375,0.5178863061799256,2.521895946616589,120043.55016364495,82.85,0
-0.47328042124722836,-0.3241558448607256,1.140859720639213,1.5250213782055833,-0.32057350672724394,-1.0693748444559399,-1.125774400461493,0.8173716711506402,0.33041154436799836,1.7567537977759071,120087.54816234538,28.45,0
0.769247603378916,2.026570708496301,-0.8343100008808901,-1.9044165272175606,3.371106559391993,2.150096124281922,5.8387099314870285,-2.8913487364175676,4.773441394105314,-2.0326905407028426,120092.86992266655,101.41,0
-0.6369949407894633,-0.7469193152408082,-0.6343624682599631,1.2700082450399734,-1.4729796109992515,0.43402293354140237,-2.6099439394133275,-0.1338685618287343,2.9911828564339578,3.060005858523833,120102.08754675799,27.9,0
-0.6397359031415195,1.7491768317038976,-0.3232299534634383,-0.4361852948794054,0.215333082419783,-0.07763579451220749,2.4992122328152506,-0.6723244221466352,0.46555299630739977,-0.4438766376690959,120120.97893942421,112.22,0
-0.4426461780338399,1.1332058464291297,-1.5782438432149548,-2.993742759391856,2.430187757268338,-1.6951714302882903,5.148499313798975,0.8515659454430917,-1.9264999222285362,2.6579618730432584,120176.73331600818,69.6,1
-3.9062778966552782,2.9132697859825623,2.057459664612765,-2.6758874586980506,1.1938912541339841,0.6000035631191922,10.315569235175976,-1.324942419873712,-0.021364347601114275,1.1408942093271155,120202.81571464823,13.38,0
2.571969294989789,0.2682296511331923,2.2262501422931145,1.0078789489921312,3.0416310101951236,-2.0539363318425,2.8103192310411247,-1.1571472291265164,-1.2420816706536115,-0.32958461574767695,120225.37345654184,28.09,0
-2.4445484122063803,1.6053154855622456,-0.24807653328850765,-0.47851905754497914,1.0525931304501315,1.0839393074008243,7.73066257205042,-3.812590204304911,1.6901906195787717,2.1373187662623607,120251.36761956906,35.13,0
0.3730867717920383,1.886259167374181,-0.432099173586002,-2.355867555695137,1.8977228698725543,0.06087473414305274,3.3962611922939696,0.3380294296496713,1.092341010743349,-1.0844951579209638,120264.34281299102,28.87,0
0.03492334736595448,-0.9983174461706547,-0.1703630407117418,0.7282578784118758,-2.7052319470300903,0.8179613648271051,-4.0140080089276955,0.025732862710112325,1.590454897703578,1.6676608494129084,120272.3627996953,94.76,0
-2.407719733008178,-3.4575451131247963,2.181587181941288,-0.1517991172449168,-3.5841267280831883,3.2993272363236232,-0.02456536607422909,-2.4339083808478152,-1.9406973223576807,1.5671437123030374,120273.94886543533,135.69,1
1.0728287153135703,-0.8717483777006171,0.7242179223403227,1.9923373912694964,-0.5392712229696536,-0.006889905330890723,-3.501179936675371,0.09874527510594655,0.9788569070583775,-0.8076092732455,120295.78187983348,29.12,0
0.8971372721034189,-2.484198884999253,0.63630679016963,1.6812579573883708,1.1530000118651387,0.6299631448190665,-1.764276376923074,-0.7796960641648495,2.2608341054093253,1.6319219623719814,120318.70047174254,119.01,0
-1.095246347996891,2.605964698335807,-0.7537402098944608,-0.6331707348515516,2.319098048018456,2.297457033722255,5.100699781404658,-2.3950822700718857,6.446302406185593,-1.3760650165980013,120343.07065583933,5.49,0
1.4929643251997011,1.3170403609526602,3.578315520541886,-1.9547306737962513,0.797920022771275,0.03256486836657543,7.760334497211637,-4.1908488059017435,0.064027018083886,2.629129619944877,120381.26236592699,186.46,0
-0.8607841365995446,3.19149824651924,-1.87935049082741,1.3539038387782458,1.2409681895120173,-0.5100115660113792,1.9331961187578879,-0.8178778552947242,5.361229796456427,0.8294748853811952,120396.18217492523,279.95,0
-0.6401944994354005,1.7084528742226723,0.09259578532148782,-2.115535683251088,0.034545185244236554,0.6910503561832511,6.314673306098925,-3.0196212228124755,-0.6440172827652209,0.9306452447916663,120444.32004398231,7.03,0
-1.9803210768218382,-0.12492670864847621,-1.4738540458018785,0.3555294027985283,-1.8761450154120238,0.997065898756243,0.08515780230902312,-1.1933435651989883,0.4481307595251256,1.6578165861825456,120465.06725810464,23.38,0
0.6303780575426551,-1.252079173130408,0.5841357523065812,1.1932687781892108,-0.7734228083569777,0.3497645216821329,-3.3260268739619896,0.3795586528332424,1.8151759865212949,0.8959836982044704,120477.78119398524,31.28,0
2.873617478043662,-0.4700459030298514,1.5711470296541439,-0.2731750220010116,-1.5282705343781746,0.8192946692913599,0.18342342558355074,-3.5483019048681137,0.6989623470588018,1.4119134653720389,120514.22218025394,98.36,0
-2.3110803001997136,-0.865106316334133,-1.3332493347422283,0.061839585699458244,-1.2286623188715975,2.434337989896911,3.391896268295192,-4.101968027328667,0.672457094756189,2.2656956627608453,120523.06857645222,59.9,0
-0.6816614042238636,0.08509556982944555,-2.097482976865905,0.2439732691538039,0.044169343664146266,-1.067900991161105,0.4825182714951147,-0.13221167523717592,-0.6952016183344278,2.563229639359245,120642.34418261197,68.2,0
2.072904403790356,-3.721880986254399,-0.4964573737488742,2.7108437346114655,-0.28511890288543273,0.6610968157416015,-7.55034843825833,0.6524875661449236,1.0228408107715725,-0.5984028375654102,120778.35756262024,93.09,0
2.459840169537467,-1.120537328028814,0.48907138633715075,0.26764004340402325,-1.3733305221305554,0.6419261700468847,-1.7394389827489622,-2.390241173351017,1.4758505692858976,2.162817855042299,120897.71763070262,9.16,0
1.6273371460812385,-1.043518559464416,0.41229842124071003,0.3491036120075828,-1.205361339088366,1.2832504417634922,-1.5131599119496817,-2.294857174779526,3.60052631961723,2.841330338844857,121127.46591613593,117.42,0
3.7958115090511035,0.04918393759103834,1.8013436131326175,-1.5288755261235578,-0.8425724582383358,0.4369402698640755,1.413842726118953,-3.4337014169300812,0.611575298167346,1.6997571349968066,121156.92191533945,80.49,0
1.6146586414083393,0.6413229340704043,-1.6234852647882487,-2.293381943861468,3.3848003998346208,0.9401956943029455,1.4421048914208174,0.6003179259073514,2.75703068399834,-2.3112660629277832,121162.15208279688,56.98,0
-1.3182420326667903,1.1165166403671893,-0.029553726873242536,-0.9667764405254363,0.586785095885092,1.6107848102894942,4.236103248745151,-2.0012853902194427,1.409238800622544,-0.7951007141131732,121299.87639013113,144.32,0
0.41754746932214937,0.10105216031409991,2.9240567585330632,0.7786529657059205,0.8841024425470339,-0.5662871017727827,2.7672679595225196,-1.2920829929560484,-0.9705448598275486,-0.14702358967814044,121330.84542022012,486.22,1
-0.9054300030049607,2.0101162351838795,-2.002432050287453,0.325992055576414,1.308372409841538,-1.218612742462019,3.296549149882948,-0.9690339698340578,2.165609553046121,2.909573159598039,121350.31477027158,15.64,0
-1.939354104724337,-1.991113194545969,-0.8943680903070897,-0.5282708169988275,-1.1687168443724505,2.7077920489716054,0.03117193964339687,-1.244383778290738,-0.48661099373459527,-0.3898000970787179,121385.94691002116,37.51,0
0.774612845526901,-0.2473323354291157,-2.175713222502888,-2.2173798314766193,2.7925892730149333,-0.8278533448056367,1.3930527788383942,1.5109886964104189,-0.30220747744179177,1.0994556744172441,121389.24971297248,45.28,0
-0.13281035631965643,3.4949596663489277,-0.6929372431728358,-1.3709857328034947,2.759441225615131,-1.3271767871731723,4.888806816609008,0.39926822218125135,2.620881788539629,0.37099339720437263,121398.99866521465,4.69,0
1.861867347238134,1.2059671317120997,-2.9040549230346784,0.27805941699940595,2.4239286785932554,-1.9840536371733453,0.4231573491843509,-0.07976393386850966,1.2034657537778588,1.2588320116786167,121415.11598917723,202.05,0
0.775163309456683,-2.563175273580794,0.13637781211096223,1.9886076992100532,-3.0149972949931407,1.1069303870260137,-6.415700658398199,-0.2470236376904169,0.7239135025684535,0.7410141546980056,121481.67609708673,9.95,0
1.5208685051313307,0.0028929183746285725,-2.928399524668718,-1.8653683518062314,5.31449607391432,-0.6281840705877041,1.893326342323115,1.5161658196578451,2.5699282273601733,0.28195075844995887,121592.0781008681,78.71,0
1.4593922533093515,-0.9522589855272168,-2.9872526626987748,-1.187413687249456,1.4959028479588328,-2.9366964139476566,-2.0477457533622014,2.9732130097456104,-3.3447042391451047,2.491297002835954,121596.9369052255,46.87,0
-0.1152303825273282,1.9492797113819174,-1.5599149548635647,-0.6801454116690179,1.3052335670207726,-1.834093163028938,3.6396264751968563,-0.5361526361969364,0.03209805078751382,2.6625423332498794,121599.3219199,2.69,0
0.5699964338391483,0.5596629168172073,-2.229155498111924,-1.2626608344942378,2.138542689125746,-0.35436322640296,2.854502303591858,-0.9271321091214,1.0142712885808856,1.700896233925132,121626.50543441244,169.15,0
1.0098710622197198,-1.952355837019163,1.5792995271676222,1.0667277355609843,0.021318705554022266,1.1267488737796862,-0.13073661727382657,-2.334649834578038,1.3726051214064428,1.460250188305186,121664.98392754584,125.11,0
-2.0218844715090585,3.685785182856607,0.8912131778821728,-2.010419248909222,3.7216119006433273,-0.2915930074167447,9.326502523935018,-0.5985377987565235,2.620316146307071,0.1214174082321885,121747.00516314254,49.29,0
0.7942571992842982,-3.377693605295151,1.1373961032708297,2.8677397157799627,-4.110373171871273,1.1295130393957917,-10.492166867148946,2.053683336794491,-2.0718708178246192,-3.5289623273599995,121768.83580089256,17.9,0
-1.8323811307997733,1.6273712629097181,-0.3158627497926826,-0.7484361744993002,-1.2259396062354124,-1.0189167892913265,3.947001013582703,-1.1089073236013602,-1.9306594848137064,2.8113863509451082,121801.71053549636,9.43,0
2.4348532779164893,-3.4677611810597364,-0.5906944325988681,2.3192905351125237,-2.4362859184608903,2.4532711367639295,-7.625897960321286,-1.8896143496917306,3.323576674547754,0.3910530489205336,121848.04435459335,30.35,0
-1.6732270331894017,-1.430202690523882,0.5134537650396553,2.8363127188846367,-0.7092368957510591,0.4176636666352916,-1.9064858185011007,-0.3535271327082804,2.6824596101965454,2.6601916742628244,121903.63147298642,20.17,0
-0.8023590115781198,-1.6995205585515776,-4.136871902554093,1.7079802003707512,-0.721606340581699,1.3194588049745117,-3.0550548327879685,-1.5127996139864623,3.056421239455412,2.7098966005654805,121923.38981071097,46.93,0
3.821567403351517,-1.219903011402597,0.2342905446665864,0.2365258079439212,0.37562223104749837,0.5675112719756075,-0.42107726702015796,-3.5252805541612577,1.920791995753305,1.7905957210694123,121925.23706485289,221.58,0
-0.2569703161587411,-2.51584586331369,0.2919435063057232,3.2370703028069343,-0.3595206063466543,0.015470034126606816,-4.554389767963265,0.5567915868898321,1.2411727666160521,1.1336424849758695,122038.65685264254,56.61,0
1.6990938578400692,-0.4858878035623151,-2.777256722789746,-1.2716069632673905,1.5118414177799853,-0.09317741967412545,1.0634239365983726,-1.3898210353942544,-0.1107085939692165,1.3562864213199757,122039.3368895493,144.43,0
3.421343693495692,-0.05689302516798045,3.118984380915302,-0.9417940950170556,1.07319016559789,0.3156185981054155,4.251009741498821,-4.131990024061371,-0.16447001214102874,0.5513118204470315,122079.00553693651,69.4,0
0.934645104465931,-4.451237201366629,-0.9695743087001427,2.702216122182969,-4.433115721677705,2.8942365517157915,-11.447555301461405,0.30838169092024703,2.8429082777881045,0.21633476772756688,122105.64151504102,42.91,0
-0.9224942859606957,-0.5289519090883804,0.6256037394704907,1.437205581114854,-2.1370399087049363,0.5914676647161355,-2.8170400421131156,0.2068663931850414,1.4861905122755805,0.9148742772379886,122131.10307780503,126.34,0
-0.6762549452635327,0.05954507848095458,-1.036747233743442,-1.4696296399657733,0.7064853468969436,1.1468689945959536,1.4950561331843637,-0.08133263012238068,0.8208069459809476,-0.3987363482761759,122144.94901686824,42.44,0
5.07982014684138,-0.7401231707489792,-0.4540336378966585,-0.9419602349360636,-2.6786819612493407,1.4584612809791726,-3.8862127308974963,-3.437991016959907,2.6124845315397494,1.375173806518116,122165.53703234775,132.93,0
2.1343601877354357,-2.2423513704284517,-0.09648831736428098,1.5752340748652216,-1.0375914428340098,1.7952003674248815,-3.9753012926897306,-2.316265042132369,3.9961917001667255,1.6682884870376644,122184.54327168544,23.41,0
-1.3874073527112707,1.3973597751264268,-1.7017119543339305,0.4819727309261561,0.7462734958676076,-1.3171950835897115,3.0531867813991136,-0.8324740086821941,0.6714124324694839,3.1440322281594146,122210.83600935528,9.96,0
-1.0757039123651062,0.5537898912327148,-1.297286138031562,0.5857350477119625,-0.03781712653388425,0.35932230268822596,-0.04788649704432026,-0.11432155553219658,1.3808023490738284,-0.09623968880632638,122238.20160568992,126.66,0
-2.9763320950242127,2.03183265691292,0.37629814963870234,-2.596589203448545,1.2844128531869405,-0.3396417429079361,6.372042251617286,0.9447242508637783,0.13707037451233173,2.004285208536871,122287.26552323025,58.55,0
0.1555330245143256,-1.088069188420012,-2.77215477897568,0.20504860037184747,1.4607158018859545,1.9136751065369482,0.7132765231849544,-2.4543563590234623,2.82021965107747,0.38496156049118313,122294.24932622875,143.94,0
-0.06522194313930196,2.115614123941892,-1.200661131099479,-0.8270046399778481,3.247621523901317,-1.0554795381297264,3.7932455807279046,0.45252127092615013,2.1812916047449913,0.2848326214027471,122313.90480130403,181.56,0
-1.7388943269153958,2.334390649664673,-1.7227255756490634,1.3446987182158954,1.8014554999312684,-3.2617904227353884,6.964832641267123,-2.4646855418299776,-0.5370131875065856,6.083438589697786,122354.94144315665,4.58,0
-2.066649245694413,-1.0062084051436586,-0.9701078302083057,-2.9580961392301273,0.8898883237144186,3.718208145877795,1.3613582123683095,0.6887211516797083,3.118834061748727,-1.326818552638298,122372.13691790466,46.18,0
0.9205935176638778,-0.8543611907786746,-0.8732564766877147,0.2821431700810608,-0.5808506389231086,0.5317328554593888,-2.276181781421482,-0.5148090231772865,3.5114928902906333,3.0743285907137823,122405.122376358,31.55,0
-1.1819201616416097,1.9897099162136822,-0.3757593057968954,-1.6145257984129673,0.4313440100405833,1.4257321031785388,6.4322068980271565,-3.4043506868556532,1.9586713360569692,1.0559166257417116,122471.08376998633,64.9,0
1.6858256443390522,-1.9637291908959744,0.28862412464467835,1.6454849276757892,-2.130841790736383,0.20263832153987604,-5.723424316026575,0.08082551689057826,-0.09595059612588819,0.16831793958170427,122474.70522359785,103.56,0
0.5968306326160131,0.5727633154030173,-3.1203591949793066,0.13998569117620296,0.6221930642790827,-0.5572292870878685,-1.4591666160957246,0.32603954866027207,2.286710214026401,1.4565454918810137,122523.19402563637,22.41,0
1.3952690487948685,2.4581853588473144,3.026759573163531,0.5525051038347362,3.5986191332994757,-2.6936938089276516,9.76887761431282,-4.209635870837831,0.2930807917689435,3.8543512188917477,122525.65776111836,53.89,0
1.1805516717720101,-1.2662745126162602,0.6752718802334474,0.4190275041226147,-3.6169435281969373,1.2936950873716275,-6.318855892414775,0.739938847596884,-0.5197641299475428,-2.1432477283210356,122570.63916006693,81.18,0
-0.16471146239131063,-2.7298489358985036,1.8607714254053433,1.9256125520978578,-1.622684290467622,1.2044864012234924,-4.6324964327350715,0.645097585625479,-0.593033215309797,-1.4093890742560582,122591.03580875084,10.38,0
1.036866141901658,-0.3273745082501204,1.6528530025816637,0.08280447282610581,-0.6577832249293826,0.23445973612626592,1.0151337674086123,-1.9934983393922887,1.0448495775501043,2.2868531845696043,122729.95560210822,110.35,0
-2.377463201239655,1.0920197830255571,-0.5090776163053632,-0.4684856475842175,0.013274955241988184,1.7565355436558103,5.9374411932153635,-3.699983085248502,1.8713295040660627,1.7405718580621727,122985.70083291722,61.56,0
-0.26442092170855314,1.0121158005210833,1.6284592232693675,0.10621004977211856,-1.7229483421038703,0.24249954125093665,1.9769518583172436,-2.125659876875197,1.6057257099287607,2.6658036646264094,123036.02271315892,195.12,0
3.135121135970265,-2.1993861017218643,0.32264446356110865,-0.4104741780758263,-4.534147648744315,2.4577766118091895,-7.770014188432673,-0.7826956662361353,0.6734791392364949,-1.3625098376568143,123064.56944885419,27.96,0
-0.7176761899873901,2.4125946591768104,-1.4221008741699643,-0.8937760565859101,3.979854813857107,0.49600648409871456,7.25339358294815,-2.4245294587486583,4.79518831371086,1.2329047052820965,123140.96635942302,8.44,0
-2.081870591420506,3.596137537100823,1.010752195827553,-2.0953953976132116,2.3580236130546,0.8996998263402022,7.214168338128078,-0.30527803890008853,3.6097545426422193,-1.3269100864224002,123214.35754961027,46.91,0
-1.0433425607330866,1.875370398885491,-0.8840153160160059,-1.0318775510101883,0.9015492675571857,1.7059462347228556,6.7434079237394835,-4.362882979247113,3.0420765015656324,1.3648329516278976,123242.14943123634,6.83,0
-1.6568193933656308,2.0641178370278457,-1.1500419129131734,0.36634648596798125,-0.23699803149039256,1.7805179693944055,4.752112629840456,-4.181554606470837,4.151840690773394,1.3482991039926338,123248.69923213354,227.91,0
-3.4516321987110445,0.7423288875412304,1.3574586713600438,-2.8963233913328263,-0.1980686413494237,0.9717665524476953,6.292898105237846,-0.06960286909513291,-2.153840291827527,0.9131102270311239,123266.80844085065,3.56,0
-3.9226677131580114,3.6874981424674083,1.0729838144072446,-0.1567751318436451,-0.35430905562678383,0.41143756000307924,10.829634272336174,-4.9915160583975755,1.3182341331820147,3.363302849126806,123371.01489713872,92.03,0
-1.1365053092673756,2.832444977466434,-1.5936965653433464,0.7730517612100298,1.7292899617097883,-1.171041915596965,6.532224888706988,-3.294280850233289,2.5441082942880096,3.587960452121347,123384.84096387279,49.4,0
-2.5814320100643426,-1.4792997613300618,-0.5650015289875052,-1.3696424200838546,-0.9708442051634865,2.1523049560207452,-1.3930855775692463,1.948079683359707,-0.11636507099735982,-1.0175723817187952,123388.3105997403,30.89,0
0.5784834088536837,-3.310218994502879,-1.2086427714760681,2.9529743631048992,-1.117317374843866,0.5877462108858317,-7.505377143384102,0.9502859672355373,1.922166091829811,1.1492345615631057,123394.22187248353,5.43,0
-2.1950433144802464,2.2415531328097176,-1.8222157575452966,1.625341842119481,-1.504866036648517,-0.02893921356932932,1.6047812223615638,-2.044608379860997,3.3368989887948253,2.8681260904869577,123435.64265500757,64.26,0
-2.6551167240955262,1.2239383182304733,-0.768155776532444,-1.197617102037717,0.5417804440531875,-1.1355659049250346,7.8430013871774635,-2.434737257817533,-1.703076874564391,5.53181724000861,123452.49555151066,58.2,0
5.163197991779479,-2.9756190560775986,-1.3868426511441894,0.5710039235068609,-2.2864522623880545,2.1082461414634905,-7.444822497628827,-2.8078871063397894,3.5786692464824092,1.278711800985087,123482.17544257078,22.43,0
-2.949480933052856,-2.4498190688283197,0.3856614809949439,4.550452485892922,-1.6356136514930992,-0.13503590566464868,-5.698267903710412,2.0343604704730573,0.7388264705913006,1.1324481572104759,123509.36616951384,157.68,0
-0.18635373181388015,0.601459823344934,0.2628103173791958,-2.167299886579433,1.979674831222701,3.0412080831365675,5.742519769172549,-3.185504766277798,1.9107127566023898,-2.697853413482027,123569.30786982336,24.57,0
-2.0552438627714777,3.722792935448476,0.0028981294617818065,-1.1064734820071476,1.795518603099319,-2.062691415872695,7.280064382708713,-0.13703731471996505,0.7516980657984607,2.7872133560162418,123694.5538970649,39.83,0
2.5674151250433415,-1.5641474172175873,0.4656631625752561,0.043262511340907084,-3.262566209385426,1.1489360589863915,-5.061294550218353,-1.153561164563315,0.8946192940315617,1.010275432781817,123720.0011448303,52.01,0
-0.9124203040486532,1.9510999446285098,-0.6228490236621911,-0.07742694630250502,0.7107238834036533,0.49438049251806643,3.4896429374031266,-1.6924293987353638,2.1842693005109157,-0.11536621096276267,123733.43537624256,7.87,0
1.7841269996661402,0.4586826611267514,1.54729913227395,0.5264241769832814,1.570413148528222,-1.409621410418507,3.232503869672798,-2.1685315741786972,0.4828055375552124,2.5653142319729016,123750.83650576785,175.89,0
1.5556320496526403,-1.9161819867431154,3.4639469736617916,0.4729689523501788,0.3958681417207861,1.1402903286122623,1.3638686227148593,-2.56136638963835,-0.4470261455346767,-0.22483778524136766,123780.68145723149,31.5,0
1.4478611799671866,-1.4100612154789718,1.0971018239301684,1.2247937934484472,-0.47235251206893314,-0.13976471979889088,-2.2289109714041344,-0.6075076091743017,0.4951302392294519,1.205564506729375,123793.4209463595,6.47,0
-0.255587840322375,1.9688692048686685,-1.0035714683572314,-1.6393676469225973,2.6477224226325213,0.4230788096532852,2.5003816311398226,1.1036625927030284,3.6269401933161616,-1.2463305591589378,124000.89390573285,32.84,0
-0.09866600895213218,0.3163883968474427,-2.387708635382978,-1.1490933748477188,2.8229617834772514,-0.6188006686416021,1.8463066692813326,0.9039708100274448,1.6275302155794238,1.6282426737669202,124091.66757193823,60.59,0
1.890526496020387,-0.03534992719829355,-1.0264230231829266,-0.49827341716575557,1.0204703691164294,-1.2575826158704422,0.5556713999198901,-0.6164663424221888,-0.7131520038467032,1.676704123568784,124127.62710428229,517.27,1
3.356949281014401,-3.516623355471977,0.49759014906357535,2.142775178077268,1.1688381858953405,1.147547505456011,-4.0225577409101705,-1.9288401433144846,2.3473166557568854,0.24389079923275014,124148.84209733666,78.09,0
1.8232524043549772,-0.9819494893266565,-1.587969815961844,-2.678098031132585,1.9547535132287839,0.49167801762076757,-0.17268332176072823,1.0557570005321728,-1.1665646112460095,-1.6591316711214792,124198.20596509002,4.71,0
0.9506621211862961,-0.8748683148933777,-0.8499955244443409,0.34356945857228605,-3.2427987962966407,1.596766845320574,-4.474231429638672,-1.1891055573748535,3.869262522179312,2.772698459310634,124251.13241583762,22.76,0
-1.2926992508991293,0.6004346751415224,1.1470258781447487,2.128244316094338,2.5012374554377224,-1.7168090561705387,3.896396858414034,-0.7514261430357515,1.701314210145678,3.253472858855193,124278.06728544719,112.18,0
0.7746735585716025,-0.36959724287507734,-1.6751565768429573,-1.5183322917994106,0.026500413108189957,0.10396326703817348,-2.4415769022572644,1.9570587437330467,-0.5375303537038243,-1.0796142838221505,124304.3059453906,6.41,0
-0.984183345578749,-2.1196832113842876,0.3053809230403274,1.487998027036926,0.7095593386221068,1.208649710688739,-1.7456793406794708,0.19313922944365047,4.582802872465715,3.0275319198961794,124422.31351516164,126.73,0
-1.4249056627305992,-0.8532064285358043,-0.19780127336669096,-2.3137919996102685,0.7387560202299257,1.8949672093431589,3.5375253048238497,-0.837726287012973,-0.9526634226122586,-0.3126837560327278,124773.85812143296,7.27,0
1.0526476479809455,-1.4831583044772991,0.7298679208292245,1.1287534949959834,-4.541926155784577,1.9014468755715663,-5.636448738426251,-1.4495754260107572,0.8616802863627508,-0.06569415436108716,124786.35108678053,117.9,0
0.1268955239449343,-3.4876273442298684,-1.6405300708479627,4.377155620731754,-3.5588193097152288,1.3653425107307513,-11.478003395960899,1.2351851929998419,2.395421636639899,-0.32783154069441545,124805.24381832185,30.09,0
-1.1570535617346045,1.4705318605901287,0.5696215732691261,-3.1479490137777604,2.3434179776766344,1.7379367137842854,8.474392202427573,-2.5332909648807975,0.8878034055182542,-0.2763708524600028,124807.7258246579,62.57,0
1.8280439290019665,-4.857230150100602,-1.0822721423417416,4.263731000736451,0.7349827468658952,-0.16817183794120433,-8.360835643398973,0.9188271327603652,1.162220188886363,1.053629240384551,124839.72551718813,11.78,0
-2.0444278665601705,3.8067706461077626,-0.12014404541917933,-0.8184834364647462,1.3956564460086174,-0.6901949661264477,7.444551376016581,-1.6857485379024133,2.6219699856306304,2.160923119164523,124883.76229025387,5.45,0
0.7993617955230334,0.6506743914203281,-2.4047467958622057,0.19095292205694903,1.9122916833800176,0.5209620033329444,0.8807429007372851,-1.3563586351921395,3.1271793878119767,-0.18841231600447284,124889.08358686544,16.81,0
2.2477376866119556,-3.192862065636879,-1.3966804696311237,2.1149540714562534,-1.8053294679420073,0.5241382267660152,-8.27979408088705,0.4124238744238986,1.5514100602438683,1.2377030498220827,124902.31159442599,9.89,0
-0.8609093618782923,2.012896039853203,-1.7815394937651872,0.6157469078006332,1.9659349889484017,-0.4900443865779263,5.777443298210796,-3.286696680495257,2.6532425886479016,2.8957702150333224,125006.99564538748,25.35,0
-2.100650977974433,1.032745623139671,0.6564626962607227,-2.621550243123869,-0.05444684205634709,-0.07928100338660939,5.111161640187319,0.13103034665822588,-2.455081186196173,1.1874893619351279,125011.06485492879,47.95,0
0.2912736277947071,2.3661973876829876,2.9938227283010765,-0.31393870015684855,0.7754814355429851,-1.9112592420626773,6.283670564389032,-1.9894257268778133,-0.43312525406528435,2.7370620997659816,125011.78292448017,58.76,0
-0.1667466520536629,0.3333301728621725,0.31468128919396565,0.9661434081452326,-2.3453649933602128,0.21973361571889632,-1.1764411862299626,-1.289548907258507,1.7667279708750763,2.3731918411481496,125102.54398454101,102.4,0
0.814725936230152,2.9765584990003635,0.968814942029742,-2.5309029923659585,3.1595366673125937,0.6445896015763158,4.60227696001098,0.4541229997696361,2.1488429024995503,-4.495358682223975,125165.74759984647,70.41,0
0.3862540246441801,0.7869697424808091,3.2981195645722106,-0.22487659150607686,0.9797542062715494,-0.7288139812426045,4.53975435048761,-1.488066807597767,-1.0100115400461886,0.5697759588491146,125210.58396727029,62.0,0
4.150853294318322,-5.231265317134368,0.0414620417430811,2.083173584358466,-0.7070648165874267,1.934690352889131,-8.701388879900971,-0.9028102560285309,1.1064061982076652,-0.9475664704683004,125239.69812016998,35.49,0
-0.2366939324970121,0.09804352112865866,-0.926916095895681,-1.4809088709699596,0.20105203321480825,1.8143044363198233,4.411264266146576,-3.6503504852263284,0.18219619827558808,0.583200119790158,125281.04998448772,42.74,0
0.43092142553305846,1.3002934914224147,1.7841579920258215,0.93399281216612,-0.18091627657403286,-2.0463836828949193,1.7780074860954787,-0.5192810485235104,-1.465792202813021,1.2417633046277845,125324.52371973559,35.8,0
1.1838872302953631,1.7244054290978101,2.538366015741884,-0.6114297459344198,0.6588723113442512,-0.6150208032494965,5.301495853404797,-2.9103355914171636,1.1992902635282519,2.335126918326614,125404.3310495086,121.0,0
2.344469870095969,0.1809645117743186,0.9134074442480729,-1.2278994121245224,-0.5692544933993513,0.619763391068762,2.6638011764153546,-3.8112856889235567,2.1765869092689663,3.7148732339493096,125445.14130877737,17.99,0
-1.0245127771895874,-0.5138359034082058,0.8957681524141754,2.1174179107575943,-2.727666722583413,-0.2150274706766918,-4.5529180489489605,1.4798995609985552,-0.19296465228850623,-0.19524369207384873,125449.32844545906,1.37,0
-3.304103645920364,1.5460454799956493,2.1647555023183003,1.141532652568572,-0.20967737900608718,-1.0332159418617402,3.6228182085954876,0.3807937714239702,1.0166505899203384,2.810497950793077,125468.58246727592,69.48,0
3.6485418075776055,-0.30049687770431976,0.46398856236260766,0.14009832238238762,0.5247943754348605,-0.47055130617206437,0.28717296981543544,-2.8707190871835255,2.183922617590621,2.989163144669307,125532.58437152723,15.7,0
-0.6792679261406114,-2.3344934149867385,1.8083829063459576,1.5363164230782735,-0.4270167646622123,0.892276970656567,0.24892825327006637,-1.7489629379207359,-0.4304677146746061,1.598559669083171,125568.74742975186,44.66,1
2.2935912340564286,-3.0064039371423954,-1.944412543851076,1.5589271968165668,-2.749218072808767,1.3291635734078315,-9.542332865149563,0.5712390057523575,3.2541127398943983,1.4797057371294215,125635.40840713942,128.36,0
-4.181015584707888,3.781343534236769,2.328203903344261,-1.6763318747285612,-2.1618029755313923,0.8216623052974242,4.444786876050515,1.0381559324711018,0.9481194203414406,-1.125166551166389,125654.81525561803,6.19,0
-1.4518323833044704,1.8366186335727093,-0.35347221554416897,-2.578557392848973,3.3125694837423643,2.1721115635176,7.534181671518941,-1.866029367253161,4.418642251625544,-0.2654301402050643,125787.91224506662,8.31,0
-0.08440974498879328,-0.5879906920637211,1.4746686753089304,0.5502765529354225,-0.6366258913370401,0.6696056505004324,-0.41132456357407293,-0.5452932386145068,1.1208988788024044,0.5556607984256967,125831.01707198266,45.43,0
-1.6089299227854155,-3.4894653393030763,-1.5968529801813975,2.34932557225945,-5.376070651369889,3.323873590833348,-11.781275051784528,2.161611119502946,3.7863532156362214,-0.06590338577349075,125835.78504012934,62.08,0
1.7699875549187105,-2.015384682341667,1.298462176251804,2.6290121976506304,-2.995260178908773,0.9873007756864964,-3.6835985294598994,-3.2297401237070362,-0.9172045013005738,-0.1381060309356521,125862.48362989083,96.57,1
-1.5586816556032184,0.9594752100686268,-1.1620857807925118,-1.2801064643763855,0.9362642649893507,-1.7234429441467498,3.148503468269405,1.175208780411384,-1.3320563336266589,3.1506792907477,125883.18901352676,83.0,0
0.6978333764198563,2.110482722514181,-1.044880142402266,-1.7685522476413946,2.3597717830278864,-0.9001769850447303,3.6255742938269724,0.1004413679193219,1.0245784172942467,0.08121610795072587,125947.25722424682,59.74,0
-0.3596717622046073,1.9221807517432814,-1.259053018470101,-0.2887313265859649,0.7586942698004946,-1.4887530106023972,3.8409369667874436,-1.2935856442486569,-0.14962569109568635,2.4228887712907734,125967.92745412508,26.53,0
1.9920853963203755,-2.1024745803801004,-3.303794405009796,-1.7985151691756869,3.257066214002507,3.030465438081941,1.5881834070331706,-3.0263890719986892,3.068702735618604,-0.6423279298374216,125972.43863748261,2.67,0
2.6510140350679166,-1.024628092233223,1.4378376240183166,2.0566555946850213,2.4519522558962454,-0.8925057489676299,1.6435585731870768,-3.000286680701515,2.028895350592533,2.6385165899201133,126001.17864854462,91.15,0
0.7816355829571888,-1.4437126588698197,-1.9143329614204223,-2.195840018721116,1.9555837928402755,1.2023341342725944,1.273516449767105,-0.42402164011072796,-0.31692041699785745,-0.18800218260672574,126030.78041840577,16.71,0
-1.9564176713932753,2.3814419184260975,-0.10936044273842183,-0.4611078018556597,1.0606921652427175,0.9915818847177382,6.913017148144298,-3.2104967696953692,2.584247021882622,0.9624190220748902,126059.02191113416,117.91,0
5.669086632254792,-2.0605344103671985,1.5328447211303957,-0.7149686087521101,-0.13201002030297548,0.9652297071886845,-0.8406407167512715,-4.255527986326829,0.330087838422953,0.970850075474218,126075.94761681747,36.44,0
3.0770798890249105,-0.26592674913589953,1.8700393361497079,-0.6010189591411479,0.13778446762124186,-0.33835325185176696,1.3524854528801333,-2.4173983312091103,-0.16529936251595867,1.4559998700222023,126256.40816934172,56.94,0
1.7685812328145643,-2.1576384215169284,-0.4566691186067964,1.1793345588278266,-3.6236329778242915,2.314034394626219,-6.8705581114516745,-1.3408108205214297,2.76263430423821,0.34201811941574634,126285.86274867012,135.11,0
0.6034988427946291,0.7130851370609026,-0.8980354317246387,-0.6131830231827375,1.3844956084062656,2.0467711553691377,3.206570790254385,-3.1855940490489547,2.371604504834818,-1.920696454777456,126293.89971518973,130.5,0
2.363157822612551,-1.3221610957306769,1.623491455322829,0.49840207807190606,2.4262221141660563,-0.439831919990824,2.3330176250974164,-2.3579395093032103,1.2341473834923211,2.613268740553429,126400.84295669841,31.19,0
-1.050560153605464,1.2321880801999368,-1.6097006304578452,-0.9870681555919076,1.6839084095415253,0.27102881238301835,4.744686261553171,-1.7143669361959668,2.1493198172300163,2.2632928417468285,126402.58898665443,16.23,0
1.1300481257600232,-2.4298532368245906,-3.3051734440567455,-0.7945808663953156,1.26092589104748,1.5842861190311803,-3.900796252252246,1.0460236743394256,1.4484291146857584,-1.0054369017056124,126402.59353081461,98.0,0
1.6968466783975402,-1.3608175127347582,0.5932622366482316,0.5517012346317833,-1.4530475533359315,1.014886051374715,-3.258923736823723,-0.9311826035545575,1.3006015132147541,0.27001676925715,126418.66935932134,37.89,0
2.6995509816728362,-1.3501920162758145,0.831408634996264,0.46673390106026547,0.6300693082423325,1.1057653745054594,-0.7538305026105132,-2.4292708457819696,2.4884258255965017,0.556558139260398,126488.5531450108,14.86,0
0.03681963619633977,-0.2879240881972418,1.8142022600395036,0.6921693962853892,-1.6843874711572795,-0.18096718085454336,-1.1468276300779563,-0.07525215670597352,-0.8915041874047056,0.3367598202458175,126528.46037157218,153.61,0
0.855591236887298,-1.651353196168126,-2.625740185019876,-0.7511915643042262,1.8703091528632851,-0.4857429292564782,-2.250223243531811,2.0056529767610174,-0.8552344521707937,0.04786230249764256,126558.9012772879,15.35,0
-2.6911856083840853,0.6394559824487295,-1.346784743244527,-1.23892978483633,0.7711066631596654,-1.6940074577533435,4.280577790486309,0.8094279356202609,-1.4455940899432216,4.932918186530799,126588.45839793124,2.7,0
1.3142365271799168,-1.4384912401556793,-2.1093724426920657,-0.6974246061422968,3.0283961802606707,-0.026909046799302224,0.35595668490223503,0.04581620467445702,0.7395413477088233,0.7802384528015145,126610.39594200045,67.8,1
-3.776558799572694,0.22223359254665054,1.715319209748435,1.4950623194541075,2.6759886099660655,1.7876106656899535,6.0790236174016465,-1.848387599716532,3.329203085829429,-0.17790783811198563,126616.34444304934,301.81,1
0.29046176114315336,-2.1111115817616395,0.26495179824227244,2.044512451697564,-1.8479663921404268,0.545885813982367,-5.262749104303736,0.44723417933861986,0.8916106480182318,0.6819463427797419,126628.1069356081,71.44,0
-1.4383124668340779,2.090372229075472,0.3569276596918396,-2.5061671995416646,1.7676330049547948,1.3082304460170004,7.32346252752696,-1.9013089578617202,1.7080601479624025,-0.058434436232374765,126662.41852806929,25.22,0
-0.7448493303826049,-0.04590143049514861,2.5233446385024245,0.28764660301043876,0.08742999563211229,0.486991276439182,2.3539251791644866,-1.0318083727410514,1.5549036393668414,1.595940286170023,126674.71995392781,26.07,0
2.875990489822132,-0.6515735881118649,2.125974254115358,0.9687933096039246,1.89736929166087,-0.7536993361117578,1.6458235654489695,-2.3041978207514537,-0.09358319100730772,0.3241076868192124,126681.93027336056,27.96,0
-1.185188932590627,1.187340066047559,-0.9463603777974284,-0.9451334534840976,-0.7051581201520118,-2.2285456927933454,0.9050712046947108,1.8683564553475431,-2.5759768255500504,2.534911160340072,126768.56496101027,75.1,0
1.3005203451657208,-0.14127595965969342,2.690042929630003,0.13662585536326644,0.6371516878514516,-0.10381304340592667,2.744051261453551,-2.1285096139875286,-0.5055398171403362,0.39394859489720424,126911.9114626622,4.89,0
-2.268684239157662,1.734163260595282,-0.0024979837852906472,-1.6505635864968233,0.5295701450708449,0.3302699538005204,7.087779739695065,-2.197570300767821,0.09259569159819658,2.410698237795045,126995.18642983772,173.04,0
-1.7242952486559406,1.4304881835534597,-0.8921147605924966,-2.1861839618938133,3.5105189453270476,0.2591814101589402,4.219657045831265,1.8890535621048543,3.1655451457767,0.293830715329203,127020.27636931147,17.36,0
-3.9143169144885204,3.5186609428784252,2.611765350613984,-3.8932271048236364,2.4791731205566903,1.4967474267218324,14.066554286237697,-2.8446051949063618,1.0084181961715124,0.9364100823091172,127122.586140532,522.7,0
-2.3541851475759703,1.310194889529531,-0.17276965185859738,-1.748069971036896,-0.19553726331097887,0.1327469287597141,3.534774828596154,0.46395760656927987,-0.08739885634149469,1.4271853085865016,127250.26820334268,13.23,0
-1.8856180195832755,-3.253768116924703,-1.5484846199217563,-2.3955540634591608,-0.1902025952722668,1.761926360343884,-3.0089871532011383,3.522322241403879,-1.7137516877900456,-0.1628161569249056,127257.56391595211,96.97,0
0.9973726999916795,1.4367062712786285,1.806767369307154,-1.0578592055605536,-0.5533382976457272,0.3161536740476531,2.782706679372217,-1.9577209379050122,1.6081273829554112,1.1431568305583342,127273.28745625216,17.43,0
0.5060512350657966,-1.023890665639608,-2.9953500732224443,0.2514055833682216,0.18742890759634634,-0.5830042320917453,-4.069656707138852,1.9410085813741853,0.17883971114209907,0.5681964811855641,127331.78312635467,6.48,0
0.5925348481637749,-2.8058383616644447,2.72140508491914,1.644120007562429,0.15807916784990872,1.0695312538443185,-2.1160857374174187,-0.294779997569692,-1.1491469768299418,-1.9975328882054604,127415.30297261178,136.13,0
0.6352401849975491,3.4441261190662043,-1.0327381245404181,-2.4558739320971954,4.266416653388134,-2.6358906133975015,3.2269117841123216,3.772172806599909,2.145363476536398,-0.12625462790614894,127427.22762117304,128.22,0
1.60113226453161,0.21057962564240662,1.7819365080602174,-0.4323218218722431,-2.9510936572938897,1.0125003494738225,-0.6726672266717866,-2.381951108476132,-0.04406683808919709,0.1440210038953763,127428.55523507271,34.59,0
3.4189075811442238,1.3077797405142544,3.764892868942655,-2.401540939864569,0.5951254990740624,0.3450843516856218,6.589720486535456,-4.664891676416207,-0.4809870885003755,0.6149527793597106,127440.21567336452,79.78,0
0.9695854072611694,-4.196919423445404,2.023067324049366,-0.5916792672197768,2.177282173539062,0.828682400580346,1.8068067108760322,-1.3543390654366978,-1.5306587510019152,2.6949978452496284,127441.4445145164,219.3,1
3.465106692981803,1.8913657826402712,2.0316148284448534,-2.3061805485066285,0.3736176593796179,0.013988923690930244,4.955769532875888,-3.860540903993637,1.0954160064836902,1.337201927446538,127454.22171456045,125.61,0
1.2347450206393993,-0.28823988726203975,-1.790820445735903,-1.4253454671286176,1.3831660325983552,-0.7549636465965961,-0.9772215770670606,1.6753572985984642,-1.1353403090045724,-0.535868800437554,127503.8528074324,25.6,0
-1.943050205717789,-1.0389167012988636,2.083837166862277,-1.1181660671392613,-1.3753017571103743,1.866248445462683,2.0035072671382297,-0.707595130745509,-1.6129936716575102,-0.3715859473434513,127506.52537941995,92.86,1
-0.4786765090390388,0.5177711382569072,0.8358605483228716,0.22177418034001073,-2.3199603092119734,0.36501703896940546,-0.853930243963865,-0.4798078672576588,1.0952107115139245,1.3770447020993928,127508.5872050288,44.18,0
3.3382757810059704,-2.3753047739839643,0.9385603492831204,-0.10345965145107838,-1.7169420991383006,2.020647284079091,-5.013007054836294,-1.202406117257806,1.2002087339894398,-1.2687751963361098,127512.12557157558,29.39,0
3.2174607525689343,-5.187355562107974,0.5368361275656434,1.256873831659774,-2.8102516731598035,2.9138748188095867,-9.6841343475843,-0.40283619273191607,0.3645652357281677,-1.7683351843524364,127532.20891847681,145.34,0
0.2714401421820837,-0.9160184384927199,2.5010975277806717,0.7204866027422404,-0.6618705642497984,0.34642670548632726,0.12857038611045518,-0.9601300287043001,-0.11337295378129197,0.6461637283464323,127604.02335862922,12.79,0
-1.1998848616822875,4.080342859224471,1.3084317729402728,-2.077609965351002,3.760175269650368,0.0677528762167732,10.930714155287685,-2.521475454946164,2.3162564917184065,-0.5654813192644821,127629.64076526674,11.53,0
1.206950535321869,-0.22442094121962908,0.6396250508185175,-0.45610584598569703,-3.239619945151128,2.257068644021916,-2.6113917705471645,-1.9206405852812665,2.485876707118021,0.011918179412318652,127651.36044555067,56.91,0
2.3424494502847186,1.4532841123802678,-2.167187223965769,-1.0475232555176406,3.2203115093052217,0.2783001854974714,1.854986009229713,-1.1109812937111856,3.4159837991824937,-1.4849333758605647,127676.16180858805,70.65,0
2.899171796202579,-1.1062482489788363,2.244369822954482,-0.7949020094931312,-0.3647723033977286,1.5650495954597232,1.3610556953576662,-3.7487150415009642,1.4101752351571786,1.1500417299323378,127710.77344232358,15.07,0
-1.7627437680755915,-1.4463917117702674,0.43176657773776284,2.1667571046967335,-1.623151335796156,0.868915459972626,-3.8877257618081305,1.0730120864535362,2.363266059775234,1.160423045327327,127855.43206852557,33.21,0
-0.39835534283695273,0.03203617353547572,-1.4845866760554083,-0.7918287043664781,0.06974270953953321,0.16635709886366445,-0.10646042194347453,0.48996143080855337,-0.0014426754481640103,0.2833657137422444,127954.27560156811,191.4,0
-0.29494581721465574,1.004742264607537,2.513654645604654,0.9534198976332646,0.2539061472599786,-1.2529730059251447,3.7447852925127267,-1.6546898614044632,-0.29561508465305586,2.1948532242438166,128004.81714792653,19.41,0
0.6664119045917846,-0.6381906968671023,0.12343876211289861,2.2369393688721244,-0.5889460981985724,-0.4365934150626917,-2.051017800391862,-0.9987333565552794,1.5093023222776192,1.7517134308425315,128028.22090307795,97.0,1
-2.533513809665875,1.7994648483720297,1.6795305994534848,-3.1096289900071543,0.4114473370707673,1.0279164527055593,8.02512431283473,-1.36442142270152,-1.3984441310216837,0.16064985305714663,128065.64819732221,88.6,0
0.2999893885309759,0.9515224779559985,1.3954219834135952,0.36890244048229903,-0.8101350138389809,-0.9575565931459011,0.2030764984859145,0.021543597082760213,0.3293946044065251,1.2318606922935271,128155.6428772681,39.64,0
-0.39064616707560007,0.44524429223284834,-1.1984824651856971,-1.8753952001372616,0.897683851631901,-0.20784352926176705,-2.0864272108982904,4.099711216837997,0.7492283426896443,-1.433040391627458,128199.68529846596,181.25,0
0.36215927318299657,0.9627367969295849,-2.0318279534077233,-0.37817639507057954,2.5782052974126763,2.1467461500377345,4.156622428212545,-3.672804160663604,4.975900258292297,-0.33622246698832203,128261.35074800227,87.73,0
-1.062893674631496,-0.3272024820019921,-1.5455828890875347,-0.9133555331739898,0.38504793738691667,-0.2665676710761388,-0.3180298575797634,1.6897507200794237,-0.46188909282288027,0.949762621735828,128339.68686335672,40.8,0
0.17240143525258367,0.6365318169727769,1.541032046131042,0.516526871291338,-0.401394668451843,-0.7727570325140065,0.914773752228994,-0.46759118514278897,0.30776449225570446,1.3714078243950545,128369.92210581986,55.76,0
-0.9918219960486596,0.24970443278012455,1.2830021417375268,1.478474860488379,-0.9909484507855657,-0.03690298947013276,0.7135481382335891,-1.186080819209652,1.3587057835151366,1.9835611810615348,128423.78474082107,77.68,0
1.035445947418088,-3.6404107096238305,0.6006507082351549,2.1730292436549505,-1.073124668192432,1.462467649611114,-5.646000466445237,-0.2849946107970991,1.107829355329515,0.1979928752952621,128478.22668718982,59.3,0
-0.6525097057206888,-0.15227989257719488,-2.626071113073337,-0.23288769595904013,0.7618421984464454,-2.056108951302877,2.3594981984350687,-0.5655246322749329,-1.8921134111290323,5.0309099389992555,128493.02871530953,138.12,0
0.0721228829903845,-0.8509256093907223,0.5442987137618607,3.0426631549336283,0.6373025882171448,-1.2071236969255972,-0.8656396576940655,-0.7597278116455509,1.0170414601743683,2.2795727430765456,128553.91935655857,29.69,0
-1.1502017130920943,-2.1005439179971237,0.7447656454605966,3.4114346185537774,-0.1580180437978428,-0.562749466045811,-3.239278518261875,0.8234287428737519,0.6013696922453222,1.6517608669012964,128811.94113905221,24.17,0
-0.15661064101667266,0.9620912394824036,-1.4069897759195236,-0.36042181946525753,1.0599003549167565,1.1731102462341483,5.42652821338944,-4.516876866416078,1.7294806143110697,1.4040989832664523,128862.7976559569,16.64,0
-2.005807128199707,-0.5598237244950333,-1.4186975822111494,-1.1684326313890603,-2.2257239036104646,0.44738596995145447,0.5803998788527037,-0.3332958107834114,-1.71561240745807,2.969826724330249,128916.55513706514,3.5,0
-1.3307790737235754,1.5206516159015973,0.9044435631982815,0.8425170552216045,-1.39317299266272,-0.1823934143067952,0.9933328718246186,-0.6273246425362448,2.503826065454363,2.2839920604148123,128993.71480439458,3.86,0
-3.0261391144393404,0.9375151056070925,-0.5914264440830466,-0.01623215915005105,-0.7967028816003574,-0.05532475070254829,3.7790051015516894,-1.175643311894397,-0.22540489567894872,2.9329060921407324,129158.39345990872,133.64,0
-2.200177236242714,-0.9273381165125123,0.8318185517186802,3.6124990433084565,-0.7160373189198594,-1.4260744093831408,-3.903783885162991,2.695287140757388,-0.7288073523155421,0.03681842161999127,129162.97810951313,74.74,0
-2.0002968192866772,0.011538584795380502,-0.1976541609072019,-1.3302110469748367,-2.4462271748175497,1.7290652023789101,-1.6672543952805465,1.4498883375085643,-0.07026663791102195,-1.3210606788720765,129186.9008944562,71.22,0
0.4832092089888691,-0.5228001799751636,-2.4348060952974735,-0.4099077909190806,0.9841010228297955,-0.09018951225922732,-2.1029273428609434,1.4095296858604232,0.8172619686467825,-0.09599575045671771,129267.04540542315,62.98,0
4.0400199548726246,-1.7937196458991793,1.6507672052553606,-0.1743916420263849,0.9710957161724383,0.9138984983881797,0.2500267716075711,-3.3304336066664657,0.7697126101261605,0.3314798526393974,129286.18000204065,123.98,0
1.2556595762891267,1.4854620348528704,2.936911868067048,-2.1721785982823745,1.0594648446964317,0.2774740571882678,6.7520419117818555,-3.121954979912309,1.2722283127817053,2.1242634655251216,129299.27449829616,43.54,0
-1.037805482879312,-1.9942851761463731,-1.5203017925390885,-1.2114426278239119,-0.19466948995844024,2.3738717861578267,-1.0251864238803299,0.08499977423678784,0.2048457341824832,-0.7221721224938682,129315.89151343983,133.82,0
-1.9736043911008156,-2.050879263643101,-0.8171953547457795,4.207579201142284,-1.765171794907007,-0.5384642763658555,-7.588980030587188,2.9178973435869233,1.402959512364643,0.9856416966729855,129320.81562405278,29.95,0
-4.437640515414625,1.5139036278814164,3.306740696011709,-2.670128231938164,-1.667203637442868,1.4356185492824498,8.774389764228953,-1.8417335282773515,-3.893668191927423,0.018367165991871937,129365.89645700736,170.86,0
1.6276434374799198,-0.8596298515317405,1.9380577874289284,2.1241729556342133,3.188345866116001,-2.033110749350957,1.771206801036658,-0.7398909228879279,-0.9234132534102508,0.713641067303521,129397.19102725935,78.97,0
1.1083196809339115,-0.8934625558433734,2.4498642586680512,2.5232513891620885,1.2670915705210026,-1.7079395593677915,1.141270346534142,-1.4230338600461245,-1.5521985969454022,1.1357955134833015,129539.8365251774,20.32,0
0.40265112906090006,0.7431226990922217,-2.1609623055651936,-0.3426976719025284,2.790905994584515,0.00870680576605221,1.4568722958792084,-0.042751905746548635,2.8693884424578826,-0.03224619280784835,129593.16928497792,54.97,0
-0.9717673776379823,-0.5506198380893499,-0.6378197346882697,-3.2091052646753044,0.6402314126649764,1.0252833040344613,3.067478348963877,0.28269804874394566,-1.4688380360985853,0.7154104895494797,129596.16357251783,50.5,0
-1.379162420937742,-0.45603130130439484,1.1073934382124806,1.1612493704010778,-3.7091767546900107,0.6501881731339175,-4.584148840908017,1.4767274475768821,0.07738943405198628,-0.29167137615648175,129645.92400863195,10.64,0
-0.09634385397678424,1.8833498845687333,-0.5078560623247463,-1.608723506423373,0.9479322073257532,0.03765747322902575,1.3761495275751532,1.1866763145952137,1.4261490245064872,-1.4226432250092684,129706.22908354033,59.15,0
1.0002612406934406,1.169969829262321,2.316754009551742,-0.8458315489131607,-1.0372304565319117,0.38243150040905555,2.211443174954934,-1.863594920138664,0.6537518540407721,0.3841233589648748,129732.99538367042,25.57,0
1.1422672712670559,-1.1363747128606414,1.9073005652546686,0.40090563223372966,-2.1870430620592667,1.6781499475832027,-1.7515386849388301,-1.9376261873155411,0.19280602604572106,-0.8506132661897827,129750.52051437074,4.49,0
-2.555222284558419,-1.1203843952164687,1.3311746285594177,3.2260426270741087,-2.2443422280752876,0.10666722646077599,-5.08876561502365,2.486105234068424,-0.06672185683952359,-1.2652500727134632,129762.39715718139,194.0,0
3.176586400992374,0.1075990100881754,1.0447091541954583,-1.0972270624235607,-1.428043559769332,0.9709376205519209,-0.43671353721646583,-2.6665579579736907,1.6691466158343449,0.8142794453246052,129803.40926565859,67.68,0
1.7090901422783307,-1.4126093757333218,0.5963254439396726,1.367982941271626,-0.7710350388843739,0.4200874264083579,-3.23082000815785,-0.8189888267408255,1.2882948022254292,0.4313558073905879,129803.56666129465,137.17,0
-0.335078123928516,0.3586882635444375,-1.7816137985054452,-1.7861935380264145,1.8443096051489776,-3.8317223117916592,-0.45847667441706264,5.207896504873216,-3.3618125364077756,2.782856132346817,129837.6148658191,74.27,0
-0.7100625074189859,3.4819996668068574,-2.2438547706118355,0.15618979247522935,3.8120183276291795,-0.10951564947544444,5.861786133686546,-1.92488225075714,7.148501830658606,1.8543208469864483,129901.88028600122,29.7,0
0.43607410680212766,0.2945233034511706,-2.9998019071807165,0.02581291714526257,1.844588337846752,-1.2941189867171052,2.1910704561058685,-1.3114005257605363,0.5382664536413588,3.3697691610777123,130010.3186868311,47.73,0
-0.6124775592227574,0.6548769335084497,-1.3929168248337562,-2.184970789631265,1.8930419316799472,0.5049611939597467,2.7461919398907044,0.5749711602601437,1.6154043266277438,0.6284028198284173,130014.35406209454,74.2,0
-0.18778264659285437,3.652845382278695,0.8049711411646165,-2.69889897736025,1.954034752884759,0.3484807426294823,7.867266953445358,-1.943103680497416,1.637026072565133,-0.9496159283118288,130026.52873494622,210.64,0
-2.2635387383597276,1.380950588386554,1.8193710086824013,1.4594099054561962,-0.46835957270666373,-0.944088655240642,2.6521118572305356,-0.314682170409997,0.7928116193131013,2.1190023860527525,130069.4353155604,20.02,0
1.3251600105028325,-1.7081875840362986,0.7961949762287551,0.45765611340912005,-2.804813536509669,1.0863260266938362,-4.967446737978474,-0.027852211355423706,0.042311419641066106,-0.22383052933004,130183.75041274511,136.15,0
1.2193338921963883,-0.9264112910301383,0.033244018471665804,0.8679703639860531,-1.330222482690965,0.21556608406904698,-2.986207728727707,-0.5730679535894123,1.6246188582262127,1.7282908962880377,130192.34496600425,168.57,0
-2.9915201615288125,1.888588981839118,0.3586012628345927,-0.34820402190145805,-1.8919071712919027,0.12145192263890833,8.2595868378019,-5.008425571620386,-1.85251277644613,4.245027855172024,130268.40469227296,73.14,0
0.35705200131947123,-0.5830257938004021,1.8415312190082034,1.1748313897826779,-1.9988246731039188,-0.2535932399987963,-2.3875841280196664,0.09749298133648354,-1.2505628348326963,-0.21163976309730637,130284.61694152426,175.04,0
-1.541743527153332,3.854564849979752,-0.44189504263856894,0.035984758008644535,2.963860998356556,-0.8291261075088516,10.814931772926757,-4.6678975491200685,2.902438799629171,3.251874396929493,130334.09927306355,33.97,0
0.840186639764877,-1.978746562936859,-2.903890996025406,-1.4622129792797736,1.7487924174924836,-0.052056728220693974,-3.1578195570816017,2.8259459895036185,-0.3701587298227349,-0.014152178789576864,130336.98739436553,199.77,0
0.2006022952948805,0.3243649107405422,2.5796951002126427,1.160111213978571,1.625841828366399,-1.5597886832791665,3.498805602914214,-1.0223850545122186,-1.079205977928615,1.1331010399034687,130385.0086418331,79.86,0
2.818630816530736,-2.7743594742928877,0.6878622290212044,0.26603435213436555,-2.725889869324366,2.19100171826464,-5.314700238628619,-1.8382979461355466,1.171273047759192,0.17170727150516207,130471.24528735688,3.79,0
1.232708765243677,-0.21649018731373681,-2.3349352539008175,-0.5398801644972608,2.168927943481332,1.8271857811758099,1.3190619112432096,-2.312652824725312,3.1473098569192097,-1.1080934093060835,130487.71778040136,155.3,0
2.178744859309659,-1.1233780141071374,0.2938263508858059,-0.08143315753127811,-0.6002719793859601,0.9690386102690702,-1.9685054104525441,-1.396914663996478,2.100608805348066,1.077398450221404,130510.7286618484,44.07,0
-2.4703526535297926,-1.2384988513928992,-0.5400081182314334,2.5585329049796677,-2.1124499564709875,-0.008776032914368981,-6.653663367689789,3.6464136212244034,1.929635616179445,0.7136414691153172,130559.2367402388,41.09,0
1.3046702391528,-1.1356021572000574,-3.5291703305179576,-0.13067739998025052,0.6758176407225667,0.7219501345462124,-2.058745550365298,-0.8737658750552014,1.6678770418221678,0.8721661105379095,130665.02323309852,55.33,0
-2.084882766514815,-0.6492129837345361,-0.9867645582534179,-1.0888528383589882,3.6967145368102736,1.3768736883921935,4.25392024610948,0.11775849712786468,2.559953855069219,0.5613047229470858,130673.71249059055,8.36,1
-2.402320038391488,2.3384624720559843,1.491940165266251,-2.3299643728282184,0.43692146080096483,1.1115688347626589,6.268229533156217,-0.5796446235345605,0.3884428075840278,-1.0383250529326804,130762.97286944855,42.16,0
-0.10110819164691409,-5.001265358295153,-3.303102389817279,4.678317339084351,-5.278268651350062,2.0234365079345618,-17.896134033873924,4.04354940240395,3.49705408542176,-0.5508052568083484,130766.66018299613,116.61,0
-3.3457090820036925,1.653890581635225,0.3596451828413929,-1.3442384227903879,1.1082083645493417,1.1097262617504742,5.966883446689183,-0.5456679706563877,1.9122320538104054,0.7727774037082946,130817.91421992247,2.01,0
0.9382346950806841,0.9397852900301997,-3.1324002640565993,1.4043225531291514,-0.1794009105553409,0.7545571513697703,0.4320965543465102,-3.8976717272022254,3.5591606076151705,1.4024607498226982,130858.49864600653,21.72,0
0.02344053348245878,1.6791123287430088,-2.8998610585667404,2.855502639452082,-0.6910976008839818,-2.248666227586516,1.1302935785493218,-3.131334421790679,0.5772945455658098,4.197053185710084,130863.20379283103,1.16,0
-1.492238729486885,-2.5281449049184044,-1.7100122369322577,-1.5601951010814479,0.3072195774042321,-0.4635125810776457,0.6007573953533226,1.2399340757089523,-4.155099508339916,3.0210351762439718,130955.80788824298,35.93,0
-0.8218574026631057,2.1004326662782873,-1.0818624145508549,-1.1600479405470625,0.9834609020512385,-0.8885759733924995,6.212535722340739,-2.343236719431239,0.2282380927390235,3.263303534959486,131023.60860166697,85.7,0
0.8517037360727457,-2.998222281241957,0.4720790792968046,0.16588438556885954,-5.917900200137935,2.9444853256630785,-10.997062614373466,2.0713021790689674,0.30587076187382967,-2.410528888736152,131027.8802565351,105.22,0
0.1987022161846237,-2.628374277265721,2.0953076168345115,-1.3120319023380504,0.6301043642639512,1.5496124904104551,0.665450116612258,-0.11545827274462062,-1.1172997032143857,-0.06910655097722063,131106.0074971255,326.55,1
-2.6594422568786467,1.8561512433122629,-0.43492487375126276,-0.13032877192853043,-1.3728940854371574,-0.4082078792413658,2.717761889685482,-0.35158998162952015,0.20829342290549635,2.214546899014721,131116.5366492658,61.96,0
-1.8762374518191387,0.5948392241156337,-0.7376212945553637,0.40278099534262224,-2.649907345588967,0.6024229848501386,2.3412344217403733,-3.0505785539620294,-1.1089386101679737,2.26621831245141,131156.11281978968,20.1,0
-0.1737496823596747,3.8634381834011084,-0.803019406655102,-0.6615395308989764,3.1294035353980516,1.290487563775492,7.420987781144468,-3.6615592329456024,6.497705773310729,-0.5871247647302873,131205.74519551225,168.63,0
0.4774008341904443,1.0069362848911991,-1.2755289615686691,-1.9700019698682931,2.6498740040305444,-0.6061060770663859,3.653845641170848,0.06763142490794372,0.2709177361251247,0.5742087337075494,131224.01974582413,98.05,0
-2.074770749726441,2.1660827060437833,1.121663614705772,-2.2448964665851734,1.6431858114604316,0.7840899626620078,5.425654763286789,0.6337984778284378,1.0920121114225312,-1.5503421333189196,131367.37418893783,56.53,0
-1.0034957585866682,-2.0889233832376735,-1.1038897617769197,-2.4558268703683317,-0.4214054236100975,1.3665661481627873,-1.7071579744548944,2.289307253174288,-1.995866968391005,-0.5520482653056333,131378.08143550492,78.32,0
1.6029269696181312,0.12791293110465696,0.41917914583698,-0.6339154114794621,-1.7801922962444943,1.3345331677696255,-1.054466388280709,-1.894375632120062,2.6904423602809633,1.11440962564211,131427.4710162728,168.78,0
-0.9487303318129564,-0.18087708384058798,-0.7015657072846269,-1.502345935946491,-0.9662064772088341,-0.6697670482572738,-0.030435952362055905,1.5566796301529284,-3.005254760804701,0.912419055348084,131463.65640099987,82.0,0
-0.5479249499970733,-2.7974595873420047,1.2897106063609138,2.8098340500890018,-1.3331222336133426,0.9427747010492779,-5.186492561217668,0.8206182298685227,0.21965750001562556,-0.860801945213072,131475.10998483907,30.86,0
2.057851139816273,-1.3660820105965308,-4.799113742042482,1.9674488113020376,0.7556737901939466,1.2254452200837542,-3.9820569291255374,-2.415543760056437,4.138952399643255,0.5353871498760286,131499.2033328546,82.14,0
0.9746965122186513,-0.21469041065002092,-1.1940009889127607,-1.3958771567500197,0.8029572281546727,1.6259800946437146,-1.1920183515377378,0.4464986846066257,1.2766229620214615,-3.042909511442776,131502.16918000375,3.67,0
1.4653940273763923,0.6116219339111073,3.1943065653190077,-0.026640294841141943,0.062116068081585096,-0.4827873445531757,2.492648568505556,-1.6549021659071568,-1.1792925603260471,-0.49034133619031994,131504.9456349502,32.75,0
2.0298706889260316,-1.9873010621927552,1.278729778793085,0.1336317731810368,-2.32711982745196,1.859433439989128,-4.858670974980205,-0.512448968921194,1.1344166353211063,-0.8998036714814637,131505.62155235044,34.89,0
-0.8020532486895018,0.11018506199255751,1.9639224068919918,0.3544862675213156,-1.0275365240621073,-0.22596386471799346,0.4632431660674016,0.11363841204283132,0.4069019395670963,1.7011599067085927,131507.3301553353,12.86,0
-2.0066133812987266,1.784926644547816,0.025625051429300827,-2.192067772167906,2.5209051205186848,1.4483825408596784,6.4621914057006125,-0.7399680692462223,3.0044089425739977,-0.18089185183822099,131521.8016010577,2.52,0
0.8125494273449473,-0.8286215274283099,1.1757836850674799,1.5418027586819454,0.6308383781072644,-0.34721463037547107,0.9319014043505239,-2.0024185040558873,1.1871985732829828,2.448223970325354,131589.0371607792,10.31,0
3.878195733800878,0.3621133788103714,1.774689806193669,-0.9381751601178459,3.096682928744518,-1.1151228713719792,4.6702420449312685,-3.04715396392633,0.6917469921073502,1.898910771577554,131607.8695288024,70.1,0
3.231679369756775,-1.2220284387136313,2.3079119875653187,0.24492869062013112,1.176424009148957,0.23353832832124663,0.538414853340466,-2.2157755806534816,-0.45830857243507883,-0.9388408239088459,131638.72747006608,106.36,0
-3.0774133237357755,2.4173213397981432,0.4894655170143982,-1.9388292129309375,1.3156730015285873,0.3345078882571729,6.440545391125196,0.1796229270165286,1.6278182103336158,1.0421598214829972,131656.63321812154,289.6,0
-1.0520610841234896,0.720433050349018,-1.2435621856469132,-0.5261834286851752,1.0011547740716933,-0.47782855205508806,1.7053313071529483,0.5610056060456143,0.4317575382154991,1.0190367577980628,131722.8712893992,28.64,0
-1.4195115800986728,3.130466635152349,0.4155192949377664,-0.8559287124455963,1.3286993763753083,0.4410290407712046,9.259702773083362,-4.4162801996576615,1.544766828539986,1.2980734345526441,131725.89351376588,60.46,0
-2.4221267256629497,3.955159879771267,1.2245417604112663,-1.634419362162891,2.428224660915636,-0.7549498669331843,8.041838163710871,0.1434923354951272,1.7598897568695016,0.09886693825447246,131750.83445901726,180.85,0
1.0738260924533707,-1.3777667378613525,0.8336282322943666,-0.4286301290408895,-1.9985241160183516,1.9858748681415415,-1.5747641620302877,-1.9302039015860992,1.2248002291625597,0.6605354287642458,131752.86089599133,414.77,1
-4.0483298277134665,2.017375692677914,1.9550924787206685,-2.938418995278151,-0.5593624963336454,0.3215107106460313,5.771421655934561,1.6316319872551648,-1.5461458979614795,0.40390669232845544,131951.08123080668,83.2,0
-0.21514785546855908,-0.18898531070778435,-1.4319056233068412,-2.312563752026947,2.7668308451694497,-0.7071464616283211,1.0131951622778248,2.975707192336821,-0.3721985952024498,0.17124717608422835,132080.26517621466,92.42,0
-0.6440077359256502,1.5146988095668017,-0.5590237785279009,-0.9711345274946125,1.1761725754405086,2.1903966234285566,3.5218132394321007,-2.027391605101978,3.728025838013621,-1.6932031489537267,132083.59603191598,7.06,0
0.3326922416434084,0.004990090801163305,2.2456615219257143,0.19994435533294574,-0.9484175264354128,0.4607290091404251,0.7508674634408764,-1.2012796947459148,-0.13818816436013726,-0.15733272319547065,132095.35781144715,129.38,0
1.552992702019206,-2.779157167128334,-1.1224789187325355,2.014674659437563,-2.777152432708533,1.4448461785113134,-7.15106061116113,-0.9245543915570335,2.401767984504603,1.599857610917837,132110.4029163352,110.02,0
-0.8244703367277579,-1.5497541421294172,-0.3253102794192184,2.918891924632879,-2.5693488433185125,-0.06135181432207059,-6.234808637932873,1.29291657884581,1.4174046865424765,1.5508963252670558,132159.1335960376,3.21,0
-2.3130345921539885,0.9074070345472329,-0.49470683675681715,-1.1925367674131444,-1.5941653595400278,0.5354766522465118,3.7502426535969855,-1.65592241633713,-0.7539001712347595,2.5929897429052624,132171.82759447978,7.21,0
2.06600167415602,-3.2401469698486216,-0.2823506881150535,1.693430185027105,-1.298391379455997,1.20280889830026,-6.485757583916634,-0.29581617522184955,1.8969471960880486,0.856086234673698,132280.62894566378,4.27,0
1.3337468344649437,-1.6974313917057717,-0.16215403868304423,1.7705773847015929,-0.9260292946363433,-0.29323022853713754,-5.1681091512609605,0.8091225763978127,0.7850144108750511,0.6680546678497122,132286.47848914075,27.49,0
0.2939263492679334,-2.817106151968309,-2.7009980141682304,3.065027015712245,-4.269736659438687,0.5129733536604484,-12.347692131114712,2.7228343701595557,1.8971399676428402,0.8747095883040974,132375.99338530027,47.27,0
-0.939538980744439,-1.9908814209307217,-0.37775370151730914,3.293523386739051,-1.8887686070323604,-0.19848408985411176,-6.996839148439176,2.1249217591218024,2.100516525721255,1.6901977024583719,132384.8331870773,50.4,0
-0.4957112052517785,2.329371607225664,0.25861049073327247,-3.030565424586349,1.9459867114991476,2.1651757097538225,6.966522122705709,-2.338652131100416,3.025817286233605,-1.4011721639477623,132453.8005592306,21.25,0
-1.0023583505384925,0.5202754686108841,0.1481839757828265,-2.1414968403927244,0.12566157916963705,1.8738245561517646,4.208440308632844,-1.8247364067807712,-0.10419839571917033,-0.8153111848166243,132570.13632729874,158.68,0
-1.3722533938273824,0.04116757498901591,-1.4445006663130555,2.6081604456612975,-3.8315198731853766,-0.045649563150676024,-7.031314686094145,1.8027087676250724,3.0953038854819614,1.8100034514196262,132635.68620789627,30.85,0
0.9306320391956051,2.143414632465392,1.1774715072943018,0.5403958004670683,2.5238580954986087,-3.1241778676987426,6.323835312281647,-2.0969642811758424,0.05781791202754927,4.303733543346855,132757.64591578874,4.03,0
2.911286985288158,-3.1566799121618887,-0.6031047894247765,2.220787113746276,-0.3786599720095142,-0.1141607217569873,-8.009662988234252,1.2781518566938423,0.34972235319460765,-0.7630739046570523,132869.85674820037,24.2,0
3.8235561215703755,-4.013413330705365,0.4578918920379248,0.847153408857712,-0.8969474284505068,1.7531026320139755,-6.865501225836051,-0.6973089812045448,0.6050688988310371,-1.1518780242364,132881.02534319222,50.23,0
-1.5198174616840192,-1.8434455234705531,1.5019831273492121,1.8121728168720863,-2.86899609586934,0.5486421096129569,-5.424024788435989,2.219567089126461,-0.9532733483357785,-0.774259330061511,132921.7599464295,35.1,0
-0.15395455325106067,-0.14645147123900826,1.037535620473215,1.103346941616332,-1.7954863314710439,0.4455066147932604,-1.9153440764507887,-0.35480722342514026,1.3166484047508227,0.5938597085607432,132935.8856212235,21.8,0
1.0757833302254527,-1.7494951912539154,-1.716352374334368,-0.8198968183942595,0.2755724596573417,3.389583985030054,0.30503244124792994,-3.45721974773407,1.1358114272067437,-2.1557875204510615,132960.76889737774,10.15,0
-0.3169838221661133,0.6724261925260397,-0.8337480924710112,-2.5451627138809894,1.7873280543964518,1.750017310421944,3.856732435052421,-0.9320172126043231,2.0317192565000735,-0.6795600931813941,132968.3788555667,112.16,0
-2.047710591791679,-0.7743440809984363,-2.732048173667251,0.2635735085986932,0.036971677955607296,0.9095842167002443,2.448677406117321,-2.439535307940984,1.5171950168220367,4.218221814939318,133054.88597543995,362.3,0
-1.7130400074179568,4.960983509863103,1.8644783555474431,-2.2976756551671134,2.3434701349984373,-0.5776455470089799,9.856412631640884,-1.1064394509121258,1.6873861813774647,-0.5917903240432583,133083.3389916262,26.99,0
1.7275389994461237,-0.8282692976339188,0.5295143612705806,0.445831075144137,0.06221553504339283,0.3634076623947514,-1.3994892380218582,-0.9346831290072749,1.9706871960749734,1.040275390443061,133126.40179718667,32.24,0
1.0801966704985222,-1.808892626298136,0.03755193358917297,2.4360591167934356,-2.4359362287832154,-0.11429317115119766,-5.666202041607884,-0.17110538426429878,-0.2678049339071309,0.6637647722388007,133213.62880727803,63.56,0
0.20192112870871215,0.560538059456057,-2.1064757343911196,0.13871592455981285,1.3133024766524906,0.08956747404265392,0.508635929701241,-0.5370388786889958,2.059743865215875,0.25720829412066815,133215.29475449218,83.38,0
2.929628394410231,-2.5073946396974893,-0.21793214837017816,0.7201248153817872,-4.0371485356338965,2.7058399741752,-6.833324355149111,-2.5015620343619336,2.212366121406885,0.19247845149512022,133223.12869614814,33.35,0
0.06922939194414823,0.25424900799167505,3.3806221143636574,0.8660749766964,2.2861367274250046,-1.259169667665445,6.2214997142649935,-2.5096629032635516,-0.46347703597707435,2.590752804752443,133250.022579206,153.95,0
-0.3350975498319575,-2.0475120835099156,-0.7761599687397553,1.079407751794813,-6.739692961494163,2.7980380672918623,-11.337338503603997,1.8790668887025896,2.1485005839969116,-1.0017767524381402,133275.51590733143,54.36,0
-2.399866961318682,-1.1614634994688038,0.7497784580656436,2.6163579434074373,-0.21883074112438428,0.545066515660431,-2.633498285727936,1.5810726872428171,1.8869876362010176,-0.23610701830390268,133337.1302171034,39.91,0
-1.2503348584622729,0.574412690817727,3.539150938117892,0.041078445730706625,-2.203727085205358,0.9617192851341209,2.3725601685020044,-1.647783250696833,-0.5218146879210568,0.06614404246893912,133403.75590636634,68.62,0
-1.33178330944709,0.289840724441779,-1.0790891298944956,-0.6662214314989446,-0.4452545624550275,0.5684409627355695,1.8296706099289035,-0.8789654529343387,0.06041418422619982,1.2333172297698332,133443.8961344624,199.47,0
0.5192718131008092,0.521994251945151,1.2599960775958785,1.5658704730716995,-0.2666092605213978,-0.8019542680568943,0.567664251641155,-1.3412020512875737,0.47656183337170677,0.9904223152999668,133456.61809191847,103.87,0
2.8415875303417373,-1.9836427575165305,-1.1805453985158985,1.52399741087414,-0.04940332685341242,0.06714112725067906,-3.4472235879050204,-1.9198710286771932,2.6719115892578715,3.112618967487584,133534.90131812566,3.65,0
1.3277589437794366,-5.244986233100475,-0.5284883583620736,2.3984017084285245,-3.3189281412231963,3.283961968857577,-11.15016091912578,0.4882342736742795,2.178062803157402,-1.1363933517697435,133541.4942645703,27.26,0
0.3480122006306885,-2.7696196363890833,1.8610965589137352,2.2093584577822654,-1.3360079758348054,1.4335071465797964,-4.573690802170789,-0.03028774644184906,-0.08347598365064024,-1.7949041557141614,133560.83206819269,42.33,0
-0.6698477349815392,0.9637391290262453,-2.8305121660717987,1.1590833379171923,0.5695678697642093,-2.556111508504405,0.22371202241602672,0.5169603485352969,0.15031621490544378,4.007679179348714,133598.91581314645,25.55,0
1.7343549651073022,-2.6043469593044373,-3.898744812044078,0.33396732348788927,0.39090729792414036,-0.2664470366934528,-4.984588300412794,0.8169427824251938,-0.9874636251761728,0.8186964442794435,133656.1561186446,79.3,0
-0.5394524732289789,-3.532619662440782,0.3705570714735301,4.323158354153886,-0.34172028111292685,0.11907675141481648,-6.1700601066188625,1.035919141957625,0.4087750825069123,0.07109510145861131,133726.40451017104,114.77,0
-1.0833786318286551,-1.4717936333912531,-0.8888293994138805,-1.0363711465148582,-1.2677105397691268,3.4862339499628767,-0.8274129671809096,-1.217668512930622,1.0070151144692954,-2.0191840287751135,133745.71014479737,86.43,0
-0.49040685932418393,0.5404947006190806,2.250437752692513,0.535093801095881,0.2084109833846255,-0.5177410709512049,2.981152140965316,-1.2161893827706751,0.6065743198682305,2.073745118123929,133856.71729420975,296.14,0
0.8900967759480714,-4.073217342315894,1.138363054953876,2.169302006847019,-2.3620806154878657,1.7129908069410484,-7.524570685985821,0.5515114584386118,-0.27227343815758176,-1.0687011415286323,133860.13018810822,21.68,0
-1.6520914255262293,-5.0873873221636945,-1.994075663115872,4.808193506477615,-2.8134490277556266,1.0560331474901719,-14.336642732308952,5.014002108334409,1.4603135839661212,-1.0254546841186034,133942.9518768006,136.16,0
0.7838956277972879,-0.7574838928595348,-0.2234997375875596,2.0898423580821,-0.41791388934139595,-0.2537305142643533,-2.8363536007638204,-0.5078852045363857,2.86946234228473,2.2569508582095104,133962.17215707924,95.58,0
2.8355771716495184,-3.1055677595228195,1.2108844121383122,1.8573698021309664,1.5273936969721942,0.20973211929303795,-2.162368957029602,-1.6177332285792585,0.5534999337734328,0.695110044146575,133979.81478966182,30.23,0
-1.2395147091961125,-4.325542937947734,4.800387598886201,2.077891547617036,3.5277743112806554,4.212554643598453,4.013299688249395,-3.7665934850315796,4.107620429784938,-0.5275130949679092,134011.17216489784,55.61,1
0.07714948311709935,3.2301815641623883,-0.8127113339521922,-0.4617982889787172,3.052353801681431,-1.0378392449671818,5.938425291648663,-1.5140506796412159,2.661480895962404,0.46607766517695937,134025.7278398966,8.14,0
-0.9633772982620081,0.12163156524793117,2.1857532676318776,1.7246711405052304,3.1746874851486258,-1.1703554282393973,5.151703699162359,-1.4096663138874657,2.0098783169645094,3.2406439597926933,134164.15961621705,102.24,0
0.9329296312320493,-2.886912254959628,0.52364973617982,1.4808068481421164,-2.546855975418422,1.5705330145055378,-6.0736448131660525,-0.16256213394807495,0.9384083760931747,0.28221153526884524,134170.11875515242,50.4,0
-1.0289038986682293,0.6928151470905467,-1.0075320813791353,-1.348407935758909,2.1481641612459015,1.4769323629392566,3.89552564473993,-1.0102171914201201,2.745577823254437,-0.20708558724115433,134195.93616241298,23.47,0
-0.2060763058516185,1.1310564560315357,-0.3899221223727857,-1.6996018874538812,-0.3047653184184911,-0.11545569620921677,2.2715388843697055,-0.3127480807713263,-1.2479953368393244,0.05844745520447825,134215.5842418553,70.32,0
-1.3309799106658589,0.3727686239938546,1.6281220329129913,2.373512558643351,-0.06959811945270789,-0.8769311628829743,1.4621373668082132,-0.9626743309375227,1.0420154570992162,2.207378482324202,134274.11656062346,67.7,0
3.1383971537345206,-0.7032397181673828,-2.7583232738679433,-0.7269939714386656,2.1225127450622874,0.21221389221799397,-0.8506086866876819,-1.188611945597384,0.3409748326443265,-1.2796225040171607,134290.98707226108,16.28,0
0.49146824892036145,0.9954267108626359,-2.3242985486733065,-0.3716506174417944,0.7209638003459073,-1.2036194938930316,1.2434113855631523,-0.5788286308462882,0.33769348246694864,2.212457392098502,134442.76201539606,3.01,0
-1.5447368360223108,-2.0755635394483383,-0.08591819939939915,3.8699478488755616,0.43305826130009084,-1.1118854707410248,-3.7415791861197034,1.6082575466261226,1.5761876188104318,2.738049071672357,134628.92692919195,37.95,0
-0.025951360926808942,1.227026723591285,2.4258702780434858,-0.3047044123694509,-0.17784488223145778,-0.10092975171754667,4.954707397497582,-2.891373102202464,0.7235031304385053,2.477783636217575,134712.19703233498,55.78,0
0.7884747774674964,-0.9520076472801351,1.9107110567295837,1.7699832400387305,0.47755824945292447,0.05153392428081113,0.6081844403851596,-1.9658265534672537,0.9102940987033776,1.0672237126031918,134757.28428211762,137.0,0
0.5039187685317141,-0.14448207180548334,0.5731327698931377,1.2945336055564631,-0.7951018068570261,-0.051098791074939864,-1.2693137101374334,-0.8348922899184643,1.786555763904711,1.4445219395620137,134758.25088077085,172.22,0
-0.8739475255756141,2.596907051733651,-0.38856836661521876,0.15334104447898045,-0.2119544545380092,-1.7611272551069077,3.992696925410614,-1.3135581218211683,-0.9228365015753173,1.9008328310360612,134762.4943241974,49.91,0
1.4298493321188028,0.8063420829958554,2.12040456471399,0.7631475132635814,1.6690223601412004,-1.2957526486105333,4.728239430322445,-3.0198285181927096,0.17392879158608787,2.2213686515224116,134847.15891958916,92.11,0
0.9892526476940239,-3.0139046701665637,-0.3210915320690815,4.036882715403613,0.6239712953686978,-0.47508567787007117,-3.935457561487971,-1.1244460099269915,1.7133961629223886,2.6999417838899427,134848.9941530654,38.61,0
-0.1361474753017211,-0.12714636109361266,2.7396374195172823,0.6211199045261186,-2.4790870992373737,-0.01288772445364123,-0.5217388369639229,-0.6425307336376423,-1.8022009223701687,0.03206892007323703,134874.80903413933,90.1,0
1.309667168544844,1.227609490780826,1.4174386139845883,-0.14552253857483932,0.6950325731701221,-0.512483432360167,4.890478910493675,-3.674724761502911,1.8512125667809824,3.549786816909794,134893.1607711363,15.9,0
2.625802557824768,-1.0335110378953842,0.6594168578030652,-0.0531906498564898,-3.9286036031519767,0.7246031379642028,-5.538303493311641,-0.6290636376190117,-0.61885934055248,-0.20825196682309977,134915.6020726264,31.14,0
-1.8386372591049174,-0.7437785983088548,0.057155750259560656,-0.730394718979581,-2.8311258549321803,1.3570085438701338,0.6922089334370339,-1.353542616912154,-2.1937730449867026,0.9886483024620535,135012.4166731343,381.84,1
0.8511979271414741,-2.4920829671121707,0.3379401941312158,3.0942368139263983,0.963739523266216,-0.49077784224637955,-3.966933461299827,0.48685044642314224,1.005305060011886,0.6514381760095702,135099.16358600487,2.19,0
-0.9081919445966724,3.564979440442274,0.9345823059310172,-2.7466483806680695,2.414270619922938,0.6928346289195049,8.580180442839401,-1.7902735464520352,2.2937233541142703,-0.833463065473875,135122.68405289535,84.32,0
0.026094098405011867,0.48486170171669185,1.1369513794490937,0.6836794453889579,-1.2434201736128108,-0.6323126948128983,0.02284245918099994,-0.586547175785838,0.4219530168270593,1.9194684386741114,135134.4535494427,118.33,0
-1.626181344878629,-0.12465904290776608,-1.0511632270708477,-0.38685961884650266,-0.06847672046995812,0.5303797216565092,2.079879581706342,-0.8872313486939994,-0.2759892105154662,1.3629988999722595,135196.21164526965,34.11,0
-3.870223741082679,0.31974003924200955,1.65821674682874,1.7812807767968923,-1.5747549927572835,-0.3878693036914797,0.479371117196364,1.2051292859357252,0.43477483485907753,2.1646233384468565,135336.68581800256,39.62,0
2.1929695451984834,1.3690958845947412,2.552497715570144,-1.579658794472091,0.02340651085383505,-0.7055952038727029,4.053980020160707,-2.324647463302707,-0.4640538946565629,1.5669319710648062,135353.89145480504,124.87,0
-0.16389744672752948,3.3481479047914804,-1.5629329233069236,-0.2846154296079245,1.2842313918141328,-2.3911254599649334,4.255390542850384,-0.6762770968324254,1.3391678483078409,2.992265195583368,135415.24060166953,98.15,0
-1.765814088347203,2.157159157653118,0.5814597948217135,-2.9771589951117026,3.0625364228884404,-0.9810915030818358,8.772355136971896,-0.06939254929391281,-0.9703239109962976,1.7298738179575042,135429.96978580084,23.09,0
0.5293838713685319,-3.1595311765803267,-1.284000863709688,4.079285612031185,-2.211441170510952,0.5312759091565695,-9.086250291003902,0.7213152019533255,2.1313773689134936,0.8601186864311845,135433.70078125372,26.45,0
2.4185117821522826,-1.2408587579504056,0.5641604697320135,-0.39914717507857045,-3.6724367542867142,2.097869285571343,-4.591829961262068,-1.790156318878389,1.4755024788295612,0.023837943778818205,135439.22035907663,74.84,0
0.05728976757581816,-1.9937572819109106,0.25199915878626944,1.5680800033587627,-2.114689563921626,0.5001981338804099,-5.241000977442887,0.8896801413674496,0.6449097234369945,0.8982627272352532,135630.1976448616,54.84,0
-1.1788130661913128,0.4176725940989552,-1.6061452572901445,-0.7519223538779094,3.0397850398347526,-1.0082841702678857,4.069013010431531,0.30791622760755155,0.4618092348485876,2.3602590713744784,135650.85877504342,12.51,0
-1.3208556542837102,1.1718297454080175,-0.38970991567448465,-1.224983814468831,-0.44550263543859137,0.3034350638986345,5.759439531199591,-3.1357422211564248,-1.0794965975915942,2.3818935264136836,135678.40612871276,25.11,0
2.7239535754931294,0.5390558931514056,2.5544380129267172,-2.149424594490196,-2.047689391261952,1.3313837905682653,2.3961681579420193,-3.805667482677407,0.5542922837676849,1.2711283596722764,135680.75305604498,150.66,0
-1.7048981744085006,0.07165696671759192,1.3331789962353509,2.1662962959545458,-3.397174442873716,-0.5211903903680672,-4.927056201712375,2.445838649576505,-1.3339255560767098,-1.3981988628445583,135760.59960426408,76.75,0
1.8412434391834867,-0.26833374141581834,0.9184297079837787,2.7008397082588957,3.504887255931332,-2.3655192470477235,3.8809170246666564,-3.1478713612020037,1.6679385677336114,4.594905038616568,135856.3367107108,278.35,0
-1.2572826856748551,1.2611982749169912,0.45288487064617144,-1.7255462709266078,0.5817807699383002,0.7317331924137849,7.1086205405645275,-3.1173970602121477,-1.1717769904246942,0.8483745701116865,135868.87285356093,95.69,0
1.4754346393276898,-0.44454316788902004,1.4151281732455103,0.9018655090086894,0.5526680499390553,0.08764971222921378,1.4159378606286097,-2.575347430557313,1.5353720735180763,1.7792077910230009,135880.41849100738,186.05,0
-3.7186585759786395,2.7212018063399808,0.7151826873939366,-1.273433091014691,0.40118094346667277,0.11529552201377864,7.051146611678878,-0.6813684909492841,1.1896802405033609,1.9520063340705125,135976.90514491498,16.83,0
1.7635239588589924,-0.8615894352313289,-0.22450322069167528,0.015368343849432198,-1.6772144415541157,1.412004877876789,-3.320587896725965,-1.1158146706173975,3.063821653938925,1.0515637389444057,136057.87436819437,96.95,0
-0.16177898604711616,-1.5533462375250107,-4.0297103085717145,1.0892005768780293,-0.6258759986214117,-0.9646438766264713,-3.8184588079075503,0.6947396368945973,-0.10511112178109605,3.5454248684560383,136060.47822280313,2.33,0
2.71477347371634,-3.349240694054973,-1.254673002627118,3.3523537637559255,-1.8456464155939782,-0.1973878906838052,-9.427866284225033,0.45777215688113904,0.3652778125695251,0.337541460359129,136088.48203639706,73.21,0
-2.446439456953094,3.146668580402607,1.8850687480337092,-2.5124125996561384,0.8788514767998983,0.6836215890816136,10.431483469705304,-3.043657511789433,-0.35159736778926587,0.5950170392883869,136243.70091417,42.18,0
-0.9940473019230849,-0.31974447559945196,0.8808708949299716,2.78710979718636,-0.9221484186612002,-1.529765686430222,-2.8729278917047245,1.5493231059117378,-0.610430211623294,0.6620864670552449,136269.59809959892,28.68,0
2.2274285156262423,1.3642420122111703,5.049041091689339,-1.7694854145180594,1.8312402588410506,0.5336485753712453,9.043265903436337,-4.984321347206636,-1.3545020195610928,-1.0032336034269456,136272.66589539184,129.92,0
3.6652669862658613,-2.667137448696212,1.022678471609329,1.264511403150388,0.09192163244009954,1.1100343349922162,-3.203744210798451,-2.4240148216788704,1.162848741870102,-0.20885546145453238,136327.53112289406,126.19,0
-3.265903588052049,0.44072880321201735,-0.11990767689962867,-1.9164550577418566,0.3594373775979218,1.2087404123586927,3.947029313036395,0.515789804743882,0.6913913998159649,1.248151284214781,136336.63563431308,2.47,0
-1.613467715238295,1.4210436767388614,-0.40760326746014586,-0.8157232897629612,-0.06425772867670876,0.6064393638265235,5.7092169646278474,-3.0605798649501033,0.2533836519010527,1.9210955452928533,136368.79003134806,62.12,0
0.8600605585596945,-1.2132064739202986,0.8985807158837995,0.8493850818475308,-1.674698663591081,1.5318327609595306,-2.736730000162721,-1.2345353887247918,1.9185227575142012,0.06914402303211276,136389.80418964167,30.81,0
3.3096633102126893,-3.9063171673075963,-1.5287690279441075,1.307564987201297,-3.240824372546728,2.3429957492749685,-9.843772560142979,-0.8754807861620351,3.1842081823241988,1.177372971934323,136446.01507489893,35.92,0
-1.9245166831707246,3.3208706649348545,-0.10455165655120424,-1.7034497688057997,2.4868764239728582,-0.5102458767141175,8.505462897412547,-1.4512227718772175,2.301911553525902,2.1662027190187736,136459.9020342204,116.96,0
3.4458230593569934,-0.2314938113481546,0.9643388331234828,-0.20129642094715594,-1.299867747551716,0.44702527641508694,-1.2148064913639542,-2.6631720543613056,1.081582383448676,0.7900596021426313,136517.2593938602,25.1,0
3.3066348629574938,-1.4234593055320524,1.0315825006642008,-0.6091457482640679,0.31718777338184867,0.8679445331058331,-0.34749165823150185,-2.466326206758885,2.249222795550812,2.0923062390209672,136600.09245070012,187.26,0
-0.491036588222886,1.6802854328521344,0.11482453990521457,-1.301120108584362,0.5832518100925441,0.8598133314499322,3.1584270769537355,-0.8155211739928612,0.9336980061326001,-1.6305875511465118,136636.9628841729,13.87,0
-3.3258521196936535,4.004027128280951,1.4633747978109257,-1.4093237036162032,-0.8187009551699671,-0.9474265448598694,6.926371190696125,-0.3223031635322573,-0.2044331809085922,1.6827710764995745,136781.25740778874,71.65,0
0.8413951059948638,-5.19229481522575,-1.0128611708125237,3.4325447376215874,-2.273601407205411,2.542293875215987,-9.743910405196981,-0.1993105248276501,2.8426666804474188,0.7075067234280324,136784.85875582663,73.48,0
3.7005358064070486,-3.1327659232290883,-0.12251310092868395,1.2697642293185685,-0.5333799414490656,2.031103867134516,-4.183018492841017,-3.2827483383267952,3.9502495809417812,1.9753094578972006,136960.38372253848,19.89,0
0.9041199335468804,-1.58545067593765,1.246945444813853,0.8067654817682917,-4.617026424365502,1.5181813634119334,-6.5719979741022305,0.17277573181317307,-1.0304305303843768,-1.7795411261641738,136960.43609463263,26.52,0
-1.0006905562007369,0.7034432817416492,-1.7669271609641612,-0.011118998138390346,1.1057376746533185,-0.6379715604927212,1.6809434207674585,0.058628643853747775,0.9806943466548624,1.7965585128676143,136988.60202538205,118.04,0
-3.062564869579595,2.2516618973705373,1.1628210960171281,-0.8592517823445076,-0.6035487525732106,-1.0879411401919292,5.751782116403583,-0.2992505660133298,-2.278453851097491,1.7233575796008869,137005.24360904744,94.25,0
0.45073351564349773,-2.1067265382583087,-0.44468786989425824,1.7688937254988022,-3.085096116023518,0.9932539342213251,-7.963183924450336,1.4654581128763575,1.5496098871314383,0.03445677358195531,137055.08862663657,26.94,0
-0.4301740654800529,-2.2480076158577003,0.44841645666838503,0.039557612833808875,-2.8720175553310794,2.0185570037729583,-1.2237751809482482,-2.3109545525798154,-0.6901077794594512,1.7989261873711515,137075.56135573037,10.61,1
-1.9748527087931587,1.5373293604736034,-0.7709703398313731,-0.3890596526763872,1.4490949725516258,1.2188826850720278,5.693276650391844,-2.571462260103088,3.027438076829285,1.155408602243684,137207.55270590715,5.14,0
0.35029292795489697,-3.083350417417562,1.024364989118253,3.025330381448195,-0.6714645254206777,0.1994408135838397,-5.212503964490896,0.6286344039316571,-0.2784197296713966,-0.15769551489616895,137237.29884468016,16.22,0
0.4027949370576487,-1.1962241951985688,-3.42952198858156,-0.1460855377417135,0.666555613965405,-0.27985305882692296,-2.491524291830661,0.8997424021850835,0.6904539575963089,1.8410067704302577,137239.60248853726,44.24,0
-0.7826822697181457,1.7910768229255822,-1.697414802814361,-0.9057939208902905,1.6582621889382807,-2.0049527842865924,3.8922074035938916,0.2307262411661457,0.17808331979380954,3.428614030297533,137292.28608800136,6.84,0
3.98079392185317,-0.2239093911036223,1.7419502816497427,-1.2215430538720673,-0.11434699492292855,0.6392037313678538,0.9555182894603339,-3.138394854642575,0.7104900973858816,0.3654629939660232,137303.12655939287,121.49,0
4.39297452776282,0.5364469926292985,2.694833056254925,-1.5776091924276807,0.5725641275105255,0.6608937718397406,4.21692409531002,-4.944608717740134,0.08974541977913342,-0.07826121058338664,137343.0900239878,83.28,0
-0.1865509178960716,-2.4518908734260356,0.25099990733347954,3.202688438922194,-0.24754218082209667,-0.34713044270478266,-4.143563050056811,0.47992369859447304,0.6908047185842081,1.4732054776117354,137343.39325199684,187.93,0
1.275420519245648,1.471745620723873,3.0728743573703974,-0.08988915787783736,3.3549222626605886,-2.1077310417460566,9.226233445746615,-3.8762406855442064,-0.48196632656160543,3.74765726730959,137408.174456032,77.86,0
2.6825460013891975,-3.273573184119661,-0.7289228578125608,-0.10681117506605187,4.472115939364832,0.4412524460953824,0.740000298700681,-1.254338353553718,1.1415155654406917,1.22255604376782,137422.19148938902,19.33,1
-0.6632437835518608,-1.534204392420924,-1.912397615541796,-2.4987934421987115,1.879586989565194,2.1614340532131626,1.9243435301734644,-0.21841087753344612,1.2632077399760762,0.41398546071571307,137453.7532244652,53.56,0
-1.38542165570593,-0.24335986151371536,-1.423942388981693,0.042984864237224585,-0.7587680623612441,-1.1636658996581004,0.07381188760403835,0.6848886350347823,-2.2600670595942653,2.375629842379676,137512.97327855826,60.59,0
-1.956034695955668,-0.013655422952104646,-0.41879684811896856,-1.5858522562128319,-1.5703508809487179,0.6380833980455456,2.845107328330607,-1.0879664615482256,-2.108647791166539,1.9940363301413346,137536.07969839723,246.12,0
1.4146656864548488,-2.954991278158478,-0.8732876157333016,0.5193116211023989,2.7236428036622264,0.7721326146822612,-2.0771980220718174,0.35585294035905135,1.8788401349723731,0.41328544008387214,137590.52265354848,43.55,1
-0.9555466601428609,0.5363551929680486,-0.8404670438412167,-2.048994461739934,2.4427050117097604,-0.6602119779677835,3.240646674299714,1.633845896185902,-0.36600837037029654,0.8101892966789139,137641.64388068326,3.03,0
1.403945341364975,-1.374120467677145,0.4157375402985971,1.1595013947353534,-2.9419268775751837,0.9411861030203619,-5.953638769660375,0.08577704315404477,1.314415537540794,-0.05040543388923546,137666.54543466913,84.63,0
-1.181965785413421,2.1266442160622288,0.8435313149458945,-2.7361120494175957,1.354306768452774,0.45586209524854787,7.391336599100486,-1.517323577868416,-0.4161055449880391,0.05434752396041975,137772.63920670687,154.32,0
-1.2331400831418233,-0.3681476345575614,-2.0191820856255953,-1.0716629245059324,1.3234715478803236,-0.05244696356362652,0.7176155627328905,1.3602359156105912,0.7549740383459969,1.7210821215608512,137795.2165336772,104.19,0
-1.5800251863835422,-0.61811188877818,3.259309401135372,2.430919950955839,-1.6336419926986903,2.3277762981755634,-0.15450703488190992,-2.131703541905103,3.625676756289775,-0.1953163088053722,137818.21259010612,266.5,1
0.46176971462811967,-2.473757232512771,0.141551886000173,1.9822799849677668,-3.2685910664641566,1.8725314494191063,-8.360030660104158,1.111989907002736,1.555696761989061,-1.610876205514109,137848.13510657137,73.32,0
-2.852995756757826,3.9271845055005445,-0.9073409023617858,0.689877624336285,0.72456123672798,-2.6715374108500805,9.074975914150487,-3.1927216520079265,0.7876696979442386,6.475084353374027,137862.19852277203,301.59,0
-2.1330874304689784,1.8316964084984213,0.614226653158271,-1.7047508285231947,0.5866548705624992,1.4561119057402698,5.65495726938307,-1.4003838129364017,1.395362241007219,-0.467852535752431,137879.5667816265,7.18,0
0.025533409149713027,0.535805931189708,-2.227676892126258,-0.4409439239176757,1.2669911725574412,-0.24380823378446523,0.7686757614627617,-0.024520524171385838,1.5725431830630265,1.1223941560796755,137945.06447774745,72.52,0
0.9930304112982267,-2.1670383064729455,-0.46925429647782857,1.0817278097689724,-2.5828751041796676,1.841709273632503,-5.975961446117786,-0.405928330695671,3.1971843213016413,1.331875163128713,137945.40692545875,22.66,0
-0.8930062564016974,-1.184769257554887,-2.6749518461659614,-0.9882958497667397,0.4089586852747015,1.263416618839084,0.48631708645238586,-0.7180035876124594,1.306560109378229,2.181660690948499,137960.1228415713,67.42,0
2.7231888201384065,-3.1799528842607336,1.417132305091604,0.8100737092001189,-0.7568643138998712,1.832049755513391,-3.8995910466824726,-1.6445966134676462,0.5245182287854631,-0.8508524379576847,138017.8123179105,61.81,0
-1.134655761960013,0.0032163732347926244,-1.6363508766201103,-1.1907435676694065,0.8742319352610066,-1.391527459503927,0.5951443057427634,2.2641574890595955,-1.2734721230324966,2.2520353651803964,138029.74314168937,11.83,0
-2.1744815091789507,2.097622927894944,1.1078627086927302,-2.1984946815951676,1.193854061237397,1.3027470407894992,9.273087899798886,-3.2906294835661503,0.3086691683317988,0.619759424164232,138138.11693148257,16.05,0
0.011564613505710808,2.486321802613147,-0.9465721861248146,-0.5340386760283318,0.12721264245837072,-3.14240211596827,2.0526534061379555,1.012876215759492,-2.0404347931438402,2.259573800061649,138139.06388583963,64.17,0
-0.259421080510994,-0.43896266813359497,-0.600225809607599,0.36895478935361725,-3.370010007119713,1.5024783223005524,-3.8217520839213903,-0.5245447714229879,3.2331665385447153,2.200592257789887,138214.98822769607,9.92,0
0.2773380341192466,-1.7206857169321486,-1.2947692210804473,3.2927236026773627,-1.4558399943420919,-0.6854694828203902,-6.843944267900804,1.3090499570295222,1.6747371863614435,1.612229858807073,138225.49955248713,21.03,0
-2.0230919555064126,2.4742177480834364,-1.0635666043468457,-0.1945480885361328,0.5188139866573223,-0.6453153644437529,5.214668419608821,-1.6523251489834658,1.851059016689585,3.127407666896937,138240.60164876416,118.21,0
-3.47311397142536,2.7684286575468775,1.4623948044587856,-2.325235950958116,-0.20897634065448245,-0.6788228622550111,6.65449545468464,0.7302498076467066,-1.3553633628634287,1.5741023138831833,138252.26339121477,26.75,0
-3.4680458355723696,-2.954896105345325,1.0961278965211505,4.7340244368643045,-1.679607937599996,-0.11786704463824522,-7.641301649190182,4.202643132244242,-1.4008785576204894,-2.1460753412719242,138301.60455170408,44.52,0
-0.04643391555826237,1.1251946747601114,-0.6348742629941737,-1.592086836091592,1.746986998370493,0.7017386462531527,4.6276714331655,-1.7741265797111745,0.8481183778840425,-0.21640012011337784,138341.38160604952,185.12,0
-3.28519807022437,1.3676578020398558,1.3935099155899402,-2.536340311898767,0.020343560187658705,2.640734976957816,6.995933282228479,-1.8292925254787606,0.977880661438142,-0.5528745657180363,138409.46502970145,17.75,0
-2.0705910816217363,3.3135325659675607,0.9989180273854046,-0.7124403752149815,0.7422836925700562,1.1428150405725082,9.585036683916096,-4.818460886287795,1.9198659254996702,0.6357865847788469,138489.8301313264,33.09,0
1.5023733590865818,-4.67467952557986,0.47636868551338307,3.2578336974006867,-1.0943674414279831,1.503151891701012,-7.51248635791699,-0.3171191972829468,0.6658610501447263,-0.4224573556389939,138505.6129333806,61.62,0
4.927415013251927,-1.0187032234635114,1.2865132563350106,-1.5353867185829113,0.6792635444663062,1.2889006723856968,1.1874388482016005,-4.170053800403611,1.910770240341555,1.0759897598343693,138538.61275446002,92.51,0
-0.892089568566306,-0.6555573805165055,2.4635412039660634,0.3765376124520087,-0.9052089479143719,0.7998725300452476,0.1465083889193223,-0.06975669084692449,-0.002821525083360754,-0.16635141689751776,138619.63827429805,151.75,0
-0.8712729366618888,-1.7984293354734557,0.970268562267396,2.247274649629138,-3.354846720658772,0.8526061928393274,-5.402923584271013,0.5368481515723909,0.19539091500286532,0.32701032621297466,138686.80543139167,161.59,0
0.7474996245694745,0.383643181899068,0.2094093208993414,1.1218648581160349,0.927125866996239,-1.5122973612981505,1.2988372320263901,-1.0758531598447154,1.9268714746907443,3.933776379148962,138696.24597458626,98.43,0
-0.8343414283822987,2.2777891516770525,-1.8429356510864436,0.7506804615670524,1.8184895340216936,-1.4349242094599306,3.1888167170101815,-0.6635371801318306,2.548064035588124,2.2455487621834402,138696.76393269876,17.85,0
3.271792194880947,-3.652936196185206,0.00721202963423806,1.1134259587675728,-2.022186257451424,2.69219537695693,-7.775824674568953,-1.1175089548629351,2.360318846638487,-1.2663203616286354,138725.72953767367,2.63,0
-0.6721474696267415,1.8096931748673557,-2.105169480318372,0.15926786860026576,0.5451085596412477,-0.6345104854531884,2.8171663969254155,-1.5933185361883586,2.241677781723123,2.7876620450205443,138733.07591773637,32.47,0
1.3342952642861199,-2.4136397085283394,-0.3642999296794891,1.5724882703390728,-1.626572020873833,1.1434803858892195,-4.6487030461148455,-1.173869884088195,2.2909391668591024,2.011636885436416,138758.75803431426,10.92,0
1.6459475588140813,-2.357098405746203,0.7294734298847978,0.7037688717355817,-2.801128267856626,1.7684676436091313,-6.21154633368706,-0.038761689092707385,0.44498491638573623,-1.2694899405117077,138762.87514548423,81.55,0
3.9267301224094115,0.9424922948174581,1.0592335807646125,-1.36138094162472,-2.2848995255774005,0.5001887840283388,-0.49338565755768504,-3.080589703502025,0.8599219498551699,0.5762948496381897,138841.50477050184,71.34,0
0.272950023268961,-1.3079045289452251,-3.9261118280160487,-0.4672532325676232,2.557808665394149,-1.0582553115583835,-2.8339023814833277,3.1012969416430343,1.5089416546689396,2.0864820381594473,138841.81804170166,3.92,0
-1.5966896037644924,2.470041870737105,-0.5599744414601641,-0.5410299820815458,3.457770391406331,0.7565137215199851,8.604849553461868,-3.2857294073992476,3.9619680063358764,1.1679893858658938,138851.30755513787,118.75,0
-0.5266613589512433,0.05317076664754028,-0.21138335722590673,-2.1170299936882726,-0.4027438986689982,0.9598222173281832,1.4336187003575702,0.09199527331655633,-1.425081371251769,-0.9193665996865352,138862.6909242973,19.59,0
-4.126458478816888,1.322443851176898,-1.1810362023694587,0.2609502654918523,0.3557391098969097,-0.6533169972383118,4.103510180848918,0.22180740473066884,1.6466752906601783,4.374199144678525,138874.534888167,37.79,0
-1.9676521313723576,1.673063156152967,-0.11800166820883495,-0.6014438233315714,-0.35656403888113486,1.0774170950999573,3.52757826332605,-1.3717826883082962,1.6129014583076247,0.11173563870313519,138897.4850755445,72.66,0
1.6640945994066718,0.8941613661512207,0.14339589723236446,-1.389604417737175,-2.829904331768745,1.2071602048325094,-0.4267595777934501,-2.448940804189819,3.0827109280178155,2.731725804132758,138899.15340942758,37.47,0
-1.4998153902763747,2.7935253621058154,1.356150579084121,-0.11006221440335207,-0.6151561591948362,-0.9439137217353321,5.8356807154108505,-2.387560147594942,2.2861849337690847,4.759589521915045,138924.0301050755,38.84,0
0.45922440848930624,2.0970443749249146,-3.2199288453786914,1.2302064087850875,2.6207370943893245,-0.45131142195405294,1.3382742573402089,-1.230993195772171,5.802182094173656,1.3257743266958322,139002.7495122674,5.41,0
1.3543008107977532,-1.245207658092392,0.1907734110496102,1.4862782223186497,-2.200125882995919,0.10068550167438758,-4.169665769967112,-0.6795273207192271,0.12617443514313564,0.8384668079093209,139006.74948701847,34.36,0
-3.7028337421057267,2.031847838483103,0.9087455693177535,-1.6581096369516028,0.9175160876133837,-2.216737516747931,6.691819625267184,1.6507465520175977,-2.8546611058298272,3.270322025589437,139016.6742122189,95.09,0
-3.225879587278461,0.7648027579513967,6.134522137214901,0.3970122194227492,-2.587893347003545,1.266696962573844,7.675658307047707,-4.278191647142027,-1.4912587980824927,2.2391206692495045,139087.89103820059,65.79,1
-3.881718078513004,0.41257994612629734,0.09722435969484633,0.2035511971998316,-2.5993740359454898,1.3047360691332996,3.8971853699187444,-2.664044760486822,-0.8547472781983876,2.5351847400908634,139102.099144837,35.68,0
0.2607752264683809,-2.1904622094097093,-3.21839878614034,-0.521894442899508,-1.4000458379822098,-0.9598258890876902,-4.485096682841309,1.9004227318782738,-2.93388305657963,2.5957159180448164,139119.60703605053,36.81,0
-0.909255884148608,-0.35539206169305415,-2.3327480474946833,-1.0443432516104902,-0.15818123555939123,-2.4143034163574577,-2.6422761218157484,4.290289313182818,-2.267908880910521,2.8907712816660527,139178.31143834518,79.83,0
-0.2984869350542104,1.551046297918114,0.32835615886967573,-2.057117190030188,-0.8009940905481499,0.11225288985112761,4.458487141194277,-1.8963585996008132,-2.172926094880542,0.27431263488027435,139216.1135667855,186.95,0
0.09690788723979626,-4.888707733393709,-0.822942335845992,3.8048714195856275,-3.948303031604886,2.679562976364586,-12.555039037349523,1.5469765676760212,1.643519129868213,-1.8231299603889481,139219.8024297692,21.2,0
-2.4562708684720147,-3.0107897250071813,4.755782118924783,-1.7676947946290547,-0.8278805756337249,4.217097668206169,2.25851497821755,-0.6398984157170822,0.5534757260342662,-0.7284406940770329,139227.47003546805,100.1,1
-1.3564856116937563,2.5572399201403497,0.8944618650663811,-3.1103134780415345,3.3004363299545543,0.7685402888281748,4.878148885870774,2.3615780245157736,2.771956943322573,-2.8514067021498954,139263.90914032495,104.32,0
2.666347539971826,-0.46518002987985385,-3.118952875093024,-1.6472199019225098,5.20188702758413,2.551026699447084,0.24730610984678425,-0.4410211988147853,6.228487612655336,-3.424639414101306,139275.51260114732,62.15,0
0.8001562711755431,-1.466131036052859,1.5426405835260955,1.6123447459618747,-0.5296710317021751,0.3780806640054168,-0.9567635168093674,-1.6387077463265807,-0.009379181651500756,0.5554114397406931,139311.581148241,8.62,0
-1.0318891722708536,-2.137648089736399,-0.927490471157375,3.6632786698625135,-1.2943806961696271,0.09590604805421948,-4.564189838228683,-0.2565214796958688,2.915867636186147,3.575899757768759,139346.54505783465,65.23,0
-0.9601717072674311,0.698771069515189,-0.5608686070123925,-2.671635233321137,3.5653326295990757,2.499261206620424,8.223041696355072,-3.183903343715197,3.0031483548261004,0.062462646734704697,139373.76635045852,14.44,0
-0.888900787466969,-1.1272073234282525,1.6949788779969834,0.6433487820036288,-3.452096303864264,1.784470841664881,-3.444375941217611,-0.012233329079451516,1.0016047179615557,0.07778381914058585,139391.7211630339,47.4,0
1.8951600427836033,-3.2944482655551504,-1.4921316625225325,3.541239696032124,-2.4641863449606074,0.10830854555392964,-10.176034890725468,0.9055156820287171,1.6399305017505204,1.1344884682929919,139396.64020325095,49.95,0
-1.126534128020875,1.5758496756654043,-0.3774379551214597,-1.5804079427610667,1.7045769070481378,2.0531832855267664,6.323476005944704,-3.005397618579329,3.0948030834741815,-0.19517972489795476,139421.04294538323,136.79,0
2.895543215778913,-3.8529720603820543,-0.6346059693890551,1.1210269676961955,-3.1357364919230455,3.1460567334080998,-9.634259678517552,-0.5423951842186165,2.5730973121193492,-1.5333497732522265,139443.6368247541,41.35,0
-2.8749385438805706,0.8702104930141449,1.5387362167583514,-3.285830780945102,-0.4160969185718937,1.1888467589662208,5.326668378000289,0.42998118578564815,-2.0873085033473675,-0.24557005228990114,139461.8521881663,22.3,0
-1.5607733287788772,1.1524151767131816,-1.5377811721507588,-2.0021418178934454,3.5828142361890696,-2.4288877037158123,4.838474958206593,2.4450030438114534,-0.2666423622275169,3.79042703119098,139476.47685665172,18.07,0
3.1710152757206735,-1.2154584896558764,1.0389380352334519,-0.7886734029804383,-0.04070959145913744,1.4707273229207922,0.5165356195809502,-3.4929481568456042,2.407599560139307,1.8545028671991637,139525.65881235,135.78,0
1.2146618609866726,0.7327317251615815,1.61851707701712,-0.9169461128499585,-3.1321937009741534,0.8226477314829806,-1.5591891271668554,-0.7930486601778374,-0.1971603954002057,-0.8521660397907791,139595.7787674495,13.19,0
0.18652151003776696,-1.4640826440543573,1.4739766768488702,0.19983982842909798,-1.336576588567954,1.5156430534208696,-1.1994182255213857,-1.0852629404337089,1.600383668520325,1.2522952245886505,139643.20158873126,37.07,0
0.15284276620812265,2.344884548245891,-1.2960018269352525,-0.7056897559392676,1.4413855968826774,-1.7328609882904378,2.2478597429905283,0.704601050730078,0.8288379925202282,0.9909141593393324,139663.04428959358,14.47,0
-2.8931016073661535,4.450560703885041,1.2690065575807683,-2.123034956419448,1.063116837628168,-0.527158898506645,10.075951586716773,-1.7591311019422604,1.3593919182298504,2.0970167287442867,139691.06175452447,97.47,0
1.7866839891292086,-3.245176567850177,-0.4045106183801137,1.9049407505210216,-1.7338732701734914,1.715025487568163,-7.811485622412647,0.2450422309194411,2.748912714969114,0.01928777881743049,139692.5116808298,42.81,0
-1.7691516340415814,2.8491054689323443,0.04915840063731891,-0.4605110868482637,1.1850501618936735,-0.6548725420285724,5.44882209914708,-0.8104990772439811,1.3323776227813424,0.8633386027111183,139799.2850424017,29.12,0
0.8383719490370649,0.38030687508790373,-2.327666271217458,-1.1993664202780812,2.4110863029806477,-0.31488330699420475,1.4233239636843131,0.1088766708179818,1.4003641192335852,0.7184803557176733,139857.60766668717,33.01,1
0.08228048737289528,-2.9833254120894104,-0.6562058922406591,2.3093586053652135,-2.9286579400477275,1.6993127175196752,-7.851584686072941,0.573440898264916,2.1348124219756306,0.5331812030560252,139884.37771245893,125.28,0
1.5207812303227028,1.2530763173863617,3.1656667872354376,-1.1653165621383073,0.1599594720472337,-0.3293194433659776,4.758016047919099,-2.64241001863246,-0.12395933490986644,1.3934062488881465,139946.3042436809,53.45,0
-3.3218732475373924,1.184530819498334,-2.336227202934671,0.8705209735647204,-1.5591569885888603,-2.053305446907721,3.443504880582739,-1.3416879154308414,-0.5762288232973678,7.561485391114551,139987.59460056244,83.25,0
-0.42785123296982874,-2.8059711321701712,-0.2169429021491125,2.893981210202934,-2.95979637338791,1.5644577786501515,-7.374784926717684,0.3805237011555138,2.310182305170936,0.7668726904627594,140063.61555910073,148.77,0
-0.8933378479650422,-0.15791552681938503,0.7669252655099463,0.1316324693249089,-5.236625292574551,1.8935713032665835,-4.9399538043393605,0.32380690434617154,1.2903227698917679,-0.06155363995791463,140119.8187981683,151.81,0
0.5100353024972726,-1.125117458258896,0.7076803465828438,1.7274625189275077,1.2714553419675845,-0.9061029455651695,0.3129338065877407,-0.8829017750077203,1.7868431544484484,3.5825918803632972,140162.18744450377,26.89,0
-1.660351041649073,2.1642806960639245,-1.9554135816430955,0.319101370879747,0.5158201441319672,-0.5863938569210028,2.224288795511848,-0.29600051902041746,3.3270683798635154,2.5940181882866584,140273.81938197577,198.99,0
0.941472870225885,1.2167852859552897,-1.6150266139152412,-1.303948320207194,1.9032350564634286,0.5693041111927729,1.2609925557346844,-0.13518183316769905,2.637155918081617,-1.2332638019786049,140451.76522209644,2.64,0
0.7282670202969218,0.9238474162177028,3.610006325398177,-0.4088854561748454,1.5839365696655405,-1.2296139845075433,6.942328560179138,-2.8303188805186714,-1.6721366285622747,1.9643809912308057,140469.2943776774,31.74,0
-0.05051095268069061,1.4185334818929118,2.642280012364722,-0.13536719701769928,-1.3477019288702246,-0.3078415213322133,2.2293316407945856,-1.1467010196071143,-0.3683163041566022,0.45491584868077595,140483.93565014095,147.99,0
-0.07789452819367337,-1.536092534974015,0.32697500337861973,2.9960997239680687,-0.13551709426116,-0.2229820809482456,-2.2324480642730595,-0.8632371661894488,2.200343989569199,2.609649719418106,140623.77940536072,21.87,0
2.9991359790229266,-0.5536821248826561,1.609727498398443,-0.4665361251839397,-0.3529431995151452,1.067274491389703,1.3578728965070772,-3.900723508152926,2.0332817574379414,1.9190438774867764,140654.06257064006,21.73,0
1.803425174526612,-1.0408657328923168,0.32149950787165316,0.04225342520866082,-2.34696507557687,1.277763147645128,-4.519610294746496,-0.3059264747193877,1.5617316840450408,-0.24736687732199747,140680.91847015277,24.43,0
-1.9784371015583466,0.10900931782601075,1.1082792251639044,-2.04303107005999,-2.7424584376105874,1.068010315801191,1.5301844958548427,0.05947299385017546,-3.696736875664457,-0.8050805596435033,140740.1537913681,62.59,0
2.1562005437831715,-1.9790145279539855,0.6801032831781226,1.7012809246686964,-1.5019521321640972,0.5272749288907248,-5.347318255970157,-0.2939930007552757,0.19419562326459494,-0.9401127922461345,140758.51165598282,38.49,0
3.8520442998701614,-2.4290930180688126,-0.1394931658136389,0.09635410709334857,-0.5211181836475423,1.2890494394659904,-4.009402339208655,-1.9033011779252562,2.5727911090388957,1.4411858442118854,140775.14961388614,85.33,0
-0.6781299969981622,1.7228066388585477,-0.09257219982075326,-3.4702687303025037,4.738312808105457,0.2687273310136135,4.551045234658787,3.043317279781035,2.6844188110435887,-2.0060449221114047,140801.77965539732,147.44,0
0.35049834376199374,-2.91695156696915,-0.6543666761373894,2.4225577471635535,-3.627382027459388,1.0327513666266688,-10.520382400927055,2.5714844967879187,0.4178355833558386,-1.3932834028330485,140821.58509180517,73.9,0
5.019020041858188,-2.0421889472688224,1.7985530708417752,-1.7967088523850472,-1.8835026099865213,2.824229779463595,-2.8656316394576096,-3.2597056921277483,0.705932295209219,-1.8077151572869488,140911.73483699534,15.87,0
-2.2157695807692197,0.10923012348349825,-1.3986257990611002,-0.7516627707212103,0.3835974386979758,-1.3319729120889006,1.288539284942556,1.9556989175153086,-1.2622618380281279,3.008987627441937,140975.96399837875,176.39,0
1.1828226869112943,0.7791881302939561,-0.1431987447426425,-2.858803505788999,2.8446944097891143,1.091004662415939,4.374888139134611,-0.8964101766371251,0.24984261805296681,-2.497622911875933,140995.63105377706,20.97,0
-0.3337649868742727,-2.897486000141032,-2.5964829227886588,-1.7499362294768583,1.6628108108618274,2.553635518650436,2.5304016381707157,-2.6456381998437637,0.14277215945434918,1.7461362464931018,141108.38314068853,11.56,0
0.6180296289775788,-0.8593508387758195,0.5879741094769826,0.5830845616239819,-2.315433581682231,1.4056638247199418,-2.8921834158954334,-1.0480910127116498,1.4935829762278747,0.19874859849103654,141139.49181217392,7.13,0
-0.8660009422633929,0.16905603406347336,-0.6370348099664982,-2.6889141438737196,1.9837718973499485,3.048438805945984,6.861381353828108,-3.661197997668083,2.235565561954483,0.037271411103726004,141173.0911765734,54.87,0
-0.4810059152955215,0.25760021053850457,-1.3778763826952434,-1.6644424236806512,3.079656489128817,1.3485137676292172,7.886915795056469,-4.189761458599289,1.4566230981370942,2.0600934562939863,141190.05386003558,8.85,0
-3.2045059449022975,-3.1432212562423896,3.4810446112903977,1.4791383608475575,-5.256590346156831,3.795461131057681,-0.4151116265727014,-3.617978710241132,-2.112489460697206,0.5079678792112619,141199.7429402931,102.24,1
0.6872671656009173,-3.1800189701975783,-0.1436625666073954,2.1661974366640466,-2.8312292302841175,1.7140151249587292,-8.914558998440272,1.3080367798538188,1.8898764862612565,-0.621454641515816,141215.9961947701,24.19,0
-1.4339239057322821,1.3913776880020063,-1.2681199743340184,-0.3652911259957209,0.007160799481912283,-0.10378865584775432,0.5760600422068476,0.9559435107795664,1.8648845020516454,0.7241656265239453,141229.05464951892,22.5,0
1.4270425525228438,-1.515856060788265,0.07231027439395687,1.035485887547797,-3.2903860353348033,2.135483656985856,-4.08907257426445,-2.621257690282158,2.596276037581231,1.22187911342046,141230.3579504473,61.25,0
-0.2865390578605911,0.2982754169675981,-1.5485669471156362,-1.3955815694513833,3.350233425493257,1.1240046607535152,7.237837822606831,-3.7488129313809875,1.7507554421648353,1.7847004847939982,141248.0760144957,111.3,0
-1.1112021899425737,-0.05499086204913217,-2.3365850838188136,-0.2806309001699132,0.5416944619584939,-0.8321998372949233,0.41103874085483433,0.7669127867862748,0.19347212925805468,2.8348304842062335,141254.24746840258,94.13,0
0.4398149328444221,2.0942486792389063,0.05117343234989957,-2.562580487897813,1.3107402993767376,1.3024173350285442,3.957630680552368,-0.9421761025939966,1.7713913410600273,-2.3265326073085038,141255.3096272779,20.79,0
-0.8541611423434307,1.79863040943292,-0.06593983198855435,-1.6192757080992506,1.9040274163121185,-0.498457017083656,8.68039484612522,-3.311863546521191,-1.1019319437410773,2.328398878485392,141313.3049992801,19.29,0
0.7772809513316625,0.05237134500354457,2.8708667042376446,0.803899645050848,2.6250206999310794,-1.0519039213970542,5.710440663914593,-2.7739223104779365,0.2266709269762609,2.49944247187581,141321.75255504373,220.39,0
-2.2955160022208583,1.4599700875402777,-0.7270575876606591,-1.12565366251978,2.004537614637433,-1.103170968357361,6.439051206449,-0.5232901930763831,-0.05053716231538452,3.4360313541598617,141344.70176777395,1.54,0
2.3090504324387355,-0.33010752685083056,2.121506802068806,-0.652165408743703,-1.370742288674172,0.8295402826289263,0.16023179539509244,-2.3607930001890267,0.25091770893908394,0.40323397413796913,141352.95155140682,138.67,0
-0.4340089819521057,1.1726278974370246,-2.8016374681483827,2.2428377362143213,2.2977947790778055,-1.741435722511277,1.9095521387731382,-1.2773020890471096,2.3964327101649605,2.8193121664400316,141478.31165484397,15.48,0
0.8283043030538242,-0.1868857164843698,-3.407602009844714,0.4926838141950609,1.297134499566012,0.04115565532950681,-3.1486236034953503,1.0816156253157603,3.2090673318203615,0.08956102671042987,141534.17519529417,192.28,0
-2.7870195056851355,1.9246608784169572,1.3282496278073972,-1.6760293692293389,-1.0111958288595382,0.9612423909917167,10.789883092111122,-5.761555356469422,-2.330016142655201,3.0290417588323586,141540.8804941017,28.24,0
-1.3394180826809237,0.6307395115131582,-0.9223643945990336,-0.8533394107634483,1.3006937745333953,0.23618875631213135,4.495472065365222,-1.459409966887742,0.3066517324952701,1.5733973691010164,141555.83490894936,38.73,0
-0.5386551774665078,-2.070009957078593,0.9677582772099769,1.2990865120343833,-3.57833155183748,1.2414127248543732,-5.860729506977635,0.9761503449568896,-0.20271855368716762,-0.1588414802732716,141816.29658049947,80.82,0
1.315653633420974,0.9373709001314592,4.247077488348447,-1.0416446983486725,-0.05795797253039692,0.841981465732779,6.624826515726971,-4.7184982264204205,0.01743488677694871,1.0616155636858564,141865.51978929155,58.59,0
3.8120241550181007,0.6551715666000777,4.174701487310352,-1.47370387865391,2.6916663446952502,-1.4698203621231534,6.815382413258257,-3.3704961060546337,-2.753936874171752,0.2915408008495426,141903.06322467915,25.87,0
-1.0709682056008873,2.5306649925301414,0.4103414035475901,-2.2870320219672946,3.5322384458746625,3.364194428578454,10.746709688416539,-5.275557003382535,5.232038205808776,-1.2745756290281252,141913.26224732382,53.46,0
0.5082754467803487,-2.5139313496619824,-0.5376778769799828,3.3355275720803954,-2.468940744880471,0.7540953058969224,-6.542059738167518,-0.7168933053402792,2.171269986262928,1.801134492572909,141935.90910923996,86.28,0
-1.7532067643237295,3.7275482261165114,0.8978702153817371,-2.820350210759567,1.600788243630657,0.5555165875267238,6.6276403695743396,0.19912657712188153,2.8370276261732688,-0.7936712927455194,141978.8559243695,3.81,0
-3.6812073880414213,2.607851128734886,1.150110214425403,-2.8421198992206387,0.2569411048317153,0.2991323347284092,8.211322432770165,-0.48260278405967405,-0.03050512110908099,2.191305660280893,142012.38756995008,1.73,0
-2.1124580838556115,-4.220335602692581,4.011511137614338,2.443438988530489,1.723936783850633,3.5806054990968805,0.8803103444379176,-1.735699633388743,3.2073024754248287,-0.39172576782367274,142017.41824537356,32.07,1
-0.2037629437548234,0.39511946115284724,1.23582542687916,0.8928634817615692,-1.6422146400123787,-0.13343199205383127,-1.2544598475027218,-0.0042950072179909204,0.5967389947972939,0.47324528383798437,142059.42615171897,10.19,0
2.401825864851201,-4.867346303447697,-1.9053705644224093,3.885865900098807,-0.9536654791869899,0.6621794916270426,-10.785224442093554,0.7878961485394731,2.832052336570297,1.5641859062385657,142072.68444187794,71.96,0
-0.9075775140106884,-0.6512890853690707,-1.9862754885421166,0.05709033144496489,-1.4477512844593763,1.290953094128118,-2.031278134048232,-0.24971234810406906,0.9696998227870045,0.3542158499509821,142107.47329282924,16.66,0
-3.513416900144753,2.96238601929634,1.247077242801708,-3.0343410722779716,1.086971352679253,-0.22982270606587057,8.333887603068854,0.4571069391491145,0.12021340386961343,1.8507656816631055,142114.58616987852,37.86,0
-3.7457930879114443,-0.4460940067912027,1.9532596115214798,3.3137487130343306,-0.7779632769346454,-1.3824897310706,-2.403685224271373,3.460395655726402,-1.1503479993990844,-0.20980658722266066,142124.64139601757,15.32,0
-1.3750588281259104,1.762091893279031,-1.0254319234668332,-1.8496575380693594,3.200821466743517,-2.419331737360682,5.095212891081892,2.050865761174372,-0.3530311541960178,2.988179416927869,142134.0124695892,52.68,0
-2.401747149121608,0.4179192362692947,-1.8049786899872275,0.4332494074999089,-0.811324292620428,-2.338065349716474,2.902600796991621,-0.5422364772294366,-2.6594537574773383,5.909077531399309,142134.4355771236,9.02,0
-0.9294927608180685,-0.3379412063393783,-0.8108707028727098,-1.9806362242692654,-0.11315775081432689,2.1589236178498727,0.5683693375612856,0.1514117522013576,1.038715878894532,-1.2092609781640995,142145.37688198895,2.52,0
-0.7443172758145644,1.131184678941196,-1.547877026231947,-0.12894172002649884,0.9641658786460543,-0.16576126237288075,2.8226395365933525,-1.2314072085079066,1.4240703063367104,1.5464820305031348,142147.75423916362,4.41,0
0.1016860760129108,-1.4558051014366113,-1.4729616541062351,-1.489999335792518,-1.0252362990646953,0.33967600441814916,-1.880359707373446,0.9616507670305254,-2.738858648257569,0.0634299258694292,142211.60151121742,201.51,0
-1.2666698315560918,1.6450454656523843,-1.996032302255124,0.3344019575623107,2.245048782080863,-2.96596078974799,5.950574600139621,-1.321535722731583,-0.7020191645829241,5.5679178686361865,142309.82475852233,10.98,0
-0.2696750666417542,1.0000230162354526,2.423382728562844,-0.9822869470322038,-1.1500306221662173,0.09769073103791923,2.909056130576162,-1.202383883436911,0.2041339390341378,1.739845031452281,142322.15993742264,81.12,0
-1.4606965372413814,0.25913986626301866,-2.6901511789899493,-0.22225548724872335,1.4199829081738535,-1.8518561069074075,3.1461914911625626,-0.189172909353455,-0.2814034501661027,5.347276556749954,142350.97839343973,5.57,0
0.5492899330974816,0.918144694233948,-1.0075257294312365,-0.9578210567373383,2.381794689840558,2.4088986519440505,5.3353948158908,-4.232359224633495,3.322634046681745,-1.4077258769972518,142468.6782420661,8.44,0
1.9725994439196046,-3.6455452438869522,-0.6784248289809274,1.6789037745320372,-2.554458565403629,2.412847840530818,-8.935385948056012,0.03472805600720341,2.9537905819762518,-0.23627775344033863,142504.8709118658,47.22,0
-0.5294422913786501,-1.0787323912233915,-1.6797549177788116,-1.7577317300483264,-0.22017655684600546,-1.0844869618159994,-1.2444084762296097,2.5918707612288143,-3.1618291049372633,1.7461599017491602,142515.63141356292,41.64,0
-1.0046916537639838,2.4096436413330524,-1.3241198092061,-0.4975704353120892,0.9950526992202815,-0.3468994545418417,3.287872771163661,-0.5714299288971744,2.792302157021471,1.3802582308145006,142568.53807911472,197.81,0
2.52922539417002,-1.3650287781438406,0.672927992008648,1.0621593169210612,-2.372509422811902,1.2543604844920409,-4.604846733172658,-1.6303292920485362,1.155261439372779,-0.6381581791547557,142631.82676061822,189.33,0
3.696266227080566,2.625155712909047,1.0157495017586862,-1.9443173808660328,1.162552809635196,-0.9826570265792056,6.800604611777541,-5.0368769157820825,2.0741202516153265,3.9333831352793154,142682.85242968326,99.3,0
0.49934590819050917,-0.4867697714137166,-0.11756760547379042,-0.8262519880106687,-3.16567813210187,2.332485788737599,-2.1924917173119964,-1.8539779245369534,4.59144449302981,3.3084742340212223,142701.134497591,60.9,0
-0.40244825506162574,0.05502853075247138,1.6755691702089588,2.013077705358387,0.1165192886237072,-1.0938595026532285,1.330853875954936,-1.104564831237622,-0.34779956427860315,1.5439145895973883,142729.03515595655,40.45,0
0.48933911072608316,-1.0738106286805782,-2.3563776853283116,-0.7508340762809446,-0.4056507246784484,1.4034603076037082,-0.7786940463117656,-1.438582896031688,0.40068531101727134,0.3923655662800374,142744.4865076369,29.62,0
-0.24529518605197853,1.3394893071245793,-2.173060481352856,1.0649007723412351,1.1084482737305674,-1.1410178733200926,1.4928790352734829,-0.9849838503066405,1.6367449133064964,1.863707198791823,142811.85014341775,192.04,0
-0.5259475411925298,0.5912953351998234,-3.440059639763664,1.0667485632102203,1.899782248692445,-3.87384772006703,1.6550716224840671,0.6165902637051659,-1.0367987198199753,6.11062110414404,142828.025620285,61.03,0
-2.4926402073778986,-1.162418725465638,-0.9777091109009114,-0.413169465920293,-2.451628563267742,-0.18678203548746408,-0.5337011353638139,0.6956405303577349,-3.477585612980505,2.562547851205161,142855.03176332903,57.24,0
-3.399189618270202,3.48646700307143,-0.026157929821592596,0.7303466408250328,-0.6861067449789438,0.8800319735606097,8.508285311080657,-5.19321977352658,3.332181290858357,3.228791159149288,142881.15933609175,18.15,0
1.8438702034792929,-1.082993432499612,1.6838221785550083,-0.3141673026205474,1.6391673316594315,0.38623161651710275,1.269679266138939,-1.246664579677527,1.1355192194010213,0.6961905865727163,142957.8114745961,4.11,0
0.9722750984809915,-0.6085624455122745,1.5357716667881427,0.6883380486244706,-1.6987304025237622,0.9421943029264945,-1.571850596104562,-1.4361727613792108,1.0725190904461834,0.21253422407827172,142993.09207409262,189.75,0
0.8906566131917705,-1.259381194043054,1.6329854238545034,1.2123436703948793,0.561436310381582,-0.31452656142395347,-0.3662980361698707,-0.6781275798507418,0.7085351530958339,1.6091354666321935,142995.26973996917,25.47,0
1.2834579174911018,-1.977979997833381,0.6823240618762456,1.5958427667840278,0.3695802151593408,0.29465935544057636,-2.8409624786600163,-0.2294827050323035,1.0499349478748454,0.2388979399365483,142998.54835395588,38.99,0
-1.058214214581954,-2.543700687038064,0.12213217040466984,3.1493927009688463,-0.8262481860772195,-0.3737639897478178,-5.509897191319581,1.9796333064849883,0.7278270493839991,1.4522213095105012,143001.16743295532,8.91,0
-0.5926696420710892,1.718641806989733,-0.6824777740264913,-0.5837405813448606,1.702914430134002,-0.16213300900403985,6.0723172702606645,-2.7610632484817144,0.6805966591402746,1.3556337995896774,143121.47082115134,118.88,0
1.61434471729042,-2.5218625505795895,-1.092701559986764,0.6327941402400737,-3.7269043196324403,2.0949709363237123,-9.515964761412945,1.2439512681281841,2.7566155822486396,-0.20662170712803962,143159.49494480743,2.82,0
-0.16238956707398366,-0.06928581590934291,0.6080339190156331,1.9318837871283137,-0.46555125395373154,-0.8485667323184923,-1.560595295220211,0.22461717247773727,1.1037443116686358,1.4104627729039345,143174.40731817085,117.72,0
1.809359916260533,-2.1621787505179353,-1.4112859210531385,1.1991369092702184,-3.999915064952445,2.4156041137375777,-7.752431655173196,-1.337456734913,3.453820296262909,0.9265418542793196,143205.8415814534,10.83,0
1.3525982771469693,-0.23918805791064024,-2.876156852189621,-0.18580146659416785,1.6898524892746691,-0.40047297746704547,-0.35762040386680194,-0.4390617064141267,0.9581031737590948,0.7932959656449597,143231.04562451493,142.47,0
3.905676440088429,-1.902131994753435,-0.09486129699615242,0.49068068168059986,1.7355977000800822,-0.42347629768403217,0.21077905911569228,-3.1681941895353956,1.8556750134942628,3.950161984663733,143236.59393323705,86.05,0
-1.5730936071093367,1.273509619829479,-0.5737877919730696,-2.122986625940572,2.651101704576405,-1.806588140131584,6.962827351130054,0.14674562947837844,-1.719938285083376,3.4954916092974653,143300.75892193537,12.7,0
2.728746448865385,-0.7515338983186618,2.7775360879096382,-0.48008747668577434,1.3622105561919424,-0.10802345635652737,3.493074781151101,-3.1326506314561913,-0.702603366715675,1.177436752310713,143319.39808760874,55.23,0
1.26278724813037,-1.5685853464356851,2.0115343829383034,-0.20035673999257386,-2.8243668336879266,2.329563530135773,-2.3518915511414917,-1.970699784880689,0.5737440722419442,-0.5243980587203083,143379.38368060443,25.37,0
2.0536595574696976,-0.8420397927999982,2.4895371423252115,0.49435965176376917,0.5061316401390008,0.3436537887113665,0.6098579410839725,-1.871474203976988,0.2899345872983835,-0.24795320302901436,143461.99259717614,13.76,0
-0.2674436840097991,-1.9547010454448646,-0.2106760730081776,2.1213543706555265,-0.16042379730723266,0.5162870836081731,-3.0803010223957816,-0.03445648201784712,2.5852987192034673,2.0369888664445557,143531.0336657196,128.42,0
-0.8260411622394549,-0.09172756142961647,-1.3780373095775278,-1.498240633619326,1.5991952180490796,-0.011439981910157122,2.686820365733824,0.1858422230304011,-0.20628825471460632,1.3698375050512597,143588.01675831582,34.59,0
-0.08461473833275568,-1.5009924072982805,-2.5611875302423037,-1.067668426444581,1.1299278018143775,-0.9163128051805624,-0.2622084331595205,1.1495084091811658,-1.9467811227203153,2.5037246291200903,143661.34328585066,34.05,0
-1.3844337124326085,0.747500782083226,1.683242542051416,0.04839252607896394,-3.543715634383026,0.36218152017864,-1.955883206829291,0.9828375024652798,-0.40704316763584547,-0.12818181376961002,143717.24914717366,13.1,0
-2.7949365153231334,1.2765655659136956,0.5408311753253907,-1.3995560307022776,-1.9645740251318773,-1.712768481704678,2.2401623744974466,1.8965898535920651,-4.056487841938546,2.302465584563137,143792.78595109782,32.39,0
-0.5306002224676354,2.563247683734936,4.826221057726071,-1.1656850561159189,1.08475409016885,-1.2928494206253875,9.6410683894261,-2.872912901881229,-1.3862983328194978,2.2618732796899903,143832.41965341993,134.43,0
-0.42033616940932994,0.8289594850160651,0.09748657930817506,1.851265525752041,-1.1826025109555558,-1.3883723764992353,-0.4039695018775993,-0.6140010558592677,0.9451711543642545,2.9533682929472773,143846.08833031286,30.33,0
-1.5912507032179555,-1.0299774880275665,0.4471233602791064,3.491608121039761,1.2525783017020848,-2.3781290216644355,-1.1326740945399583,1.5636432727300238,0.2416209520257835,3.28858212821896,143913.08910901324,197.84,0
1.6374429710019611,-0.8835255452862318,1.2501133096699482,1.0908779261744552,-1.1498602339739707,-0.3169928236009024,-2.5078765957025086,-0.5300533545654895,-0.43386741258753414,0.27350732912575193,143930.2548512266,191.09,0
-1.627907937768832,-0.6455077794545974,-0.616131974469383,-2.954261545640467,1.9967155898317202,3.075781314149366,3.1718976191527912,0.16116209549076732,2.4723358640206614,-1.3409050346580424,144053.68501010977,11.17,0
-1.3343901273571606,1.6173436437421387,-0.4274633875837216,-0.6618693738812504,0.42158969645907085,0.035186075852204055,2.2785966225114787,0.26788325895999066,1.0535718486188692,-0.12327246292875094,144054.7134228148,13.69,0
-2.611487306055921,1.3490086217416264,-0.7779509579903544,-1.193588062012302,0.9475530350896816,1.0774372627271904,6.0660624842340365,-2.0182091864468004,2.3002411069008284,2.4580102666126358,144140.18636171677,130.05,0
0.436660127302539,-2.524939152616079,0.9864087098891647,1.355768948821673,-2.053900539533543,1.937713897721031,-4.821920111607017,-0.3086429397587205,1.2027116513218417,-0.6030081472024529,144214.00535617245,33.42,0
-1.789132997495743,0.7994941189574103,-0.741241519529031,-1.7777791725237677,1.3304666106739105,-1.3311027045683297,2.82127598124453,2.221642681534931,-1.139612636597302,2.028089863057164,144275.9449189189,1.28,0
2.7393708963046004,-3.47518765617964,-0.3383978823083642,0.6876100773798629,1.5857672821920374,-1.0279961005339082,-2.6504600734235146,-0.008368509930541501,-1.820452922573366,2.2140440065184293,144278.87714399296,124.44,1
-3.080788388098551,0.7044176311177245,1.035042442776089,-3.5214588983485426,-0.429252652393765,1.6583021276520113,4.369886341166673,1.0576120349694769,-0.8091170842821946,-0.15769026857578394,144340.27123782033,60.17,0
-0.5257123447931682,-0.9584819925362359,0.5301246355291471,0.7185955587266705,-2.50130453759773,1.5330646499797431,-2.3611188984028484,-0.936945599361137,2.0185389874350292,1.4195082794340768,144370.98300825118,105.38,0
-0.48950827635888694,-1.791286764504778,0.05321487634609956,2.910647728201369,0.5559146544897839,-0.4106504092547891,-2.696003742659798,0.3848012248614747,2.1236864470319246,2.247156285262284,144430.72034293716,10.31,0
1.4426893011439699,-1.4067639693636038,-3.4003680754491468,0.3982196331248571,0.7014035992041961,0.8189103327473778,-2.5494472483246517,-1.0489228698160828,1.4053721506173056,0.15847330040413365,144457.36482450916,8.61,0
-0.49282856125021457,0.2782263833453309,-0.3272791705021022,-1.3954961189113506,0.9671390025807388,2.014906246411017,2.913524738259635,-1.5163654673022442,1.1759669030750177,-1.7769013344890023,144481.1391142126,166.9,0
1.7041296991989099,1.588160331028151,2.1590344949147915,-0.519311544920714,-1.1695494280343013,-0.9681491878172817,2.427881208186716,-2.1370786761011202,-0.3134131111967944,1.8099255036996618,144635.90314124254,91.41,0
-2.181311383934808,3.101422304496671,1.285016017482675,-1.9576424981143643,1.8803486482898526,1.2514519265751647,7.6074376444606004,-1.2224901460202324,2.608299254675164,-1.359564610434966,144640.70644198003,58.92,0
4.37929797875822,-1.0807858077748975,1.3154946646208687,-1.3902094709245478,-2.493841185217171,2.179083840181749,-2.7600507627912148,-3.128798130497183,1.4946931216281516,-0.4220875976754652,144654.2716891367,96.3,0
0.9993438308246995,2.971012994905351,0.7057105670921289,-0.3987677326032095,-0.45355056969121355,-1.0938738810328965,4.403702978553215,-3.0726801311916945,3.522311263716082,4.761559699102489,144697.03138428205,37.41,0
-2.8263807114024257,1.686002900748913,0.9882817415978342,-1.4204241838161646,-0.8657979562681575,1.2834124449912594,2.648995239330008,0.7675241812443996,0.7584297090828565,-1.3674179040343617,144790.56717439165,93.35,0
1.7823678403822316,-0.7466490453885303,0.7229646154405945,0.7701741722632008,-1.1181313473086554,0.665234388680459,-1.3862321199701977,-2.182196962225433,2.0976231230937135,1.7575054745952605,144826.32205119345,31.22,0
-2.3615374692532063,0.23029529052607933,-0.7664936604737085,0.8296375763689143,-2.093551531094492,1.0363307158353432,3.0221757190874365,-3.5758203995610263,-0.5541478035080283,2.29719918795422,144833.17967803744,19.19,0
3.6490319241235314,-1.2090181188541138,-0.3145496305178652,-0.5076377345539818,-2.5880124730018643,1.5099305838989203,-3.9802290560628,-2.6037517719990517,3.561897828775662,2.8121810960706073,144846.21676293513,85.87,0
-0.04217022107034407,-1.369798420862708,-1.1226293755261798,-2.9561087070531746,1.320092243140211,2.6450069575096173,2.9521554860912373,-1.5426310984705198,0.1066893353467866,-0.6594925377114003,144863.20017408463,36.37,0
1.1614437172539334,-1.2215472920474515,0.02783064249259093,-1.1981436718371297,0.4063871217397883,0.33066569901656484,0.5688966928275784,-0.7846263962440976,-0.2368118206042058,1.7298856440828438,144891.3888880747,156.78,1
0.3715071955245184,1.9135904254865839,2.028643181204512,-0.256570069623574,0.48134776691928627,-1.6955350748821965,5.7581021266194385,-2.5194137509065833,0.31961176517082046,4.1843683533656915,144961.5893378574,28.95,0
0.5486160464127924,-0.29134814981081925,0.26186870333840007,1.0475904655975024,-0.9297965264552599,-0.15939958403260332,-0.9390315338674352,-1.181872239136936,2.116690212661066,3.004529636209184,144978.73822967225,166.59,0
-2.29095250369604,0.0026269531890341646,2.4018589628462768,3.1909681513117443,-2.469547061778136,1.1068621659770805,-1.3552465507867613,-1.0481115880812384,2.0290425568142636,-0.23248665335344088,145010.3722525956,202.86,1
1.0247275965457163,0.46606930980866446,-1.9323725998370218,-1.1286209581270117,1.8999720281838597,0.7865975754635752,4.065300867286183,-3.2217365427955413,1.310376598782059,0.8638472838744797,145037.6914791172,19.0,0
-2.8753480419732638,-0.3946034334748678,0.0445887397897593,-2.076080746234444,-1.3164985584519182,1.7304391771006227,2.9244437342423764,-0.3991614136295527,-1.217955619768512,1.0531903004017547,145117.71763161293,105.04,0
-1.3970658156990048,-3.300243835966186,-1.238871165053931,3.863549743349531,-3.5800398608288133,1.2746807917126382,-11.429873811973145,3.1579613500650927,2.1985730810066366,-0.46159146392468986,145117.83495783465,37.89,0
1.693392921149714,0.2878518034898099,1.2857353751475784,-0.808518782142801,-0.7432463637572455,1.439429750246405,3.0079156046441002,-4.351627603448594,3.1011330838803177,2.9331213080992145,145128.03313536927,163.19,0
0.16110160394795137,1.6517667558351987,-2.0723503558932697,0.01965513381407291,1.7842714723729534,0.9130490463149811,4.424205862618687,-3.687842515134611,3.969089120408659,1.19917778835485,145170.67595429375,39.87,0
0.7253320474829696,-3.216694653319196,1.8259695787687655,1.6661540679620628,-1.2681170946709797,1.420224491774383,-4.918115295640706,0.30578927367991615,-0.44405983090589474,-1.4672351151118659,145273.48324033536,89.64,0
-2.6604035719424477,1.2419242268171051,0.25389298955036543,-2.586865498813583,2.039177066140727,1.1689510083901167,8.016365214665408,-1.4069331943912629,0.9542468508529159,1.4847197162307877,145302.60892479942,41.9,0
3.1360651565166293,-1.7947460153540495,-0.06615801546186484,0.7281571432010728,-1.032193774445823,0.4075373669630991,-4.141757811784714,-1.2924496184690148,1.7299245005228063,1.627105627850079,145309.02515762235,17.8,0
-0.5189252390180084,-2.742268008418611,-1.19290060005773,3.432297500472952,-3.0640156221876,0.5821789101057734,-9.265485200933304,1.8059989451313667,2.347060325910185,1.4747665902114568,145402.1371730465,15.45,0
-1.3693786255371783,2.772336496208413,1.1629562685005363,-2.453283960283467,1.8701273141414592,1.5770372426834651,7.2918625869690326,-1.5567217325201002,2.2505725481652314,-1.8904620770460623,145468.01262382942,37.02,0
-3.617778748403806,-0.14484097580559063,0.446698086553599,-2.033644679237752,-1.8810386995170045,1.8833879543698717,4.396541545626353,-1.3360075626019334,-1.582838341865207,1.8035023787195266,145486.12034162454,92.55,0
-3.1468820026178066,0.12516701009559594,0.5434673134508572,-2.488367002828612,-0.07028261020665316,3.0244848260530324,7.549616005131887,-3.4319708883018682,0.2889491545836115,1.1642241360034042,145497.34993940263,61.39,0
3.0926949159147825,-0.19280719053634587,1.608057221058743,-0.7057058018722409,-2.62321708215216,2.1057628370080366,-1.4950756768320859,-3.337696164335078,1.2320518248585288,-1.2572907240717135,145503.35326824558,76.84,0
1.2512057839141428,-3.2215827386717666,-1.3945009667945079,2.4897881261722867,-2.480663501268667,0.7990766553657296,-9.435370251323464,1.3264348598851914,1.4900467879253139,0.4236493971171329,145518.14991785047,22.56,0
-0.1191038770031887,-0.09860953787387028,-3.7053731500227762,1.6860442093218015,0.6350933167362075,-1.7262326669407517,2.3997526927139563,-3.3518077478153607,-0.1184235271618439,5.837876631553171,145620.61669334388,43.68,0
2.6113783647878073,0.9569534744995953,-2.8142514925935664,-0.5138007457071665,2.1588608939936575,-1.9241313464859637,-0.5030068541008452,0.5068556668920394,0.3500857962197589,0.49755434775599905,145726.7617937462,3.95,0
-1.9756696942637402,1.203179539341016,-1.4427204536410938,-1.2142243029809299,2.1935238160847446,-1.6884904677829016,2.2553226884462676,3.0107674958635178,0.818458824071228,2.4606923884221077,145782.66194815515,111.58,0
-0.9194408113230471,2.580410308805795,-1.0190715332233289,-0.6472100297846719,1.9834519608591363,-1.3451260310031368,4.882282320499604,-0.4230828091411324,1.552744666069669,1.9725290053564768,145872.65358187727,299.64,0
1.8909528665207271,-0.12146308920198146,0.8237779776995555,-0.6614079488628826,-1.7812569495124397,0.6463661946684781,-1.2016875963870572,-1.4551245901884893,1.0756991179529787,1.1396267531726612,145879.88980944554,34.95,0
-2.647112092624967,-2.92945380506596,3.24351136052811,-2.0334361309889104,-2.4614457816274777,4.565004220021212,0.3771200292737446,-0.49034088420648525,0.02210473536917612,-0.9698137198813892,145904.90389740563,189.9,1
-1.1551259577100295,1.8861297666163974,-2.8408497807830573,1.5071720461355897,-0.8485424197427045,-1.9527949116859793,3.8273662546274227,-3.599926708866632,0.6611985992834446,6.44446274120043,145938.13606686017,13.1,0
0.821132288770595,-1.7055034216540357,0.2140994488246537,1.2202584076165695,-2.9007397878858914,0.794332206865944,-4.705532657379492,-0.6333384674735193,1.2884132589035633,2.0211361471866676,145958.26909079077,69.71,0
1.5775691905983171,1.2684978593624499,-2.9996246171705723,0.3702908491581274,1.5920594759035374,-1.1376544155641188,0.7651694692174796,-1.3375318447234963,2.0027981108103114,1.5520986631034561,145978.5418185982,62.55,0
0.21679120831156684,0.3661460348711756,-2.269813181962445,0.3997880334977735,0.9238629665917795,-2.578556781540819,0.2708221454176928,0.7203655800138269,-1.8303128478195712,2.7373933196998443,145993.76889210357,101.78,0
-1.2720881018598629,-0.6741773421289279,-0.0726594461944372,-3.19017992999899,2.213893922964151,0.4961130095449972,2.5683979844543274,2.56533398573657,-1.5986872097143792,-0.7942815318511034,145994.45373552176,20.04,0
-1.3697321095346338,0.4246050754882782,0.7600692240365143,3.3232942694823175,0.6790809719738471,-2.87511091791564,0.029170206583021042,0.9835261353164797,-0.5457480041039235,2.5153692549080233,146036.88313851482,94.75,0
-4.021377169089689,3.3871533933342075,1.9811805783334746,-3.3726612415410506,2.4843749455165476,0.5131796041427871,10.418574203767836,0.27036503721510097,1.4994982506085335,0.6746773627405727,146120.4339246559,76.71,0
-0.6457744037943605,1.6471773531428051,-1.774870461598087,-0.1556449533106259,2.8422057270519203,-0.2789162049629844,3.6602037677334,-0.6277744518335339,3.362494339210275,1.1103849041381753,146175.22477631213,26.34,0
-0.8879504016594595,2.3272857998519605,3.1774177869301985,0.8056536620714372,3.518451595529756,-3.285369727056636,8.938614720117936,-1.408034142008474,-0.7364231804669843,3.6970329840012974,146266.95601172475,52.25,0
2.795937304311156,-0.7200599701633106,2.22361921916362,0.05880569785964984,1.6862405030970913,0.25338513068523205,3.6343775848512134,-4.042694858673506,1.8278292009339694,2.6325554290059574,146277.67772568006,11.36,0
-0.6901548227387095,1.611550230191995,0.8608142642615229,1.2531406721658764,2.422453003078252,-1.5247203611750413,4.826685586150909,-1.4027828456980038,3.3891933070640072,4.01455572255545,146356.21800698005,40.16,0
-0.14589909824177072,0.030148075035751454,-1.891992653912955,-1.8986627768981168,2.1710904439489784,0.10211290798178903,4.041725079170223,-1.0846807865647836,0.2923703305502784,2.1403316597761126,146372.11090281783,139.47,0
-1.1495481702650827,2.3595004827006503,0.5254794695525098,-3.070323628964803,2.9488298848240313,0.3175014479428685,6.278354305092922,0.7846651652889767,1.5228377804509554,-0.9556752883266808,146428.63440273338,36.54,0
0.047766694705352886,0.13324321171347342,0.9966447191148651,0.9794916162116253,0.21646329455171198,-0.3443165604799993,1.4784842841390486,-1.4741483411878802,1.9852391426716984,2.825379684297992,146541.67308313644,119.94,0
-1.7561879379601906,1.0670783541988795,-0.6001950524151064,-2.2023778730910357,2.697240796735258,2.333571172663909,7.033522862161709,-2.305829338714782,3.6352745649535736,0.38545903999720776,146553.27581070087,58.99,0
1.481955423697507,1.5714182165676476,-1.0721664424548725,-0.7401682552905687,2.234877660038835,-1.2084665603717262,0.5519828403025928,1.2259425807328652,0.4339673884947134,-1.8343127021717667,146607.90550684268,14.85,0
0.825261482655302,-1.4880628363532833,-2.848110926261916,0.3673696352382463,1.9422911365686275,1.0279711396244458,0.27853735759567294,-2.0127195391215533,1.2563297799271889,0.35471200635292444,146741.00859048718,57.56,0
0.18579613202035516,1.0304255210582312,-1.4050837192609569,-2.1021284599906473,1.3726006042696905,0.43221762198949315,2.3357345324583876,-0.020292993273942073,1.4618035827278137,0.17109886017960307,146745.80533339395,46.84,0
-1.1442580330622287,0.47087755630690853,2.429084375905647,1.0163255949501613,-0.04414283051584289,-0.2937095382248515,2.10172268930184,-0.5703401051474648,1.1910967922218076,1.6659311094778708,146819.0691090567,34.06,0
0.40161128872653984,-3.5985009492639146,-0.10284012085394023,3.866245492621191,-2.6946762846126435,0.6189907235969381,-9.875187773153106,1.7208038556044332,-0.31851676660858685,-1.4428693626059612,146875.7441918584,9.28,0
-1.5659674062256497,0.31786519501142263,-0.39357207755227674,-2.740152186533569,1.6772994330960025,0.44139140692465195,4.396075293693675,0.634561719808113,-0.4407916237962888,0.9342195148721679,146940.13459351793,36.04,0
-1.4780310458793213,-0.15716098080288265,-2.8911624170244323,1.7239414586093997,-0.3873119650755876,0.5281058967638599,-1.27917525348213,-0.8609204619793933,2.9456176600556905,2.0716830917169955,146980.522787485,5.91,0
1.040019221401209,-2.742380620364152,0.7295419497753834,1.8215701130042319,-0.017279144671891622,0.2838561563426376,-3.6613375488915016,-0.00777789834424969,1.3801422644432388,1.7852722069762328,146986.4547949486,7.76,0
-3.4121693480189985,-0.03679007757762531,0.6431437891927994,-2.938001678127403,-0.3653083401217143,1.1573868980200803,4.745099473560029,0.5344890763974854,-1.9290496886237833,1.3739537734806175,147076.41683811287,35.95,0
1.4663120472110147,2.710365885016228,2.8525185491907865,-1.456807964524693,-0.0337375287337387,-1.0962714281231445,6.4160263157377715,-3.154629708843963,-0.47782276809513435,1.8913859814335323,147088.55474762723,24.69,0
0.46532552293089413,1.9700269746814507,-0.9539459940515309,-1.2929409682003612,2.8345039378245502,0.4037966512952508,5.988808414391025,-2.6155420642140705,2.3233032636450535,0.052062971483617715,147126.23269835254,169.84,0
2.3663969664099174,-4.00800374392802,0.21448838395246606,1.38858887907032,-2.2297198056692276,2.908037303277223,-6.73588408246624,-1.77933710684695,2.161435121156054,-0.20032936666980317,147256.96325504372,31.62,0
1.2335939745165725,-3.2480075512813142,-1.2441314718080347,1.7828210093514532,-2.9472948696125214,2.010575529731428,-8.82473982939481,0.3337951329213893,3.0750374106387452,0.8655880329957314,147271.19749479616,93.19,0
-2.90451696176612,4.006434285822523,1.8724123202783218,-2.8381660556754804,1.9048495846587234,-0.8378740203517854,10.496149235900694,-0.60177633710912,-0.17474027114665924,1.328494487282264,147320.1943913037,50.11,0
-0.9124893150655073,3.9206733170386774,0.022771248872799132,-1.796469566723411,3.759957638487691,-1.4769728509545834,10.321136720490758,-2.098594979360847,1.6345272864292113,2.2550587056409706,147400.03390475982,80.15,0
-0.9935149543313875,2.1316492344694145,-1.3306565409246691,0.3248158307683655,0.7282402107462522,0.6525232386792231,3.6048153461786514,-2.402970790676423,3.6204048879967985,0.8731417174620568,147534.03447056646,20.58,0
3.9202745595773436,-2.302015626656078,-0.3986683933604347,0.15603598925390738,-0.8117101156146386,2.0355720534285413,-3.6309327178008863,-3.0733438693068003,3.624537252701474,1.443127968852131,147564.62788989695,185.97,0
-0.40483662960846334,1.8560679700227436,-2.6240192626068906,-0.21934045929630996,3.8272403587628108,-0.13054965925946177,4.955452935398355,-1.626322829188254,5.100467161780222,2.3340522474151806,147637.74413426328,50.09,0
-1.7074078610372738,1.5473640020124282,-0.1992471659981936,-1.530728202294513,1.792260236907655,1.528172185531168,6.6080223946273495,-2.355915425576291,2.420422953736952,0.3988951513696286,147739.51058022276,116.69,0
-2.3796916478854158,3.9305801760307517,0.16254328254638395,0.614627332145026,-0.1950571813679136,0.17341091245719464,8.106511910765905,-4.623186204099205,2.7294753930891296,2.196926786282855,147749.21883992478,30.52,0
-1.5442565227913296,2.0448689528595096,1.9087272426186725,-0.32531408371296244,-2.2121144318525086,0.036089826254053194,2.2075620009369605,-0.6519269897970923,0.8751906894391643,1.3970458589202517,147823.58891710205,7.86,0
2.308270444636423,-1.6604653468165642,0.9717804617793827,-0.38238227485059384,-3.156712469792776,3.285949698740541,-2.765064388659352,-3.6631953891162907,3.0291368601633595,0.5899921782673863,147864.2850151268,73.8,0
-0.09734593034292793,0.9639149046529464,-0.3708144962788176,-2.959991607751177,4.3044451630358695,0.544481218800324,5.587021219712221,0.48216387205606925,1.381371860695135,-1.161604869562443,147864.34968876617,1.51,0
-2.466824060099227,2.080913137067366,1.063165124370288,-1.6086818222072572,-0.45309742225652494,1.8389860969004663,6.753640229390622,-2.846037671843969,0.8931675705869936,-0.11916660531975354,147871.39833891988,42.92,0
-1.9188807838069568,2.2850580136469625,-0.08504067614139077,0.23722783831594185,-0.3693057367197352,1.0218848786046169,4.101569912747161,-2.4013621290558755,2.3935422612541046,0.039509317167223945,148001.4445573421,14.92,0
2.3560601418528924,-0.17085941067770194,-0.4027502479383034,1.3704766809215385,-0.12600512363434557,-0.5346357554657427,-1.0221823296738686,-2.344952538790802,2.484617953416678,2.819892518823716,148009.63226364175,65.17,0
-1.938474947841454,3.1407885798835764,2.0261904742215098,-1.9411616373756448,-0.5700038337989808,-0.1181437045406207,7.665517393237573,-1.9789627859595946,-1.9577003780402222,-0.09694822032908301,148120.5756093845,253.42,0
-0.9500001172011592,-2.5334740831280165,-0.35210687809596375,2.9625821923577327,0.3672408628129169,-0.49598369876754206,-4.963407523490472,2.268154003932988,1.6334205935614876,1.7580078943568052,148186.77194786983,41.58,0
4.115939840807766,-2.3794399032845233,1.931703048279335,-0.10998236951764784,0.20355981980360638,1.7266244734578715,-0.9843667074846275,-3.4648975730533063,0.9830213837322547,-0.30286606588023113,148266.4212300492,111.56,0
-0.4396719415636855,-3.1156893547630142,-3.473420591146154,-1.2457292445090131,-0.4350610463977709,0.6187210954581652,-4.071410741863344,2.0535382723202407,-1.1613120692487682,2.2258456684583097,148292.99478555794,47.07,0
-2.621003139196747,2.2828106954651166,0.29225034042474585,-2.043748477923012,1.2607342698759136,-0.6721275169948916,6.11648343817946,0.6384141372990408,0.12661364253289908,1.8333993234862906,148321.4417508881,45.52,0
-0.9322610407211125,2.4410858472318187,4.081223108939787,-0.40024053694359374,1.2866911796190186,-1.776916712868024,7.831591262938783,-1.4304600034422976,-2.023827919702194,1.0096810157144707,148333.72351847243,174.25,0
-0.12330529410630997,-1.1184941226321485,2.2420134380130357,0.994545851154686,0.041581764581745784,0.6895067262189578,0.060404705032128025,-0.6748973659266784,0.7595278972885733,0.17997881794041415,148394.46747158878,144.45,0
-2.9626697020297597,2.331019479957514,0.48866563655494843,-1.6015623014399702,2.3885861110375126,-0.5000660220943157,9.957312879497016,-1.9889805209000797,0.13237528076221383,2.9942971397762213,148403.53805785713,101.16,0
-1.1910601172784756,-2.1968588974414383,-0.0946195286976359,3.319417387401688,-1.784710600647261,0.04904994795028549,-6.36320545486542,1.8193982729132303,0.575723639514149,0.2569185048671241,148572.51980745237,23.84,0
1.4356705986716047,1.1539131513603484,2.9977219000007445,-0.9119416839315013,1.9532720597016309,-0.13358968402072272,7.706151781257316,-4.317743610895999,0.8229603145787645,2.273066016181811,148629.15023429456,52.19,0
2.3492621320994207,-3.880292676785048,1.4345167714175067,3.0038666036000743,-0.8202909436334036,0.3518150539717392,-6.302123278059444,-0.33885286291134253,-1.3806643146008644,-1.151786922177815,148632.13901078235,17.48,0
-0.5248242928100434,0.5199905869084804,-0.7352619139476306,-1.0440969286210662,-0.2460221412425092,-0.5333399535032374,2.2969226831661547,-0.6299413408160699,-1.5710798468613358,1.6412123565831602,148734.24478669616,187.29,1
-1.662175557394784,-1.9911319812934627,-2.806987579786309,0.3746468002546006,-1.1713493284258463,0.7314343555202858,-1.4896129779274188,-0.4994687982658138,-0.4029329590939368,3.0565339205568254,148844.73537160174,44.03,0
-0.948613541030258,1.2228330273856327,-0.47823346122066357,-1.7906810134979732,1.668087640676456,0.04347207455268383,5.324142822943993,-1.0228087478344767,0.10688347870242743,1.0833076023031427,148900.18817445327,116.81,0
-0.5442932546918973,-0.6325219517816937,0.46352037344250085,0.7656097128438057,-2.403243222628678,1.1864066903128323,-1.9100885068615523,-1.0486348255378801,2.7245397514210374,2.5740406956557766,148916.5553111358,148.14,0
-4.03879416418377,2.0703604706420164,1.4403870772723337,-2.3175458240287803,0.4613139684180926,-0.16879144741223118,9.627553324864628,-1.410480389251866,-1.8346869616338122,3.0428269561512256,148956.10253670916,35.81,0
-0.08842106586650955,1.7998859550281887,-1.6629351374526524,-0.43403655498328664,2.33390679840573,-1.1731717898553657,3.6436152748533814,-0.5506980008961174,1.5735411779696278,1.6384263878353593,148960.97009095337,2.16,0
-0.6448977560435339,1.9613873495828287,1.2583672487000794,-4.127215131593461,3.3014761639724277,1.0113924595839705,7.435656475881241,0.2649475754470816,0.42266060642823466,-2.2055840351706633,148975.65226346988,129.63,0
1.044693917862517,-3.250218702686046,1.124428694698327,2.4113523578084948,-1.7582518318944171,0.8193603313954779,-6.39458881370188,0.425068785683544,-0.2600199565182162,-0.5848915364522582,148988.67384813502,13.45,0
-3.2385971466446257,2.6534722857816555,0.962852202462813,-0.21013579456017317,-1.5574632198040463,2.1357652836453536,7.964484526233788,-5.23982979453847,1.7958745607047928,1.1524808229641583,149016.44887143758,64.22,0
-0.6136480226140859,-0.29877042917370766,1.4417491088009409,1.5850237596141685,-1.1406942509377185,-0.5416016631504194,0.21731584329586387,-1.0481178880739102,0.22472180559546873,2.6054862423255862,149064.2734145781,2.64,0
-2.211488683439295,-1.4613194430006842,1.1155723608305206,3.1363372303392203,-0.4208810641744315,-0.4463828844612437,-3.565157356115077,2.367877091595404,-0.19929011020297693,-0.5625596281793255,149091.3349994699,34.15,0
-1.7434388443257234,0.5680419787876478,-0.3101771713525704,-2.4525629824186455,0.6879063749514287,0.737923966993924,2.79872483655677,1.1583201848740203,0.13800197940911163,0.19799925770038374,149125.85245881308,278.28,0
-1.7216265874562922,-2.918443664918872,5.0668041563064765,-2.3909958442941974,-1.0274628702628301,3.2876538510952362,3.199024886186034,-1.0206557904664502,-0.4425918628863501,1.3099353841653034,149144.27199130255,1228.01,1
5.198157063886687,-0.6119856624625426,0.08470067131192327,-0.6210938718362904,-1.4988417535082077,0.7778831328681995,-1.8726647135808887,-4.049877973894315,1.7654313133152306,1.5834221082356499,149184.0546460114,36.82,0
1.6600905629752747,-5.4333481591747566,-0.8806412715939778,3.8832789482033117,-1.3342267463066273,2.061918705748178,-11.130702386857797,0.9078657662230216,2.1596369783011555,-1.2758186200679882,149221.0118905134,24.85,0
0.680624882554969,-0.8141571391068604,1.906239151096293,1.4719680976722527,-0.7277649506283352,-0.6980177054830432,-1.3401427943681898,-0.22463291084326797,-1.2428185113951358,0.2543000629851063,149361.1055722893,154.06,0
-1.6501961915885714,1.8404342211199254,0.6999923077127197,-3.7700296785976954,2.7027482834782455,0.8777108328151216,8.73442585992002,-0.9149878429015462,0.4608306344305275,0.45270763347582255,149374.0650588533,133.29,0
1.201436813649286,0.1650685242741552,-1.5760213925760955,-0.011177220686636513,-0.7943703007285019,1.769339498589434,0.3490278293301599,-3.453787190213361,1.0508196850119567,-1.2336670560185237,149396.59172551738,18.64,0
-0.08316629124730135,-0.22135702823955383,-0.19738714400330082,-0.5301330831808659,-0.8419066647000583,0.3250797603971326,0.4096173468555215,-0.747179794239892,-0.8811484257861175,0.5882779608145243,149413.0616970866,83.39,1
1.247649788786825,-0.09747078589368086,-0.2837113792437713,0.0226339048219516,-1.298399064960782,0.9956067836635032,-1.20443478653265,-1.8848396794889402,4.49281140353845,3.413403775719743,149424.0266168732,65.13,0
-1.6015596787816309,-0.5697885322116754,-0.6050073016035649,-2.734715852253828,0.9180756133374548,0.6816972120338848,2.164467483905121,1.605649941771571,-1.1252346740008745,0.5283013003205727,149523.10713946007,27.65,0
-3.3779794551159945,1.436725811280881,-0.5932629188108409,-0.7456718762520789,-0.5889967320560767,0.3453134205409325,6.300128356564076,-2.4479588374761456,0.5157812660140855,4.135873123088555,149559.6313544798,73.47,0
2.689678681632189,3.834730441825461,4.212480393755515,-2.9403489511193515,0.9534878386642873,-1.0416023973767994,10.786117814345477,-5.254290437621892,-0.9352657890413971,1.681819415453937,149571.73076392262,3.12,0
-1.2535063139549483,1.680223308339998,0.13731677974822065,-0.5925985285725202,-0.066610670765888,1.2406126958201833,8.657708933856725,-6.17566853531617,-0.17063593682779543,1.866963973089399,149655.84010567056,10.31,0
0.36471323471521666,-1.7085924030386985,1.5583658122713282,1.3416382858067664,-2.6394825402591113,1.4410790878705186,-5.129822308162402,0.39729681679278483,0.5541640244953735,-1.4294432078934451,149661.3254881003,76.37,0
-0.47639038386866717,-0.3118862499841435,0.9808575360556083,2.1770842819310436,-1.8122568031826023,0.26188990285367764,-2.5905726917496614,-0.31181602041029755,0.7848049147403191,-0.21667621106773738,149675.2379899088,16.52,0
2.293178644138223,-0.3531945477057026,0.7099415965795148,0.5673971566427908,2.60879660247751,-0.6351532759236707,3.1487309405262702,-2.949073283882224,3.05412489340902,3.880526412361392,149777.91725863685,127.69,0
1.2043163260960426,2.1455771204341128,-2.648909903965067,0.06465443860900333,4.353674897385702,-1.8586995375133388,0.3402612808332179,2.291092095840095,4.204864521762007,-0.3445175267507121,149823.04252995912,4.92,0
1.4248197048942688,-1.3408252921998578,0.9523184740847012,0.7020517369465605,-0.8961757617438548,0.3912077164020145,-2.221053937985726,-0.8098726096771615,0.620612201601324,0.8827716005117519,149830.0966506419,16.77,0
0.5984856716332185,-2.584726653942388,-0.3078440886804994,2.869212077407191,-0.20905589406970027,-0.1837658210077096,-5.651320703640068,1.0486885788553186,1.4977251014927484,1.1215788917429677,149868.43792585385,426.31,0
-0.4923406124809937,-0.008129740645908878,-1.638492552656039,-1.498423217781015,1.5081896756013453,-0.5515775716382572,1.3820598997928042,1.2177344339521285,-0.35777696062676756,1.2922414351559435,149976.28129305982,37.89,0
1.9589096239823545,-1.6727673144181212,1.5207816211333298,0.7629061292043499,0.37185631671620945,-0.06025874576830594,-1.3587157920880708,-0.7523957032254102,-0.3179496318940793,0.30288649814623037,150000.1960505674,79.9,0
0.9375454362156046,1.2454688428137508,-2.609357719946659,0.1805193989310534,1.9378473334840325,-0.3747614000033717,2.9548840957191818,-2.617695475094501,2.4311377640412433,1.7959789188780872,150014.98155643293,14.11,0
-1.373059675031505,-1.7837506287487832,1.0243427627670856,3.9109836247937095,1.3959181062900843,-1.7941642707307603,-1.4959618196038704,1.1639100736972403,-0.8070084482614637,1.4246060599819916,150037.2772726911,62.18,0
-1.0484617546185926,-0.7477726578401622,-2.278243762987872,-0.40147065761104606,-0.08993097166799635,0.6831317923594372,-0.7806593159506298,0.32028484078181174,0.9499175753756628,1.4312258216148561,150037.48893456816,85.18,0
0.003941325222932779,2.442529415331611,2.9034523032036175,-1.534159507097364,-1.906380645853318,-0.5186177079174662,3.988036818485657,-1.428325438737914,-1.0509225196106584,1.032933409173451,150061.1657380302,25.54,0
-1.6062911000838787,2.042724348464982,-0.7302162967802058,-1.1912091325828136,0.9903311491141641,-1.3797566903686185,3.3888340320465726,1.209367985112892,0.30190061227823217,1.9640710768325134,150071.26623515933,115.76,0
-2.040365638276461,1.8021112661403689,1.4358117563012534,-2.6828521259919618,1.343324880803093,3.215661647377041,7.5479198094777225,-2.536514944903866,2.4671868128775536,-2.4491950385052186,150093.92935113874,61.12,0
-1.137010821442141,-0.6690007243486051,0.5800634863498118,-1.0559027723849745,-1.7221867610264172,1.2132021069297838,1.8907332919001563,-1.7048488261053547,-0.9806963309310466,1.8824135934565809,150098.08342272954,27.78,1
-0.4522806170212693,1.769979809132567,-0.3939846444202729,-2.2094123671292505,2.5896257278689023,-1.1417188516957568,4.066157452241502,1.5339399860187841,-0.054789594083658466,0.23032228760304618,150146.78131792252,54.02,0
0.294217852419944,3.3387520770324803,2.9883570229727385,-1.8324727494349151,-1.075812206804681,0.21878683798163415,6.876807580004226,-3.5958439956933215,1.6691424930011767,2.026915175154813,150318.09136433576,124.45,1
1.1988677910772045,-0.10507337706726871,-2.563325471160607,-0.8266628634245328,1.7768696056285376,1.9587205365834377,3.7971453195025995,-4.607425972500732,2.7092675860298705,0.8599053001160527,150330.67078711995,12.76,0
-1.0350368927857043,0.18806399941269025,-0.6328402109444402,-1.3551611421757273,-0.2477092724041925,1.9223523140464516,4.872688442064969,-3.717741469997592,0.07810295790126931,0.9707734919353767,150353.08541008068,34.5,0
-1.5985915033905636,0.5609400380003347,0.5510704878627528,-3.044001773124793,1.7206881341173506,2.6713806163455445,6.818822557334531,-2.0653936169431284,1.0395964970125064,-1.06216661604248,150427.0597713496,28.35,0
-3.9160857181311677,-1.6004369133730216,0.28339765551459395,4.0711174208055425,-3.473578107610359,1.2610152161431674,-6.161442299098825,1.7158977303763572,2.149101295905805,0.27495594016028746,150435.95184795,34.3,0
1.2758792626494315,-1.4822242198754387,-0.29933941269609154,0.47126830626409844,-1.5650838444651125,1.3672532070076497,-3.0298371771355663,-1.42768516264155,2.6734839390981353,1.9099166599071098,150451.60909688944,94.06,0
-1.5773475683860512,2.423321078441479,1.4512045414218466,-0.22927124783684505,-2.577715569074945,0.007866217342018887,2.6894028209145318,-1.4599008934946929,1.6530343396507532,2.6047106591283695,150454.9651030455,43.82,0
3.330263276108142,-2.7571558149574376,-4.661244483555768,1.1823375821643756,7.40473623834723,-0.9256910366368016,-1.7177439882183034,0.7814968779022526,3.2932375782405403,0.23180594317301528,150465.58293988998,21.85,1
0.6336897497678564,0.2819378278816067,3.582846294149176,-0.17301648937672387,-0.18107672870863323,0.6920095189132082,3.809077348648045,-2.8391495315349013,0.09494848091961283,0.3420389673258576,150466.19621827838,23.6,0
-0.2149763448513231,-1.3208907380104329,0.9985375599703762,1.8463710058021487,-0.9881783174168361,-0.8843973627355793,-4.199252247985542,2.142604696899889,-0.9853186224392951,-0.02436830038386062,150503.4645833236,35.93,0
-0.02779414906798805,0.2943939034343598,-0.6053685332356719,-1.5939413890258638,2.588567090540596,1.8406352073942351,3.5873048234634304,-1.2148467401702452,1.9650932579391798,-2.050519518843075,150544.1345350554,101.51,0
-0.2040199304047784,-0.2931180068620258,-1.08789973173546,-2.848662911538229,1.8542352853378343,0.6034573257569161,1.172652949266764,1.949252548725568,0.024522626036762696,-0.6401955794559762,150580.3451081796,52.33,0
-1.3140131286926975,-0.5179309189133124,1.3050253439954953,0.07120839200824514,-0.5708000557415198,1.0115206324754005,0.974616204104818,-0.5877474033486818,2.5810108356573718,2.671844416899237,150588.3899844376,52.48,0
-0.21785089256384493,0.5048237633265631,1.33349261397223,0.3545508990723154,-3.4006716650045186,1.0595105792313735,-1.858707350193318,-0.9338468831248802,1.5303134654952717,0.6450947163445431,150601.5601031306,4.56,0
1.7455804987957078,-0.9917872434500933,1.0238675975535638,1.066851842359144,-0.9308074279268409,0.00820327848493009,-2.5524873913288744,-0.7272273631034913,0.01133749485700386,-0.023041622524403227,150644.20030713244,34.05,0
-0.11566481231864678,0.9883223407340708,-1.0286141603171264,-2.687627093831329,2.6136149879609545,-0.35846117022796803,4.683616013601077,0.17879840263461655,0.10331905918958273,1.0893204902052922,150654.56159437608,21.52,0
-1.0824236968145098,-0.06983974393041104,-2.57268322600034,-1.3596671795617663,2.984796910486228,1.3424358744992357,4.103795826055762,-1.3444850311566525,3.8045076586658113,2.303277469574345,150703.01146554938,476.53,0
3.27893514002089,-0.051790268744707046,2.909604674087924,-0.9863313295209883,0.2235133098161175,0.35676033545166397,3.6577898191107034,-4.137482472156454,-0.7217077186089524,0.6034001633333452,150807.7872837392,24.96,0
0.7300469389779148,-3.537835580287443,-0.8857048666680054,4.357406040576828,-1.9840327246972733,0.1815376703246841,-9.426450779767618,1.0571011011254305,1.1707590247979205,0.46853323988773765,150811.8634770269,141.3,0
-3.2707766765487,4.051818713647032,-0.43385502708297263,0.26783578734041513,1.471594733604315,0.25806528677012064,9.73597558966263,-4.152541848018744,4.864904847140169,3.610266032974531,150845.04043944334,74.3,0
1.5107914771565403,-1.807149077048428,-2.70883516045295,-0.38337045837148964,1.292195001695646,0.5180491235222607,-2.1376802576302047,-0.02739268659088201,-0.32901918255557616,-0.6020143576202666,150910.19986074755,28.1,0
-0.4160986407616398,-0.4154796366141612,0.5187631554935462,0.7294671526099353,-2.620271545277407,0.9405621180111251,-3.237350758986105,0.16084143055939193,1.6894758184628376,0.7225625164116529,150927.53554051096,51.98,0
0.11162195221442062,-1.2043003245710509,0.7340447905623761,1.3114305432651996,-1.9264819601337289,1.0788689814549268,-1.9231052655827992,-1.6869927738292247,2.14713184684579,2.2771527948781554,150954.3862456511,120.34,0
0.8170487148123176,2.6401889518794537,-0.40092262773587495,-1.6429722489913496,2.1118063624489936,-1.610113939258148,4.9741936492844845,-0.5826451404702095,-0.46716466939109713,0.3040726936040967,150971.40533139935,140.67,0
0.9947327378991575,-2.224256890974019,-1.7190778735997476,2.1453509142469738,-2.7519486395916863,0.6908042478308646,-7.847095646960315,0.4710774194526193,1.990475523715363,1.3253781602922523,150975.11695098443,12.36,0
-0.967832098326624,-1.0183586631570878,1.4095046198930588,1.4822235408626414,-1.5003879274591672,0.1265458133404168,-1.996170722610378,0.423869661882303,-0.16906540698577688,0.7027952362483159,151008.20540280265,27.97,0
-2.7951195720594955,5.104363772443269,1.749435706129674,-0.84913536951791,-0.41981500835247276,-2.777190061752919,7.4487473471259635,0.13914458013947062,-1.3540173963154318,1.963931777283829,151039.602427136,27.54,0
2.654622026327748,-2.016830788644196,0.4480153679528227,0.17608372855282584,-2.4880751568276116,1.755052351320369,-5.0834373730712334,-1.284502152009423,1.6556355903782354,0.20679365130962035,151065.6522655984,3.79,0
-3.0201596151111794,-2.0555657193345644,-0.8453748890574917,-2.101618151903664,-3.0367561894556454,1.5702237564349264,-0.9741632203236221,1.2311023115033657,-2.959042122302856,2.0198499802451906,151148.44903982966,60.27,0
0.9349768527097493,-2.17068426616449,1.3808501724807165,2.8302296490505077,1.4746932947705762,-0.34732176871423076,-1.5924885582459085,-0.6526935715506574,0.6172675212405827,0.4303053674870405,151352.59683174745,126.44,0
-0.15060371891036928,-2.4470832592295793,0.5821021064973948,2.0271954165264274,-1.919005706815048,1.1937613887235872,-5.386633972955769,0.5367559718194139,1.034551275247485,-0.05369478317643117,151427.99804699144,32.24,0
-2.343073080691598,-1.6690192351627586,-1.5411975049701279,-0.9671055721618571,0.753544132500211,4.381094403635617,4.080342294576009,-3.969716080148803,3.321737650275248,0.6893590121379034,151485.25164391307,88.57,0
4.428498928707556,-4.630118771120558,-1.3069674993373757,1.4656948997055093,-4.391419796223033,3.1391923212494364,-13.400153694416101,-0.20683075404614515,2.210956151552454,-2.016734044329902,151485.74253936202,65.22,0
-1.5650676493128302,1.1320065233368406,-1.4833645738644643,-0.40088711004231603,0.25077010546300127,0.25913076339057833,3.640615599977337,-1.7635908000046365,1.5414966367445126,2.563091336019868,151505.1020324303,31.62,0
3.336034465209905,-4.25109063936374,-0.8020908911595273,2.8307920785475615,-1.0464328914055265,1.5049032081378957,-8.214037409253848,-1.3160241853643315,2.509960052916902,0.5420763601297617,151561.25239994304,10.88,0
-0.7325609641507449,2.0390938292699325,2.3128976933516574,-0.5679925897928493,-2.6434090835105533,-0.3224073318448034,0.32818276612448694,0.598803913453327,-0.30371458265082696,-0.2114074218471873,151580.2534525051,81.31,0
4.666591291829915,-0.04876962976183863,2.2555983703798144,-1.1120699183265348,1.284336115548058,-0.44508073932384257,2.980479787705241,-3.6730583774031333,-0.37309548541877113,0.9028558091852288,151604.24026423352,126.32,0
-2.550631486852824,0.9177407473727632,-0.06996145201605519,1.3712017473087696,-2.0339328608173166,4.253130504678549,2.3008822556793254,-4.734329372810169,4.4844132386362805,-2.0619637079008633,151606.15830135453,76.26,0
-1.503853752518812,1.5562920366865085,-0.19645039137676767,-1.1017279201113832,0.5238387005923221,-0.4605060073165262,2.1627669424378455,1.328956296008152,0.1521291184347725,0.012747442647447316,151610.0668291507,2.17,0
-0.05328150761360528,-1.4532143957185972,1.4575541238499619,2.107879178573447,0.7581046215727631,-0.1966446585423998,0.17296115139287999,-1.1451582594649248,1.1464019300762485,2.1440555340976633,151625.23706252972,16.84,0
-1.277265319692178,-2.514927036167749,-0.5243082451526981,3.4286425984464954,0.4243814969767532,-0.3631162107989408,-4.69981187153144,1.791979890830369,2.7190768490061386,2.6142222931836776,151626.82406189447,5.68,0
1.188436746255698,0.46745563872677864,-2.1625713272432314,-0.5236537602630796,0.1459221778319908,1.0602190744487308,-1.9289859259951112,-0.15778314081194766,2.5296265210578044,-1.5581717183441524,151627.16393747475,55.92,0
0.7692698676180798,-2.885036063991504,-1.5917544264366397,2.5800538790339056,-2.437017243281847,1.6213411935585096,-9.3576188760817,1.0904100690576808,3.746465707669693,0.3965478114084927,151689.03750467265,92.82,0
-1.0870574650966771,-2.2234311320098388,-2.5052589958316287,0.0780065690269105,-1.6180393402164146,1.781487550739789,-4.590442228771476,1.0551366883869888,0.5463480699856611,0.00879414963060976,151713.962572908,8.62,0
-3.898092544209511,0.7568717449226539,-0.6757317264217892,-2.817772253072689,0.9224982561971012,-1.056827770711219,5.220528698920488,2.310122133533143,-1.0839531832230906,4.7809679909769685,151807.4889928729,119.45,0
-0.9062476160356343,-3.224932846138088,2.006010597726151,3.0705625497773172,-0.24885723989860464,0.576337872978015,-3.5137482236046016,0.6166882809004972,-0.8697180816058232,-0.7166379680510062,151827.2616421713,53.7,0
-1.5681553217529163,0.9819559508099905,-0.364586996201282,-0.8273905550664999,-0.2685197333016227,-0.07878478119311325,1.7351389819638818,0.5345097532598422,-0.4041807569444187,0.34147164330326363,151887.55396877578,77.12,0
0.06807139018667663,-0.4047984553907432,1.0908450274929724,0.5364677375056219,-1.3828491174170972,1.1506630643186633,-1.4911010450226156,-0.6361241610306749,1.739165413033767,-0.015310000601603369,151911.64354674207,232.04,0
-2.1416255184473263,-2.6472192940308634,-2.1744227425557727,4.010623561361614,-4.750103885607464,0.6200574860442808,-12.58996261063015,4.054109559580709,2.536572040601093,0.9896883006244694,151923.3015054956,6.68,0
-0.2069690361961284,-0.422898643853741,-1.2628008059461973,-1.540974600453125,0.18942535216864953,-1.3862806362571614,-2.1690860545321096,3.754629152486972,-2.5934284253484057,0.10825646671908673,151948.26126924032,151.47,0
1.6094651815388996,-1.6807038650376955,0.49532548933896525,2.097086438609123,-0.7517448316786665,-0.11952317840472937,-3.1301161204957246,-1.1747208220230954,0.358214105860724,0.9725460936449528,151991.74453562425,9.76,0
3.317272438414776,-1.9272264247011166,0.26442770666151993,0.3088942410808049,0.9889665089439634,0.3143717963397836,-0.37757298220323643,-2.8203180652915045,1.7407951127585513,2.7176121105867956,152077.66633061998,33.45,0
0.701308156380383,0.693422035267713,1.5671646836429585,0.3603286719903511,-0.4421673412111732,-0.7795850566027726,1.6334874637124626,-1.4350513299747059,0.6038595103717399,2.300821599889134,152091.08431283262,124.94,0
1.8731230704244535,-0.8151742610381463,-3.2509390763947352,1.5828462287546583,1.0702092211330119,0.10020397101321708,-2.4070813722535034,-1.58396532323325,1.4014941855708214,-0.33997862740211127,152118.3908993346,154.87,0
-1.8405786960685697,0.6500151912457541,-0.6229877751772142,-0.7948989964029887,1.201841641063808,1.4620458767897329,5.644392493484404,-2.7821173380918243,1.5081549825992506,1.1271713460473354,152214.46718957485,46.89,0
-1.193722745908492,-0.9679355978197166,-1.383236884288142,0.24983328977204056,-2.365989395246438,2.1656750264153444,-0.04225810597680759,-2.8743753717267366,-0.1227826258303053,0.603789084795002,152232.1353745328,59.61,0
-1.209299533008436,1.5388125449079908,-0.4134157314322945,-1.5018574246537768,0.45013063570087697,1.2393198467285211,4.845767261783336,-2.104370685919399,1.572962234042362,0.47106047316335187,152356.1377265582,81.05,0
0.38799336461317113,2.061365504046836,3.520086809527057,0.09258181609149019,0.16757620679784813,-1.6708530073750907,5.054820702508317,-1.7386908770040677,-1.5443281680090393,0.9949162608514238,152397.11663504248,117.24,0
3.9507130718952905,-1.9441763620187915,0.2864200216200844,0.23719074206346857,-0.9611643573647934,1.687392337982634,-4.072787302875844,-2.2419624399627036,2.105970688672925,-0.544151055513876,152481.54846078812,9.42,0
4.246150333724557,-1.216814176373143,1.4659487979610861,-0.9603720327071756,-0.4107981831967107,1.03751457167132,-0.8166339306089115,-2.8566159808046203,0.2733545889238822,-0.2537558064844456,152506.3467062616,108.97,0
-2.754959088485869,2.8998583059514287,0.9240654199723703,-1.426693726983872,0.6471118457457649,1.9987891751237672,8.18189472844622,-3.1930398337599764,3.0538522856812085,-0.02179497399752539,152567.68029443518,43.66,0
-0.8758784945315985,-2.7496609631265487,-0.7737964462654567,2.305170688985301,-5.100616639768354,1.88815109832238,-10.577881256268613,2.162760065005018,1.7535613664983485,-0.08270649893153603,152581.3329305848,39.93,0
-0.897252305334491,-0.07547294049902631,-0.48507068285942023,2.7377766625547846,-1.1763403633540899,-1.1506967062269329,-3.1782251785679247,0.8450453158138558,1.4740519561622851,2.136484106619379,152662.7110439913,36.85,0
-0.007280629972311159,-0.08351712551566104,-2.3210482572339437,0.3522489754482656,-0.9938947818091644,1.8212559118668783,0.45346952999628665,-3.397728470732778,2.1265994945799345,0.8258896828672975,152718.20092167996,47.26,0
1.0655319948088775,-3.4220464131394146,-1.0431624917577458,3.672347593227125,-0.5906157140490109,0.33276744420307663,-7.974124100767504,0.88594685736587,2.4353731294114187,0.9452597507863291,152790.87686660487,189.59,0
1.3888537700636467,-1.647410183491048,1.5330784877807033,1.7681956236686034,-1.3716117108991968,0.3131466523099503,-3.8465637643012407,-0.3183527572938768,-0.8871019372979727,-1.3824324515943802,152856.61428607727,52.64,0
-3.9099078495340995,0.8043772008051812,-1.1274514119218668,-0.79829640728359,-0.5112854977343195,-0.825611031902719,3.403944296453621,0.9243075190221994,-0.22389289169053117,4.757053897979527,152902.96433786955,199.99,0
1.908561740823162,-0.07992255609818977,-2.9792149570016146,-0.38842687618260974,4.150356132087801,-0.7962679036202206,0.7697489341274141,0.22439017131032135,1.8620123263067474,0.045248505899589175,153096.95489521313,13.92,0
4.3773815755677035,-0.6360763844505372,2.5874614589244764,-1.0880670499729632,-0.4822436788714095,0.952363151278544,0.9286834762019529,-3.746856316276225,-0.655860451696312,-0.8868099175485427,153116.94562212238,84.71,0
-1.85589691285324,1.9278194606076782,-1.5001193626283027,-0.7566010228278505,1.09247452714723,-2.368417581955365,3.6379477856256477,1.168591059188011,-0.07351824402251883,4.186726408425134,153132.21022395082,109.72,0
-0.038162920030086256,0.018987558288821593,-1.3380797464253422,-0.1105882478551482,0.0005636534183307562,1.4252040740700076,-3.233468778932554,1.5603965118603043,2.3222545531359815,-3.0780764326138295,153134.63086436488,74.89,0
0.7077233985252234,-2.4127298124645584,0.2516545247322297,2.41062720179272,-1.1374138311643345,0.14750796017958126,-6.751384477572045,1.7288326896594355,0.9676679939376491,-0.233867276297965,153205.20839355266,61.69,0
-1.2714810528132512,-0.7237793305157534,3.0960171524432814,0.5587103621676129,1.9756686915984636,1.0308524043979364,5.6304912935479425,-2.676169107905891,2.5829242458648642,2.8092555300009465,153260.62275616179,55.08,0
0.20182925119314032,-4.364770058519335,-1.4563555253563294,2.470796415288744,-5.634195152943826,3.5083992229194623,-13.67890345127121,1.7374772362377446,2.4604938143670427,-1.7285746621639269,153288.53411301228,129.23,0
-2.377076441211394,2.0424345173340317,-0.8381678901940393,0.3168122131762281,0.7573702316183666,-0.08346022685231702,7.778096427708723,-4.18262493850246,1.3857651040087595,3.8953333182001284,153310.36191718924,113.06,0
2.0067641902224964,-2.4432622772750907,-1.1788575497831726,0.8233379652751709,-2.3022388564250473,1.3591096343454874,-7.290408932731118,0.21324361856707053,3.1265405947633993,1.6191455920923605,153395.2827806342,9.48,0
-0.42173148837344643,-1.4972777874867886,0.22093901329921684,1.6832196951348248,-1.2282393894282873,0.7167989692890671,-3.3795968974425015,0.1673977033231009,2.0627756290640256,1.3850361469931438,153466.8230478014,123.7,0
2.373361729882139,-1.8898662458127968,-3.30618378990789,-0.531022520573379,1.5517553138145028,-0.6880984710607296,-3.2568228276440445,0.9983587879410727,-1.348579011952081,0.04541057704410101,153516.15457494013,35.75,0
2.86379359170604,0.2775103699103436,1.7711304632447815,-0.5084245045856173,0.3117224377300183,0.11808191798857216,2.053291389925839,-2.94060870139477,0.3957153641038309,0.38250347140712604,153560.28906986088,20.02,0
-0.6547637901642172,1.151249167866009,-1.8081251160931766,1.006258087383371,0.2265186954036219,-1.3519687759139847,1.0602794124588242,-0.5881580136590653,0.33649235385462284,2.0628104729105443,153575.66820135925,133.5,0
2.623531654309418,-3.9068701568640902,-0.7404509851081136,1.107897201068051,-4.484269857785098,2.5065382412477146,-10.781618651863733,0.08188298872351107,1.5468504002070735,-0.20461970892508186,153641.30525683373,37.77,0
-2.73246798703137,4.093132217941186,1.572190431107337,-2.6437319024772608,0.5216655476825209,0.033839509373320524,6.347293437260916,1.0708681713600914,1.7314108675625965,-0.5392752273979955,153708.93694836227,108.39,0
-2.25480445825262,3.1366204549080514,0.9812828848103179,-1.6833744847230576,0.6711299062459627,-0.0018925798416603676,9.262700962688115,-2.981823783241614,0.05767298239466123,1.7923719426789453,153792.92306607545,20.87,0
-0.3949348785413853,-0.5586984562158441,1.0372850843777233,0.6856832798778292,-1.311934843275757,-0.08370098217197283,-1.8346357779572462,0.6581869036778272,0.6472971617532968,1.4590712995261268,153808.7676797621,1.26,0
0.2016622419266736,0.05931457181916955,-1.7528472052389632,-2.2742379449499115,2.092936617459805,1.2597643620109755,1.2214768364575208,0.6560436146856743,2.313644597806764,-0.670328705660552,153816.38854203132,45.47,0
1.434243565147654,-1.0547406424496715,-1.9153042666451965,-0.8127744389075104,0.27074107492130817,1.496847550945812,0.2122704994978634,-2.418859422690895,-0.27206689862896516,-0.8001078968999809,153829.15245553094,7.86,0
1.8387745412765681,-1.4151316558652887,0.029075332653553554,0.4328817348316033,-3.230536277405834,2.0129470957357927,-4.207253629708107,-2.266970651128823,2.83946698733181,1.608151440737772,153836.5915614762,92.26,0
-2.093892604049677,-0.833582119082696,0.7281919064948114,1.818237188746124,-3.8160059739777497,0.5651856304962299,-4.500518716138591,1.158854057861733,0.6128716730808865,1.3189984631105423,153837.58185635033,22.0,0
-0.8672956903128066,-0.5623277030485174,-0.8652546567728999,-2.0213464102546315,-0.27011846558266095,2.0831175004562956,3.0792210838270972,-2.1673834399827383,-0.26108508736477076,0.4963079484967293,153862.76457549995,39.11,0
-1.9995367661101588,1.240254768153263,3.1525857977239533,1.0470388867953684,0.9779874190846627,-1.7427186167881115,5.159618390704659,-0.3603696553690766,-1.3319700580412288,1.838896094129844,153883.11411185385,6.92,0
1.3804286948196554,-1.206658529611714,-3.5043483187193627,-1.6918143197064779,2.329274555108894,-1.9490171502366367,-0.061533543513691176,1.4077949554362106,-1.837667292196263,3.400700418813423,153939.83644508774,22.96,0
3.0117273814004664,1.0019284705234455,3.000110973075399,-1.5102933033043069,-0.8288713818021511,0.31236915556586103,2.9960731953366,-3.2484242090672164,-1.050566053105638,-0.6218613784758344,153989.5300470267,99.86,0
-0.8689180482882171,-0.6734317197069399,2.003425951523481,1.3915789874056261,-0.14809475500527303,-0.5777258651949454,-1.713492184288109,1.9023732236668236,-0.915969835504236,-0.9644711212785164,154115.50662329496,11.69,0
-1.1054517934554502,-2.1412364265870147,-1.5685870151024495,3.188251872464688,-5.070103656719325,1.1377442622404623,-11.720987601324778,2.957202183570485,2.341043327400487,-0.08212489367407616,154145.6447346052,68.71,0
-2.51121673369236,0.4363697635156448,-1.349965062883876,-0.5982513643136156,-0.5481737130161237,0.18643415198908075,3.1890634920659213,-1.0474431558429804,0.2030714854426734,3.439519471471696,154152.2342488725,163.11,0
1.1367153395300884,0.39520535138581825,1.3465397645027417,1.0845227327678335,-0.9486727407215148,-0.9946288281266044,-0.8318399300288934,-0.5845282336608264,-0.6840896841813842,0.261902361374724,154189.8716785319,75.03,0
0.42851393362810486,-1.4983833893307152,2.4212533820301054,-0.09916597756550183,-3.534016691059992,2.4692229909821255,-3.3229109928095912,-0.8774572099664941,0.033630367612890066,-1.5694046707607363,154228.0245041974,109.3,0
-1.2097594334083324,-0.7907139523101752,0.8781363657567482,3.9526575063001146,0.8138406968528169,-2.159935794804878,-1.3688921197016186,0.8971309595709773,-0.17308242637093585,1.922667855638624,154234.06170966278,8.5,0
-4.185818230952181,2.603956055037198,0.7502455369818533,-1.2920477162304156,-1.1049547344079627,-1.482553907628652,3.71215353218444,2.545677995129766,-1.0377555789829387,2.5041958715354227,154234.19493906817,19.76,0
-0.5201811582652937,0.8218919824302222,-0.8747697890212703,-2.299563469277169,2.9369871735502966,-0.9698672717674582,4.162392379379997,1.273898352386531,-0.5268476568015408,1.0099722441050711,154253.67167410126,147.21,0
-1.156282542404297,1.0649788904675535,-0.8315899335113955,-1.275114779047588,0.1736539866066228,1.4124266980669211,1.0516750537549315,0.340353483022797,2.538195287165611,-0.9124003789129178,154325.9874577677,82.62,0
-4.594956526823915,0.670925442297915,1.6120661614619993,2.6095688351483144,-1.8388067372757555,-0.7599095876739052,0.4647425528485289,1.256008934600748,0.8482399956400948,2.815058558853473,154464.63835120547,67.33,0
0.5525108707946065,-0.03947567873625868,-2.1327830625241644,-0.5987759797238783,1.8711467057687377,1.4992370940914534,0.9061521091134945,-1.217593330659419,2.983076931508399,-0.8608543486069349,154481.42188936,71.85,0
2.5371660716952498,-2.1484370854163375,0.7788698311423345,1.483781233808123,-0.17151480841706135,0.5721711619448923,-2.7481562985655845,-1.868764003663887,1.397432140812191,1.0660613921007973,154499.49547774572,35.76,0
3.3188598803056486,4.472419909809754,5.295433649629656,-4.9559791810692015,1.2956772545312099,-0.3387687584752532,13.554134435970843,-6.110720606942949,-1.1690390789352993,1.0277062790049438,154500.34239575441,3.96,0
3.0029873319229514,0.7547028460910967,2.3324175834934375,-0.08861068956265838,2.453666286413844,-1.4222272457501661,5.853594608266699,-3.9499262307629732,-0.005472001781604785,2.5136368995852036,154516.18314195963,100.74,0
1.1358968507075593,0.66138272102926,1.0434074231304782,0.778818118008378,1.0022592339327154,-1.5795390816788242,1.1648763307686647,-0.43280032156209014,0.2650835355399842,1.3914240487839304,154578.624807299,74.8,0
-1.2776521157944305,1.1329916574284926,0.21044107454145222,-2.2225263877579238,1.4933774901603591,1.8452233521088353,4.721705200123137,-0.845150382679678,1.7134439526367116,-1.4045522349779018,154624.31816725916,42.61,0
-2.7418571288627773,-1.2946407881245579,0.046404736093554,2.658050774201395,-4.4883135184930865,0.43215413629734234,-7.491764632962343,2.83124314368645,0.8033477100203121,0.9156584466019828,154626.1661538977,150.51,0
-0.934257482852579,-1.7841822801855391,-2.97901290344507,-0.1619921771538151,-0.12031604637670879,0.41120316619395414,-0.4327186430579025,-0.6767252424649906,-0.3348328628871615,3.183176580001448,154676.34559408948,27.63,0
-2.1752971453200436,1.7033147151321724,0.049495708398601845,-0.5070971149941104,1.5812615491541724,1.4455483474415178,6.169914906932972,-2.3758852354764297,2.6605475944454753,-0.052689203702688925,154691.74155234804,23.66,0
3.5905490772569526,-1.3024861712094722,-0.09410582115064003,0.004209978892227739,-1.6892810875249196,0.8451949618294209,-3.944369724429056,-1.8341777371961774,1.7326786407661734,1.0637124948461651,154715.80420566763,135.03,0
-0.2442998101562448,3.0145664706314665,-1.5070479071020013,0.7274872810227648,1.9495405561613084,-2.666524345466284,3.9797397519246784,-0.6310464947256652,1.210399408499442,2.52432835220725,154746.41388414343,104.64,0
4.647456182277132,-2.486229165727188,0.3288634701541271,-0.5634557526051989,-0.90096282658498,2.0061809913010187,-2.4942764999976084,-3.8720297257870784,2.2033256472300016,1.4805797931101181,154753.26015718174,48.03,0
2.2308805192604533,-2.1044788928251634,0.9714504815903091,1.7346644713309416,0.1232615110046631,-0.15992401689500757,-2.669384628230908,-1.1109272156644523,0.1425920405571076,0.800379017871503,154772.60157252496,10.11,0
-1.620446508172999,3.635593857783973,0.34943220352349336,-0.40985761779286123,0.6169813999176328,0.8896746028658484,6.419610810959108,-2.8408193657836023,3.541542146590731,-0.265114499932815,154844.57662677963,16.74,0
-0.25484367277321773,-4.327952660242499,2.4836761062153383,0.388275364720316,1.795992670722748,3.3755098258847314,-0.5210875172615774,-0.8706793777996706,3.327595177281064,0.35746870319024493,154886.82944044948,60.4,1
0.11742360373248628,2.362437993797477,-0.9351192878067422,-2.1902389816608157,3.1013032574235337,-0.48210797682731293,6.261215766082077,-0.9914497362445487,1.8045847149050138,0.9816634336448963,154961.06537544625,32.6,0
-0.13980984498946802,0.5491325182565482,-2.2559727480751053,1.628897610795264,-0.0031091065252828454,1.5641835214816657,0.05150187299129796,-2.9662703671222808,3.8670313837720767,-0.2450778802948974,154965.03723175885,118.7,0
-2.683308043793713,-3.093009037966259,2.579041333030876,-1.39285056041808,-2.2912476589480626,3.554945413388268,0.5603228910395172,-0.671068245409713,-1.589697140678227,-0.19258903519514292,155020.65291980532,157.25,1
-1.6043380075440576,3.2643818530326616,-0.7989682527571013,-0.2743931791939068,1.7325244193635099,-0.5410449023506302,4.710769234569834,-0.4267248615525684,3.736083066369169,1.1623392742343537,155038.88297433488,107.47,0
0.23441670219694677,1.4071655227357458,-1.7994950248460877,-1.3833983446609002,3.6979279703163215,-2.2218795586507287,3.727631970960295,1.3185236090251942,0.3143528226988709,2.0371991765987727,155064.82160867302,31.82,0
0.3212718696203951,-0.054052451800523205,-1.8791263862893497,-0.4974701296705746,-0.39524952818332837,1.4002790573265944,1.9130980633644388,-3.3614236527460433,0.7512275562472024,0.902746816941967,155160.43550628464,102.04,0
3.351195395780414,-2.8153048860332186,0.30022410428648794,1.4143893887774304,1.0906282986555698,0.7275661964236833,-2.40834529588197,-2.414855750103343,2.212091563601899,1.5949098607668144,155168.29097529786,29.15,0
-3.8693610051279816,1.3694187179524444,1.18421475949462,-3.1131145241071825,0.31114176724714804,2.358896362012982,7.386429261332033,-0.9276960257023997,1.0943419856190697,0.4941928222870611,155179.67885855775,12.88,0
2.5475821991657437,1.0479386967057436,3.9193547017675496,-0.2607028381879468,1.8199611677946463,-0.5488554153910019,7.496285612616489,-5.08235496101207,-0.7307093088508891,1.080454843629651,155183.78121535532,3.21,0
-2.5023593263472907,2.5012374777857422,-0.6123139620518145,0.17257924649812884,0.4966898563942844,-2.3793460639613873,7.8518924148872165,-2.563627715076197,-1.4465641004416598,5.536017528113119,155241.18142572124,32.67,0
-1.9598976853403154,0.31025518596674195,-0.08138863551643827,-3.031997364644813,1.3258301887854822,-0.7038498345157352,4.993565191042527,1.2877469594120035,-2.6363215972492897,2.2224176856775237,155270.1637774793,153.02,0
-2.4444464706858566,0.7578682571427808,2.2809163360349434,-0.2985961541554003,-3.9602656320771974,0.8931313995578645,-1.5894067532133411,1.4773882030329286,-0.4785589774611876,-0.519191297939811,155271.27248781224,18.75,0
0.26504182526519204,-0.14595212495026844,-3.5534200120718005,0.6448616567145942,0.5457493025098286,0.08962884710296908,-0.2676003997875821,-1.6573617126092643,2.405706673022628,2.661644538982597,155446.48626184542,16.04,0
-2.407097628731694,0.5803214219565556,-0.5690993759904628,-0.3181605559026527,-1.106538017493607,0.18724181763749972,2.7056674557494484,-0.954747730815492,-0.7518484649599058,2.079022948334762,155491.20213476068,228.54,0
0.2275186385234308,0.2848317989515141,1.2162900582216856,0.6553588777780968,-1.3813678809900098,0.0978919937058945,-0.871418935560581,-0.5124106011260038,0.8726979948923249,0.5238022303576315,155523.22131135256,2.65,0
1.0110631693778216,-0.005958581469933888,-2.040924200407436,-1.1382691194020866,2.193171589289957,0.46721749486585706,3.066313635709149,-2.103965088935455,0.7784035720951153,0.6832663249246782,155523.99572317634,101.15,0
-0.7396814375120008,-0.3605405788480631,-2.268446745792952,-1.0173658579505762,1.2260452867720237,0.9129669960103916,2.8908553000828348,-1.736926495767321,1.4103123176619823,2.3485867225344346,155534.37402524787,26.2,0
-0.5952805506166102,-0.21231582851072517,-2.30884037003904,-0.9951155128986929,2.5890129263854913,-1.1122266979741557,1.9536377296536502,1.1472634597176756,0.12683750191620868,2.517219519088878,155592.2402778235,3.48,0
0.9198476034537346,1.2226506784422824,-0.48425849773752516,-2.6108899142109547,4.077163435351754,1.2884976337796816,6.085743129452578,-1.6751799788271602,2.161396800348637,-1.9068202751569472,155641.28210114548,163.41,0
-0.1868892903235222,0.29767132961121545,-2.5926206382025994,1.1790225386459752,0.2481857875955592,0.3740247044665611,2.496965548190496,-3.9600352573783653,1.6457744584143938,2.6837684476765427,155686.04277531285,10.78,0
-0.1781369709205023,-0.3342607561120572,-4.10587399807639,1.0932493802935639,1.3412496309430928,1.2548008943816709,-0.4967746514781648,-1.9291546426767383,5.316070887162744,2.2551017619342755,155720.10421284288,53.16,0
-1.7362262570688567,0.45395388706158923,-0.34773736936408206,-2.0002943973811016,-0.6095811034499914,-1.4114858867717759,2.911366529411068,1.0910287425528242,-3.746352779619836,2.801551758183,155824.47224100117,21.82,0
3.0798960378336786,-4.921335618421716,1.3037373282591074,1.5828179393588981,-0.8409867764289833,2.297502598985161,-7.6236243563911374,-0.23157688809583077,0.5281950171250505,-2.0117560525642886,155826.55213278832,5.38,0
-0.6799775137234805,0.9388051039115153,1.2453359636536265,-0.18325217961907825,-3.1323806679587,0.4770259778617684,-1.2628141347223647,-0.0037725579734239068,1.4859460119035701,1.5021443784264028,155855.26599825313,4.33,0
2.7236834606600135,-4.007358605289104,-0.9966058815429004,1.6375436320750674,-2.1016466993745806,2.322247963909112,-8.844205336161462,-0.48442503503156764,2.485075121483013,-0.2800174425905988,155936.97215183868,8.98,0
3.074216177451984,-0.48154443906933775,2.469949220076428,-2.427584590557692,-2.396385008196486,2.658065520161813,0.4791156214606686,-3.5811368308694282,1.2386125962329058,-0.0869603088863593,155943.93149899345,5.81,0
-1.6077634119978046,-1.4240465255884607,-1.4057897162421447,3.864315321847525,-0.06441836432864467,-1.5274890986745107,-5.630280069646647,2.889107267287739,2.093896691783004,2.451862657770482,155961.14227422912,93.91,0
0.214032520575683,0.9121560934503653,-1.6826919597056293,-0.5208221979253631,1.516106883698686,-1.0665516596390394,4.141303158566509,-2.0076186243148206,-0.5636393794373691,2.4460911581174463,156020.2551691754,44.2,0
-1.0342548153661169,1.7760436399512085,-0.9175222932981841,-0.8058917406506446,1.3191496741135227,1.5296693605271863,8.432748280395126,-5.652883306515457,2.5157329829896904,2.2392942884515907,156238.62240851973,28.29,0
1.1262790651669878,1.4770735574472624,3.3937138367046567,-0.7656731057639932,1.674675795344593,-0.4006473967089682,7.99781902710797,-4.231905506503953,0.8494355079090272,2.7212263079825334,156253.24075522725,36.22,0
3.4987550628661657,0.5738379602439743,2.6298079524325395,-0.047827064901203364,3.744711358465495,-1.526335183961495,7.261117230556336,-4.604309374542471,0.11755594998758512,2.549497954280108,156273.36911893854,172.88,0
-1.681154383863889,1.1140738924468716,-0.7450800147478899,-1.5763026577929184,1.7826460045895471,1.875326735746687,5.8710143500915635,-2.2711336815034704,3.068057818177571,0.7228072991752654,156444.5909300078,158.06,0
2.236469380024875,-2.1065944701712733,-2.23171730274293,-0.39879809907096164,1.3138607210841273,-1.3402824198042493,-2.6794197655762253,1.0178362153703957,-1.3738289065104272,2.2722301550683013,156450.00552524877,71.9,1
-0.35914781463678147,-3.113513623482587,-0.11812991619822433,3.2609312220788773,-1.1416356346965784,0.7514280923674194,-6.004264177437956,0.534318213360337,2.0778440494468144,1.4605005093344987,156571.8440511618,141.4,0
-1.0410291798072644,-0.6434576201138538,-2.7362551309812977,0.8139736775484017,-1.8249041081246222,0.24558407446780636,-2.7045801945514634,-0.10745669874947128,0.5924078777707174,2.152756042432694,156575.9811684955,26.03,0
-0.6090561330788853,2.7167178607825657,3.9703744285613816,0.09480271973139676,3.31983511669607,-2.5616773988455974,9.945959343679506,-2.104635590705861,-0.22162965366459475,3.027720909998285,156581.55442352445,32.19,0
-1.8101324730862611,-0.42178373478256614,0.45192634010779,-3.491066110518984,0.42644621701273033,2.3942661697515346,5.763005042836485,-1.612723820873503,-1.3280167825338127,0.02273153416153262,156600.79151403514,62.83,0
-2.3094848113043263,-0.7151804645349549,-1.561528101959107,0.9809822035662144,-1.456614049489135,0.5256449859802473,2.879335203554654,-3.4428017357312997,-1.2175267978274587,3.7874061960739587,156618.03774437038,64.52,0
1.8646032866997824,-1.6420112868399586,0.9886337254309503,1.3835566743314074,-1.625938086717279,0.36296520042780156,-5.543877108125917,0.6321718347709695,-0.2643582601365595,-1.6747427299125204,156632.39193791422,43.72,0
-2.0515914289570087,0.1138108524433945,1.9350119842518272,2.6284572211352843,-1.0983260423504135,0.5732173710280584,0.8055444002510082,-1.5074708260799423,1.3148119847456758,0.42305813994191477,156638.38077467371,5.35,1
-0.8727672788208891,-0.22093071279479126,-1.5490357968660047,-0.8271390889964345,2.068125798726351,1.3454428181430513,0.6039017291253945,0.8400985331765576,2.7509393782921263,-0.9815965650256313,156763.3013059674,279.31,0
-2.1858174920470606,-1.3898910276009557,1.4552560644726387,3.8947341182763227,-0.8774559198798375,-0.7522419640520974,-2.585789019083079,0.8616303349296353,-0.172354165339069,1.0537549695131154,156827.48669442887,112.87,0
4.686212276379889,0.75290263759507,2.8483964769435506,-3.1972997086589485,-1.3316293954036726,1.408509700681806,4.861975396195254,-6.0868937501941,-0.42343329080948244,1.0695428359612813,156835.1812417727,38.11,0
2.4493781779904165,0.526738514557249,1.237626020173116,-0.6684307001460121,-0.6089295842209547,0.4838643929790122,2.3735814641247703,-3.8054028371205115,1.9407607104249398,2.5419408121343237,156874.49519907468,85.46,0
0.18410858951002218,-0.02830141583938628,0.28804480766409424,1.4740467338696617,-1.9925646826887295,-0.6138399571482575,-3.501169823786329,0.6732648319267902,0.9252531210770474,1.2728469767306974,156884.91156511824,21.42,0
0.6206991542977485,-3.3098479574378,1.1321635452953056,2.072662504756969,-1.8148828026194996,1.5054772488719845,-6.576866242429779,0.7529498818401827,0.3045388364462873,-1.3189731355852325,156941.8828474158,7.86,0
-0.7279687266762215,0.8612828500749315,-1.5797074086935425,-0.8777646555891438,0.4405058424567949,-0.9671981385194433,3.3148114391647594,-0.9965672167668457,-0.7056529280803228,3.0781629864788704,156948.34509503774,29.24,0
1.9754967730737967,-0.8199068328326713,-2.9004715117515465,-0.4108465484202658,1.151987348923981,-1.261237651737894,-1.6524526084827678,0.3646736069088339,-1.4627699666155438,0.9280079958344928,156977.49056475604,34.53,0
2.4205582887498895,-4.2720132002426965,-0.39561776218205535,-0.964696091340769,2.0206244734859853,0.5373998900154555,-1.8384583490966049,0.02126611482535745,-1.2218672401294137,1.7560264884074273,156980.256998451,70.31,1
-1.0998305550335905,0.7198767272014863,-0.4159317634445614,-1.392004822340367,0.9563007184095045,0.9230837413464704,6.465726124465116,-3.33618245592929,-0.293181795195411,1.4824693634309218,157080.81957102276,110.61,0
2.2083368354773496,0.6359702648639984,1.6923156247001163,-0.6451630660325098,1.2651607827153772,-0.5733971910319315,3.461443273165611,-2.4223504942956486,1.7475508504742419,2.719878199982751,157105.4856284596,29.93,0
5.275292283569083,0.7318266642072315,3.36477047423584,-1.4798378652489999,2.704455910642157,-1.032888237550193,6.57425455328036,-4.9889473074944775,-1.1693973075384303,0.8169750040328387,157113.2515728776,57.45,0
1.2955805072107052,1.2720605066928277,-1.8636867720073882,-1.4341835150941473,2.597180640437788,0.23084487547484464,1.1494436853690027,0.3654507516001291,2.9209931411389873,-1.2118407283930015,157130.56547921355,5.99,0
-1.8288014777973698,5.659153825914603,0.6814080339631767,-0.5169773949763947,2.451201990255349,-1.3516571043808974,7.57688752978678,-0.2882682475376297,4.287362057642854,0.05421928088349626,157153.75676995542,13.5,0
0.8330242909623125,1.370402354856472,-2.6713022375903774,0.807505744794224,2.7433847611467184,-1.6482696571957798,1.2982941601939657,-0.26863302506676945,2.2305583719387645,1.375058929709078,157183.51439864316,144.29,0
-2.718912252089108,1.86529352768303,0.651466509599782,-1.2965283998180686,-1.1414528129815373,0.5169812646403221,6.787804497644198,-2.801601934039496,-1.0525003786829874,2.193358736091359,157238.17525803894,61.99,0
-1.2685295684324762,-1.1429102271185045,-2.993510533234491,-0.7100958911751263,-0.01861119865566363,-0.6297900347042781,-0.12503358057562708,0.6499264071256587,-0.6967058665293464,4.265582118965343,157352.66793465207,196.09,0
-2.661360716596551,0.27278830181087477,-1.6924311072115095,-0.17243856001638302,-0.539442049636234,-0.4275596797173841,3.732899918433097,-1.5388697069014654,-0.49163321682447214,4.816726007676731,157381.08393206855,435.5,0
-5.9583153467863905,2.8863561746506536,2.007149324553233,4.534744390430456,2.7005502167001083,1.25327717149044,7.902843287807013,-2.8925650547899986,5.915578869375405,-1.0511820322509555,157408.21748053597,117.67,1
-0.3030229220838637,-1.0718529071389034,1.532804006324442,0.8998734108216679,1.4338174269993607,0.8069248079999991,1.963082694189008,-1.4967991825659304,2.183075779669699,1.4250777912786874,157656.3861225642,186.04,1
2.0146047922402914,-2.0551329397076072,2.0002795223191763,0.3635117573984682,1.8837514953086703,1.0353323000331016,-0.003976596892711958,-1.221281290649892,1.4998608027689173,-0.36043715346372696,157807.96748175824,128.04,0
-4.617790356006173,0.8750521897577284,0.5973276242640937,-1.9437198228460792,-0.7701530225421174,-0.07205424456505942,5.329041011247228,0.9020320345781456,-1.7578789477809225,3.276319373112215,157815.9845411737,428.67,0
3.027974128599774,-0.8634910414234871,1.335060697617203,-0.09835883210391327,-1.5092632633745664,0.7956959941348378,-2.224767173460625,-1.8953080184195268,0.6695049213151636,0.03793155092148659,157902.6431012992,65.56,0
4.279247214483899,-1.1266416119603764,2.0934946479504974,-0.8767171514191356,-0.9048180233896667,0.8597055519404261,0.5403269333594694,-4.1422583179378,0.32055444989113324,1.621117813342825,157990.83377365422,104.05,0
-3.0276394924903136,-1.3548625251061241,-0.7883017812889652,-1.9842832524214398,0.058757464102335955,0.853666594320366,4.237121956113995,-0.5857643837377713,-2.241304338042117,3.340168630559103,158010.38425583305,99.94,0
-0.5162137679340901,-3.0268360260517997,1.3609332597165469,3.5221618530195964,-1.209371264520498,0.3494229779985997,-5.527561612663833,0.9623124726915722,-1.2090177560185214,-1.3969095397338522,158034.00911303097,29.54,0
-1.6409031266424159,0.7234681655197298,-0.8956564412979933,-1.522563448838534,2.2755252215316135,1.578416286597779,6.934918468312164,-2.900737972296862,2.2256292281103285,1.550032306818435,158085.3717045677,56.51,0
-1.3764659140848505,1.048381822933141,-1.6202825340626603,0.36553011379490785,-0.024782905877284378,-0.6903690427712132,3.198815018329695,-1.839771286006655,0.253453803724104,3.183665186411171,158088.5666300935,117.36,0
2.2859922272260573,-3.7368523436069263,1.5961571529487735,1.0212152897762437,-1.188798958172621,2.0540306671182265,-5.970023929638721,-0.14724066473594255,-0.027370627062488273,-2.2211778026832816,158122.49457897604,76.73,0
-1.3603230878200048,-2.22009357563552,-0.5951123252351191,3.55235993339116,-1.9179765806853566,-0.12187644960707443,-7.659806821867927,2.689532039924399,1.1104629013393996,0.37571552140542064,158127.56382073706,2.39,0
2.3537803052182142,-3.3107454668827634,-1.3982084386657143,1.833967650598711,-4.108894568050891,2.544906492745693,-9.792812049620807,-1.0376404792093954,3.369074274748452,0.8002748579374319,158196.37782321364,27.68,0
2.649301084076635,-2.4290477514627806,0.2742300333574398,1.5667113243113029,-1.7420252348657292,1.1189967990201442,-5.337366836610291,-1.4606201976691158,1.1426660011826342,0.11970629344737072,158357.47009514103,11.14,0
-0.13078356504960587,3.7368658323646273,-1.2973383213330503,-0.3379781478629378,3.160949687375587,-2.014566435127846,4.563969090878245,0.3336732829461986,3.3708757524363655,1.1787839537291604,158394.56875336063,18.24,0
4.606385857938154,-1.7745832065470775,0.9345254672789716,-0.14788115241035782,0.014200275478124746,1.1135004631891836,-1.946157547106694,-2.998949187326678,1.3681556728277537,0.058522933963691015,158511.78583987555,154.34,0
2.3844074546896272,1.365806923344421,3.3617256786988063,-1.8393966803268653,0.6812737788099374,-0.3990222997030513,5.576269423171236,-2.986731644816963,-0.8725124564973699,0.7109114262823466,158541.5536932079,3.44,0
2.52315513367609,0.6378394771240345,2.902211805745047,-0.3355080833705344,2.383716383543735,-1.6049125676000313,5.217237673867258,-2.4980107365144275,-1.2001265726777635,1.3431979323493919,158643.62822001323,17.13,0
1.0610212581809004,-1.1466073701994075,1.4049050333485031,2.39099210669628,1.9790350766849132,-1.7132739494134075,0.6880948680386735,-0.9041451449949548,-0.17241560659553934,2.157090874124467,158671.71417751553,25.08,0
0.9621948674511622,1.8336199788072065,2.276095374679731,-0.9331899056529651,0.4782695280400495,-0.5519390596922931,7.2711544442911675,-4.414764976548342,1.1546480916441122,4.172800488862186,158704.0874747266,63.36,0
-2.037451682707324,-3.947004531057423,-1.4038661694836185,3.9074239134725812,-4.643768842743658,1.9035429195678544,-12.482970290844445,3.1643703066492437,2.9379377222619003,0.7650635966993427,158790.505012915,50.65,0
-0.4644901445203947,2.5391104029875144,-2.2285203716942625,-0.5349180947656856,2.3607653220881355,-0.549985758064209,5.023177202391105,-1.781323994415236,4.002744103742473,2.8438966897836524,158870.93297145132,17.01,0
0.2598834162114211,-3.2459986129926137,-1.3389199211354192,3.4078194203765064,-3.2027400234854144,1.2230544643816335,-11.539752223155821,2.5145634909252736,1.8249308910063946,-1.3347225774486526,158894.9610605654,12.66,0
1.378228533353562,-0.544405715332001,0.34905231472225384,0.30260327009501,-1.9474088777177285,0.39825742904153516,-2.172534505473241,-1.240239165328885,1.0428667819950466,1.6457729134303296,158951.05051612502,18.57,0
-0.8155734514253439,-0.4274862290012007,1.3798889267041918,0.40768328534257203,-2.201604887633035,1.0254686714540975,0.932441758181586,-2.17202275435163,-1.2368019647406763,0.4466313625145826,159103.8115792074,172.77,1
-0.7554311750462128,-0.8876705413561556,1.4531687008273533,0.9646446055467398,-1.9503208229834283,1.1408830800966752,-2.1617640087623116,-0.08485738704363854,1.0624421089866287,0.1453918277207109,159108.46994246816,21.56,0
-1.0065816093850706,2.545395801881691,-1.425515324438878,-0.2071636864137375,2.4326360280403816,-0.24744510139325562,2.9733219214410376,0.3736112180899074,4.467892897062361,0.33709957508411037,159121.47731628193,192.68,0
-0.92696002358132,3.950147364725153,-0.546060416172844,-0.5025994352736725,0.9448699155363868,-1.765786840960626,4.651112883957209,-0.24512184738907317,1.8936543187089527,1.603314548054546,159122.5081025507,41.52,0
1.4323608770012113,0.678211849409913,-2.941252324994875,0.5487823891330401,0.8330984640224026,0.04573172593138171,1.5954529428691049,-3.455512463094708,1.9548451382350231,1.696087492981524,159126.7508118973,4.94,0
0.0003249489911953951,-3.7443522748431404,0.2390550185462491,3.321342023217463,-0.9037875396897638,0.2149699661968029,-7.369433650425679,1.893069801091142,-0.20795852828919914,-0.24803383825323655,159147.8532454883,85.93,0
-1.5783522406833579,-0.40355962174423365,-2.41597978493608,0.9737702666543193,-1.1698361678806193,-0.5623916599444052,0.6782359683747043,-1.5631250035961193,-0.6975468466069599,4.0805761290523845,159201.93811040217,26.92,0
2.37815573095675,-1.3996535611023275,-1.4288465175105562,1.6265580537406774,-2.2846377153905992,0.5431652802809268,-6.682911522015569,-0.5612425175145386,2.9060464091853273,1.4397504364424774,159299.8678119946,69.89,0
0.7320343033478363,-1.9021630604491548,-4.607841104158504,0.8624920863216294,1.2347499519766905,-1.3314268892235186,-3.4308411039646924,0.9763755390682323,0.26757002559216003,3.480407749321181,159407.8930674367,22.32,0
0.27521689852134124,0.19205502724119183,3.494785381791872,0.49787784557065506,-1.4051542433805007,-0.42961206073364894,-0.2831479900176143,0.32684595849418274,-2.5468227029669763,-1.9469959617255346,159452.44252071454,55.97,0
2.325549816704864,0.10056941713045309,-2.2504468787617204,-1.6602528762154474,2.6243664276355694,-0.7224779361916552,-0.055635989390224516,0.9002462649248135,0.07117019359511878,-0.7668398541845147,159735.66256106444,97.14,0
-2.440299699648799,-0.35317164854451377,-0.5950157842800787,-1.6286891353926545,-0.4346029147024748,1.859322116847295,3.747514083977456,-1.5739978338501257,0.002562534559785834,1.5199451616277044,159787.05723853564,172.03,0
-1.6121142004432942,1.5093416617443904,-0.7243395467607798,-3.665907918023488,1.9390577701588767,-0.5063083423566944,6.136378349438797,0.8703594989089303,-0.4235085975740177,2.45473538404464,159882.90924942706,495.78,1
2.5697107402563897,-0.22700780109607244,-2.867203640844044,0.3254328633230561,-1.9321522628839767,-0.6429255802243604,-3.589223911541779,-1.4235446394336138,-0.9962615977447482,1.0383742411009849,159938.23903029095,205.05,1
0.3778838821342505,2.0601097446894654,-1.0217399454283902,-0.9120260365975894,2.473477875552956,0.6720479035553573,2.7284799593101896,-0.4663029309083697,3.7126583990961466,-1.7794898064642477,160046.33502501194,41.57,0
1.5794804985421989,1.0678354734222566,3.430219055856984,-1.3262092491178912,-1.134481826051831,0.3112963695842347,3.1798680690454373,-2.363729199517301,-1.3516998151943587,-0.627740930162799,160078.91444295898,171.28,0
-0.4333264618407725,2.6971422136745695,-0.7359924367445299,0.2764919251420166,2.106155005101293,-0.8909268455652379,5.109374976431152,-1.8207093659526086,1.955353081236002,0.6784847723462057,160092.94428682874,151.58,0
-1.824322446176258,1.8475337738588733,1.0895864161128301,-2.613700937724748,0.9907009142136461,1.740942714842206,6.529690692717864,-1.3552009544397838,0.9074779993318834,-1.2378735390191316,160114.34162790622,7.12,0
-1.3156271643979491,0.623410350077092,-0.8127465485763237,-0.10048229332637826,-0.6943280498088378,2.451557184468214,1.6714048617100292,-2.3632082382960933,2.746231014620993,-0.9007774696088895,160185.76725731822,10.2,0
-3.182520245178328,0.7693612115928278,0.9472652938558672,-3.3805890779820715,-0.7822778712692893,2.435714447914649,6.001926268660323,-1.1275471772143855,-0.21922115811969567,0.5190288969990915,160191.5693408018,45.47,0
1.9868373065605869,-0.5162285964845256,2.4048028132259436,0.5759922462049039,0.4893944180670029,-0.1977556606575687,1.715335519101038,-2.4653144715285826,-0.15790739088018668,0.8592268195649246,160204.71666673623,8.33,0
0.08971555752049842,1.4977073533625433,-1.9054983787793847,-0.00667716200924684,1.8543877148941197,-0.15909892162238548,3.097119134278463,-1.7143201260384355,2.573020501803594,1.0912118934730035,160206.98950617685,28.56,0
-2.749195886055672,2.852184498645414,0.41784517702262924,-1.7960881349521323,3.1674705847428597,1.6958185301902402,11.82359549229551,-4.352310368226739,3.852961320291045,1.7106174197016069,160216.3272060494,11.44,0
-1.5866164450296836,1.022605959770525,-0.3052304209986937,-2.656937779447952,2.8664229060456052,0.8307489528284866,6.480865745162417,-0.4281803667933137,1.2807305297499825,0.6808818640047887,160315.5945361328,66.7,0
1.797445990634787,-0.32517548761142046,0.4736818946105644,1.9332608477967514,-1.2764364239557804,-0.28132104288040644,-3.0298882081733107,-1.1855832676931655,1.1012209862849376,0.37072101965095405,160372.8530483414,195.07,0
-1.4246652204551886,0.5928457483297707,0.41302262733929274,-2.117774794252237,-0.14026090841894812,0.31829673439542966,4.542495046472251,-0.9679829389648759,-0.5334779051551901,2.6206960532970083,160389.8665540908,259.41,1
2.2288969768623934,-3.6900334757096864,-0.550207270799927,1.2173894152168379,-2.8362490197829366,2.8193879463829035,-8.186165774840477,-0.8735250812790296,3.151650576193331,0.32977923236634066,160413.44761515895,31.58,0
0.10666628782404741,-0.08033152503022001,-0.4447537873067211,2.028637277358672,-1.9166821189153151,-0.23975531752127724,-3.363810182682641,-0.32461542362779183,1.9831741094519086,1.71917524747535,160467.3611335401,60.4,0
1.073410696269923,-0.6824567065300018,-1.189019315583614,1.2561999819896004,-1.615105438160845,-1.0754383382883592,-1.1946982632159615,-1.9347661384555797,-3.3934471936967383,1.132809210937816,160555.30905867196,7.12,1
-2.0444112455543593,0.20261487498952346,-2.7381422212362043,0.4069522187893633,1.3232169349758696,-2.0988834561370173,4.445410397206818,-1.2893187011354694,-0.6720319005525732,6.670395990866719,160556.20713417957,9.12,0
0.6473285439783121,-0.7096447023891924,0.8274109306178676,-1.4840959785380718,-0.1812376833204392,-1.3180201398488343,1.0040456883496292,0.5217593906999538,-1.611974437090184,3.9980738229981907,160570.60766758435,49.71,1
4.321508898743453,-4.983880808223247,0.4002594390412858,1.4081931695113774,-1.59878865691392,2.4232889243515143,-9.377194130200706,-0.5635973557384226,0.2187033325335691,-2.6862871744615706,160596.1709212468,35.17,0
-0.2976089825867416,0.4708317991464491,-0.7051211712211215,-1.8914274401160465,-0.03510695595361546,0.25928462572289,3.485494883601849,-1.4733990532500245,-1.5434197885925598,1.0972093510176335,160622.6361260243,16.01,0
-0.9097556252636084,-0.960479353681269,-2.3632794628723683,0.2968607904023739,-0.5100687399587114,-0.11877227404577415,-1.1780570515028483,0.10308922117637564,-0.5137484390375002,2.036977712364126,160651.75432479664,34.5,0
-1.7688667986271176,1.4505905303438975,-0.42907454278111,-1.8457581956481652,2.0395111686730667,-2.490989668885597,5.205382337127568,1.7083849286303208,-2.2890224441219233,3.196763225448454,160772.84700525945,6.14,0
-0.2713261146074337,2.606032192677346,2.7840730543484806,-0.4687164200300684,-0.8248221050719493,-0.4296471779947369,6.592886908654963,-3.6793109140975075,0.49585886421270087,2.597161321078495,160806.85309046874,78.27,0
4.052054784917543,-1.963238765627235,0.3926937648320855,0.6862361488406834,-0.6248505790749608,0.8183836140618475,-3.273940277923161,-2.6398989913886126,2.1808701065341793,1.5151379289800975,160834.86586429598,19.94,0
2.169896369594006,-3.108206428083599,1.3778053218614708,2.4999698246618722,2.3159170449177573,-1.3407908207368482,-3.5960869629623287,1.3029356517641104,-1.888764084238673,-1.0535124825002167,160867.93458360576,25.25,0
0.8875268235381897,-1.4902750860612635,0.03614828174287932,1.576367741000792,-4.12036539512546,1.7093775212895492,-6.770054051473681,-0.5679910352012709,1.6814975897884241,-0.26095105200883273,160972.6891926783,9.39,0
1.9778523111173254,-1.953106038512361,0.8080051153488019,1.093876339267277,-1.808142083221378,0.1400695020261414,-4.9036090617879955,0.05413664824965303,-0.7076136246182783,-0.05225299230221303,161007.04271799067,131.0,0
1.5148737716999006,2.120291410798141,-0.2305875425506172,-0.8293343349278465,-0.15548155920332474,-0.264729560551921,1.09572356043928,-1.0636683305093373,2.315999672963459,0.45244687510309045,161054.456632131,1.97,1
-1.0664803723615504,-0.8646055350299786,0.6854886756707574,2.886961567030624,1.3499207568155667,-1.4301077060712348,0.3628471027220124,-0.06478751611418365,1.1425135790664185,3.133234629060134,161070.03921316823,56.18,0
0.22673795813006925,-1.4086558206280526,-0.8959102580443159,2.6624265826822175,-2.8037784117093896,0.79290790010613,-7.134816113590837,0.5490197679747841,2.18706213769112,-0.03346226563361343,161145.48299085713,55.77,0
0.15085895983373776,-0.8336212738492451,1.314725323554065,1.6539923430912338,-1.9626642256925408,0.7667099284917674,-2.321697721636511,-1.1033146642134053,0.9856300458556422,0.3739020043855448,161172.37580534117,35.35,0
-0.17579777810996577,-0.25863625680280156,0.43755924346004804,0.8738893904635672,-1.2382716611133193,0.6301291114315448,-1.6559698657715756,-0.4003124622288845,2.5141699812656713,1.446483353995884,161175.4819235735,14.9,0
0.27323018080454664,-1.6974102267406348,-0.24254578715660413,1.2289385402399862,-3.365377449060358,1.6562774431219476,-6.143509000061129,0.03497300548499571,2.6959803470361163,1.1322965192304044,161209.41625203934,89.86,0
0.2542688971320113,0.5439259860072918,-1.8970219973020677,-0.8077735101448016,1.3487120398044143,0.3008399668561625,0.3018014981419073,0.35104467179323273,1.9365779312329765,-0.2291047490167737,161241.98365616676,9.83,0
1.3606563800476312,-2.6546983135189257,0.28938022380681394,1.6975447727670219,-2.8278777078516293,1.873766182691983,-7.878453736702239,0.46616545400733433,1.596251875753768,-1.3914775655926328,161257.8391648081,8.13,0
1.0659315323490839,-0.18142444568189553,0.7878402522552298,1.330835779864112,1.8390903176406521,-1.5593430272662145,2.228936601589338,-1.5737388757098736,1.1253305800735485,3.543239989122555,161351.900294654,81.49,0
-3.255874064842339,2.1508063336502854,0.33998713011783765,-3.062429520168915,2.5538330141591734,-1.5519281861672958,9.359216585314355,0.6215605894747087,-1.2435235789810077,4.153899562599706,161373.60302882196,16.23,0
-0.16675457586375642,-0.015605886025029436,-2.2543348717474787,-1.3382375854333035,2.585168398657939,-2.8098700440602027,2.0180924426540714,2.144619905804193,-2.212369093642135,3.605443999119225,161447.7509281423,24.82,0
2.342806454765927,-3.191808027110369,0.7778983050369703,2.168776663283536,1.2656215471472443,0.8354898182364814,-2.3604109483016873,-2.0680655590106425,1.8593250631566671,1.088304020344842,161458.62015208576,42.91,0
-0.5884113698214348,-2.376843751689445,-1.883006339504858,1.5404509091109877,-5.492813989684223,2.0365153730395127,-9.937098960162903,1.2278532752519573,3.4598499206931694,2.47339393117905,161470.54543199288,39.78,0
0.6173342178182131,-1.6175898085077884,-2.478937429095537,-0.7403941255164082,0.875809510289545,3.4403219404818532,0.39886277638015477,-3.1449780840794226,2.9706217337250647,-1.0520117254774832,161651.72393755126,81.14,0
-1.4065570368693168,1.2374677158045282,0.06152253534514185,3.108202797227335,-4.311281608246041,-0.8121257138850135,0.32601895957073745,-3.6535731633924136,-3.4680932420568644,0.7237845474747795,161767.54497498294,443.91,1
-0.7660033980465009,1.9261759584074947,0.6520286391919616,-3.5024723693524304,2.311521591480531,2.750448046965062,8.36706204642333,-2.9795930544357696,2.618039890520854,-1.5428647796817083,161777.4761509096,68.21,0
-0.8024011960996091,0.8272900468702,0.9801204409238958,0.4623198759668513,-0.7317440643853163,0.27453504974418697,2.4189839211927495,-1.9976069404122443,2.5942261653971768,3.1559934131235545,161789.29138983053,82.38,0
-0.9306675934882918,1.000807186740963,-1.2970114747304047,0.3958879147915635,-0.10071659766721974,-1.3646791779427625,3.6461056965627123,-2.1206684547763723,-1.5168113534744982,3.251231783969574,161845.46362856936,23.5,0
0.7604507952226649,1.0335360396256006,-1.0388412741167792,-1.8095384454369994,1.2802646865933973,1.3678841418376275,-0.35853179208765784,1.1024425255051709,2.7912100712267964,-3.067833488005615,161866.94205370772,26.29,0
3.1657187615024545,-1.9596981745589428,1.2198012585810545,-0.058073359706136696,-2.1464200648045875,1.5930518953965058,-4.13992013824405,-1.673449832368748,0.8298226140090751,-0.2629654518297726,161882.92143931828,38.46,0
-2.488706395529643,3.7081545853758544,1.7066619497100937,-1.8510847450966204,0.14333974590349063,1.5162580089141817,9.717508554107727,-3.8982136467725734,1.7238811551196829,0.011547597124625164,161884.17895531817,24.88,0
-1.029885984139609,-2.3762221019719245,-0.38594024131980675,2.4360330398585788,-4.856291001002958,1.4836398698381206,-9.23220064407343,1.7050304861886185,1.142983541343522,0.12512526582282435,161906.31181976764,273.71,0
-3.1572954137694946,3.792087106282412,0.7319379625775508,-1.4491766802078476,2.0812301525127204,-1.8558049647715777,10.581428373378738,-1.3953524697893511,0.00788526207013196,3.889371007086878,161953.08259445877,110.35,0
1.371160368570965,-2.7266942946047017,-0.0468285572387519,2.9000840774316674,-0.21188755252537883,0.3958888375240055,-4.118819777681616,-1.2817531442754224,2.1173878821010774,1.9610574368315716,161980.65789070216,12.69,0
2.211530710173756,-0.3559356534527832,2.5019140952226646,-0.3604863322461773,0.7352533708039377,1.0646486552609056,3.544156808769303,-4.023887997633141,1.5063408024297087,1.1192276410360564,162080.3919917769,1.36,0
-2.5431667353496348,2.7070347245293496,0.6293693013231796,-3.1234517586001713,1.4210595111259516,-2.668699706908452,6.8950131853379,2.388530981539665,-2.6780433984687058,3.2892551258266316,162139.0726278978,3.84,0
3.030541965609068,-1.7539487371571814,0.3207602950827333,1.765261751821265,-0.40198696716090976,0.12028778542589011,-2.8201027704496884,-2.4045266077869254,1.2828766170521573,1.4614017761120999,162140.9579109474,19.19,0
-2.9403322443879634,1.3084715445630604,1.1248670057392287,-0.6610957820127832,-3.622150836463943,1.8744331324121382,1.7145221598096814,-1.2417939124668629,-0.678782975822769,-0.8892739008410935,162145.23093867535,8.89,0
0.535452106368804,0.8642007160141101,-0.40771326675331543,-2.452455739375049,0.1264102979039381,1.1417333857596914,1.2505144053096129,0.01066948756395103,0.14359218881535707,-1.9760066196587904,162169.71693940592,50.54,0
-0.19312388145041026,1.2288651308298135,-0.6319161231003424,-1.2748529148966026,0.4437176046530078,2.5359404913604053,4.913946810846883,-4.166692718443453,2.589963974527694,-0.7492602851544397,162177.94658415695,127.87,0
-3.6310780235560505,2.778907237180902,1.7420822621052992,-2.648656038658392,1.1759176428620057,-0.5484083266216971,7.371343920148684,1.4960592876907781,-0.6728597337079747,0.7686820190785115,162270.89830302846,87.75,0
-0.4467890531609333,-0.8964107340804881,1.4601020111641165,0.7603435129805591,-2.3499721149218082,1.1631900092892862,-2.785117428777582,0.06900649844678486,0.9491388481947861,0.04889309130552055,162271.0332490104,16.79,0
-3.5804331426280083,2.749569868972387,2.030996976392913,-1.3100742070175344,-0.22325533261821429,3.9638180208019906,8.422586846450322,-4.193331447930744,3.918855993757108,-2.190085458302088,162345.4171022919,34.13,0
-0.65134080537141,1.753117792738922,4.082785482018133,-1.0636288713504327,0.16973063857202964,-0.29714374718051917,5.922392544899406,-1.3490354029093883,-1.2128132885741052,-0.009139815272144691,162402.9909604085,47.09,0
2.5101747093877673,-2.825499372955321,1.2451084425452155,0.671665480217744,-2.9133368356555174,2.528346294360091,-5.943967780724998,-1.4249398447571275,0.08255203528468869,-2.27724076529154,162471.78571823268,109.02,0
-1.7960661303427745,3.7497041239986952,0.8573364839943669,-1.2989619034314155,1.533792692925906,1.523093662233354,9.54911537300106,-4.184498495498739,3.6010925266436176,-0.11475116805228058,162511.2433761836,119.76,0
2.5159297941815457,-3.4371777567279542,-1.0400789825512886,2.588839022307943,0.47479499132600766,0.48288714985710585,-5.043325480682671,-1.405760077376335,3.2705426488652716,3.015666233408789,162549.37355593083,157.31,0
1.3766140486060365,1.8003614131156498,-2.563769906584228,0.40439011905171807,3.0070541984144654,-0.35818741997617315,1.817106431108217,-1.3055091830243915,4.1911635999410715,-0.06315002826649607,162567.56514293703,47.27,0
-5.144179750529536,-1.1737043496896098,2.108997241170931,-4.237594132782084,-0.012061768182239474,2.562502466634796,6.8547696326405765,0.8826990711561484,-2.408160761718083,1.4331784560097725,162625.67640581878,172.27,1
0.2210560632982448,-0.6121135090552351,0.16699373974602993,0.9667078165473654,-1.36524402946387,0.36311179281358663,-2.5782298641179517,-0.14038259222041694,2.0770000226586154,1.6531699945094598,162685.11895658355,8.71,0
2.02570948945685,-1.3925275996845843,-0.13396472101045442,1.4846330639453444,-1.053493342383527,0.2926930281351188,-4.034239771497206,-0.9408909702939595,2.5241683961184185,1.8483607530935933,162724.37529450768,55.15,0
1.1399763771332603,-2.4606502188399277,1.0812893896998517,1.875804822716928,0.49074312225082983,0.819712532563002,-0.8359947193019193,-2.376392544217598,2.4179864443457166,2.793550051464897,162730.20296775026,19.59,0
0.8233812921934721,-3.2763142895773685,-1.1072536734465608,3.4780405748842127,-2.0189443329557957,0.7362644537766022,-8.84724830820014,0.792496479949184,2.272862311747816,0.8925596118150791,162902.76233946258,37.73,0
-0.31593065970553336,-0.38681892036619203,-2.620454082737755,0.24133247420702242,0.02223039508620772,-2.0390684568906536,-0.8423879470583661,0.9575067805216995,-1.9083082093843968,3.380672173879603,162904.0505705497,66.34,0
0.7956801602909158,1.1725575107989774,-3.2345157153661925,1.0675903262732502,2.152507299775958,-0.7937428483082343,3.083550846092361,-3.2157723909249314,2.8291622232024416,2.978285015010754,162934.79683608332,20.31,0
-3.3262589785969716,1.2635551446901911,0.5934734554155758,-0.7322558776623466,-1.5736406323589454,0.8178643070763634,5.0190703733397,-1.8916769865345286,-0.9161776665442845,1.676556273200975,162963.50476228548,4.48,0
2.3265464393724216,-0.868688564975277,1.6866900178042723,1.3561792813294373,1.166161039800227,-0.7149906118733954,0.6223186162656819,-2.062113102710071,0.4222105869852024,1.3251970410332605,163056.83100496107,1.67,0
-1.630604314837074,0.3834994916538489,-0.9490876024733789,-0.4932572814147832,-1.1139510899027045,1.8664014028867755,2.7362028974927246,-2.739851048586438,1.195135411427628,0.9784605022803365,163071.63523933417,2.46,0
0.3958435942249827,0.1320825766134025,-2.0545421765074607,-1.1684228489614008,2.432807892271379,1.5197464622206593,2.714350635061643,-1.7333476944304809,3.0112138462175464,-0.15459806042016688,163130.47381302874,1.55,0
-0.02015541364134832,0.6009835115524963,-0.8467520904560304,-1.5284745786582046,2.0406015574685723,1.5881752430991092,5.0847749470044095,-2.8122232446694664,1.55391127145019,-0.37767293866941376,163133.45389784678,8.6,0
-1.4084017687661503,0.26530099891286607,0.42493109320000233,0.006642343370826143,1.2362716813351624,-1.2349093758157705,2.9895490434787044,0.4201425533809737,-0.6171367811820361,2.471707423021448,163169.2493188014,52.53,1
0.7290428065008945,2.935113197548227,3.3741612515212243,-1.4959843599730926,-0.8995999447130215,-0.9185590415801397,7.175000328652123,-3.622484085159305,-0.41307955422776144,2.8540507487498665,163200.71508957562,17.25,0
0.45085451047446945,-1.5344024040304918,-2.853189246836724,-0.4981710237217416,2.1457410228818787,0.8321649702940725,1.0759675516898457,-1.436656635674818,0.8543561458593676,1.2691495721264667,163229.33712511123,282.27,0
-2.6298126375515514,2.9995405137299755,-0.9054389735799495,0.3211848289928465,0.6531441119494872,-0.09668479216763505,6.331794053070193,-2.591738007860568,3.4314108052970718,3.130850808102761,163249.6934519557,24.74,0
-4.119355624132604,2.212056888369283,1.950030245868926,-2.7264292178167873,-1.44427642950905,0.9819898454850241,6.924767206021811,-0.4473724787392095,-1.2681542051982073,1.001862910223358,163250.42551771615,9.86,0
0.25277233334761295,-3.2548974896064222,0.02092831721125532,2.362683728663844,-3.5620282718297336,1.916380769889655,-8.87524102900911,0.9219283760335779,1.1279895272625817,-0.8098165365129797,163255.51812368355,52.27,0
0.3446398235184096,-0.5869806593750428,0.7701784437879585,0.9443187477438725,-0.401739733377264,0.011178498224694251,-0.2849542913553208,-1.1108367322443995,1.9517533719336075,2.7484795621231557,163416.6398016488,127.86,0
-2.6019103799559136,-3.444345088037875,-0.4060727857556701,5.639570305381853,-1.187467936917095,-0.15205163011514417,-7.525786424691201,2.126017229622778,1.741967142823261,1.728499388780353,163488.75185669173,74.67,0
1.8221926681152225,-0.4690028968520923,1.2504767097524154,0.3974154368522653,-0.5357230173531832,0.8180980492849476,0.3656640700567752,-2.822046721044435,1.950619324697565,1.4433815133490078,163547.68547239006,23.82,0
-1.0173578214577053,0.11635182283151924,-2.0037047874137603,-0.7941393389877545,0.2634828902726254,-0.5836492237753864,0.6531219217971242,0.7418756468253103,-0.029596387624589937,2.396387207433147,163595.58835796276,54.6,0
-3.2089986501551095,3.834409944933178,1.213213592324534,-2.319864059152289,0.2878458155833197,0.24467436213923716,9.306555232726657,-1.8597903627304988,1.2783259833950127,1.983410090414214,163599.4790828192,82.56,0
-3.239892518696574,0.6683199759109115,1.9586718964598369,-2.916261092368198,-1.7476851432946532,1.4070584324852788,6.51248532230759,-1.507012158529403,-3.6655021334436473,0.5813101595425396,163657.2672763521,85.65,0
0.9000640603040255,-3.3148623700178974,0.9659280079646368,1.5035037759427108,-2.7206515250306795,2.1472745745330575,-6.908964029262268,0.17355896185153208,0.6952764401673484,-1.102727802188943,163669.50078916282,72.38,0
-1.377614192984109,1.7956990697011148,-0.2281413880650046,-1.8085826195452162,1.384035333894427,1.2418614381989777,7.093360931930678,-2.8716049938552892,1.793614492739845,0.9889185375161762,163684.5541719308,134.02,0
-1.109456416744909,1.1430417471008858,1.6104636017344016,0.8138228269420565,-0.012611427537868591,-1.1041808969748708,2.5478058881624306,-0.423877069672555,0.841866531694091,2.5411351156772803,163690.56108492168,133.67,0
2.039248658454881,0.7484825752923362,-2.368232499845333,-1.779053436395417,2.7215383017383354,-1.6866174114318326,1.262683263765126,0.8693403719710655,-0.24950107975389613,0.9339813112169542,163760.49088666055,57.22,0
1.7470930233251813,-0.1980656964596852,2.6993139938225283,-0.6761006851015263,0.017095757899920905,-0.02812092785983543,3.4220140688149403,-2.931482112857404,-0.8997797241615217,1.6712889200004484,163892.73144306068,37.52,0
-3.3255539566674495,3.338941078642291,1.0216811321581156,-1.431562536914415,0.9959854049357104,-0.9540827414039204,4.704323834813662,2.5017910124988645,1.2516635023589229,0.23851301487497856,163967.42083737598,67.69,0
0.1913026472815864,2.9324764113646316,-1.2106134613470312,1.0277559626931771,1.4547558593805512,0.2905118288191675,8.44369804682528,-7.149847674962033,2.8216432826710602,2.1796022746589223,164077.16376804057,111.82,0
3.2230053680584043,-1.9875756373063471,1.3308384144993228,0.47551335674147266,-2.3395897044329628,2.019753277467707,-3.4762788260506197,-3.084057759113037,0.954566583926063,-0.4397710637954193,164125.42501684447,1.37,0
-3.0257823075489267,-0.3688438363670584,3.0998502540771824,-2.7515409568669713,-0.4581331243760999,2.8906746985657636,4.680321215188039,-0.27733672798440423,1.2537224276390964,0.5638706023311628,164153.29258659892,101.83,1
-1.2501440130148727,-1.4124926902613315,-1.1284041910115172,-0.7496228798819524,-1.526119856775329,0.6498901260518416,0.013099258482726951,-0.5378531260335555,-2.7469968563365375,1.29404253082091,164170.7079063791,14.13,0
-0.609024724040274,1.2944238929323602,-2.2252148877009468,1.1790793215981887,1.0537469660427412,-0.7684879282927409,2.6473169244693757,-2.0768815812516475,1.9645436759114512,2.560102303637811,164201.01474023465,42.3,0
-1.8408876282310485,0.024053366140090127,-0.967985230707659,-0.07120662643158338,-0.8156545237333477,3.469261847234583,2.8558032349980933,-3.90500957593628,3.1994469688168308,-0.23601813221034407,164231.10444842934,134.64,0
0.21141959043874825,-0.9298525587495015,0.16002307851742936,2.378263445357112,-1.7034405598195363,-0.5037151394559625,-3.8118537952629454,-0.008888225524270599,1.094280559718472,1.9428216982666862,164239.3446754111,17.57,0
3.8673681289548045,-0.9302176259851298,-0.20858578880717138,0.00930623662069252,-1.539788142003513,1.3070077268630405,-1.9958724964010617,-3.8886011854383566,2.4484093285883333,1.618500113683809,164251.76588689597,43.11,0
-1.142230451045938,3.0553707711398617,-1.6088863554614408,1.9230022877707196,-0.13537284908616254,-1.2509128358205337,3.0573388666997943,-2.4158538220840313,2.7585321795877595,2.5555279847861607,164264.9149908097,10.25,0
-0.22644929346137344,0.686910139588686,-2.327092370462548,-0.788988196872477,-0.04270989032645267,-0.6102642837410861,2.171728840778013,-1.4150340174113658,0.11614707246928713,3.3397560187175093,164283.43214763352,33.67,0
-0.3559236736196,0.3102082928232466,-1.8660232143100313,-2.3589974005476515,3.3251120502045106,1.2582238218263582,6.218383427899257,-2.262075498164329,2.4616242792501426,1.8630528634602357,164293.5238959752,13.67,0
0.0269419384763262,1.6398144197449458,3.530639056530028,-1.821795770506054,0.5388385381781748,1.1154327197360325,7.603880232967791,-3.695537552453182,1.661155800937435,1.5535678793309025,164309.22355687091,30.38,0
-3.6250819506130836,1.6190916293967401,1.6468091269067875,-3.0477947148241595,1.6125684001572447,2.0942673862120063,6.716600899138485,0.7111574748374292,1.6111517175802994,-1.4376653503973276,164320.46113004038,31.39,0
-1.6799474417677627,0.41006222255751856,0.6045876485686383,-2.9989123504501665,1.3631068317853408,3.2822215581103102,5.520938310452202,-1.5576420172536491,1.7783874280545964,-2.0462852655652606,164402.49753331032,325.13,0
-0.16972248941653578,-0.9947407253170797,-1.7826879292637836,-0.5203880770988707,0.2201987910997879,1.1421718965614152,0.3685854716870379,-1.2132283298171977,-0.028320543343796523,0.2659380312050519,164405.9325621138,343.0,0
3.859999997795798,-1.2997796527615555,-0.42278700161028615,-0.988996524609965,-4.567257930639368,2.0930510531419846,-7.083076945095471,-1.397572632825036,1.7447113823712237,-0.03698433836927051,164407.07123052463,8.93,0
-0.7067888450163573,0.8403185234037169,1.3094961932425409,0.4631327304515892,-0.4243105718915684,0.4848688389185368,2.3842660435789904,-1.798798453427425,2.2581249722596244,1.7334784024787924,164409.66587458228,85.14,0
0.5028507002730471,-1.3833872233603546,-2.639953856616358,-0.9893867361115936,0.07144096429614133,2.385124595619007,-1.8205428385319964,-0.8424387246561876,2.2153318412697107,-0.6538356972977803,164417.59471854882,4.45,0
2.929134033907511,-1.590482359765979,1.989421004936099,0.7058098493036291,0.6396398026768113,0.21064562747366236,0.07837555506287733,-2.560560008081783,-0.07149854010980894,0.49750150220110845,164473.0765211357,2.99,0
3.757702643918675,0.322860928836636,1.38611950118525,-1.5280733351557911,-2.2021420410818537,1.8898705857045022,1.4732477498843783,-5.367710942306247,1.8519370059325337,1.3143573367274675,164543.92456854435,8.23,0
-2.583602822731088,2.500281244994011,-0.8548459480641439,0.3737627003471571,0.10345132553557934,1.2791123196155374,7.269729134264526,-4.812470799297138,3.7423120246653103,2.9025959683737623,164646.43493803305,219.81,0
1.2840868018722071,0.6836136419300481,-2.8141097788293328,-0.1892713682666517,2.9545269135661902,-0.5558845397495334,1.3380240591731707,-0.6254530685306414,2.5275337749952325,0.770128623384118,164838.8581060471,184.81,0
-3.370673194064799,0.2617439951327245,-0.942161600613858,-0.8200597335368701,0.30151707070851086,2.1459765549809307,5.596923325807957,-2.7376338784803607,2.3752339953072856,2.6786475269160412,164860.01751030723,15.01,0
-1.4578109243650565,1.2022891517657688,-0.6239383073077218,-0.18184582423419848,-0.33175426085268467,0.5034370634168568,2.2482953210059207,-0.9899658511853597,0.896038497170241,0.3532927835845634,165000.72049859993,12.46,0
1.4253319455495166,-1.605606014815309,-0.8057907970852363,2.287669995204031,-2.3782203290375827,0.13418941264446552,-6.956228477598974,0.34025944142922393,1.7142719511373121,0.9334896948209548,165034.45638460608,18.88,0
-1.0768889181546768,-0.13478651557657417,-0.49365888298301874,-2.6445334123092596,0.20516995463365129,-1.022490594613643,0.4006687766544358,3.347120857517143,-3.112429719118616,0.6829583307167059,165043.90782000602,48.11,0
-3.957929516022961,2.657953333834403,0.8301393954948875,0.32630400350481814,-2.4472285398359617,0.4257372354463949,3.4631809820695874,-0.8104641226404073,0.866724456962942,1.0613397269537221,165081.8338278788,55.81,0
-2.0218840342926905,-1.31845315219759,-2.5630334220826567,-0.001476700779074025,-1.927133745598058,0.10009629646611465,-2.557033666782274,1.1677603124332503,-0.5890758313661142,3.139989584605223,165114.49466101272,17.28,0
-0.9881161993248131,-2.72573885824932,-0.39447626099067445,3.2310326600734327,-2.640007916086168,0.12524468091023913,-9.493956785292283,3.501330348791562,0.9487522522354629,0.02570771410496564,165136.57889410137,92.85,0
-0.12464958446365226,-0.7947738926594703,-3.201061302965314,1.3811420458028025,0.25396608706676393,0.12531032295115366,-1.7969654150033856,-0.8472748656017011,1.6066632135916386,1.6250888688642084,165182.77364347916,25.08,0
-1.8557458467747496,0.2045426100594825,-0.283424189447946,-2.243181451571044,0.39444434427648867,1.2526482590574555,5.277387770307871,-1.653400029563637,-0.6271583448848572,1.457668397106501,165204.94641614205,166.93,0
-0.35021013858091643,-0.9941499515447242,2.705482532254681,1.31143271322033,-1.9573891419108893,1.0818093068583325,-0.46535480856896694,-1.6676675094325002,-0.3135570495809423,-0.08578244228293097,165283.44162615016,70.5,0
-0.17715157360802603,0.6852786081064011,1.197728033712586,1.2693503305194005,-0.7015319394594741,-0.6559491226458525,0.8934709391331793,-1.1827814688828129,0.9002242052827365,1.8684418725783094,165303.00652322153,38.27,0
-0.5069860416621985,0.10370167518096174,-1.2177392809761984,-1.9778463841501215,1.2333513528161562,1.3485566797720259,0.11919047464579526,1.5462285151675061,1.9941268890202362,-1.3687349074246922,165335.00811568464,102.41,0
-2.00345520030346,1.2172424520051346,-0.24946182039867615,-1.0831517576858256,0.12132507332355802,2.1042794155164946,2.9707542727127456,-0.9493350575633932,2.8721369943527892,-0.8605193365097754,165447.017689783,111.71,0
-2.146750710632124,0.8134327570959397,-0.7671405581197932,-1.3738223911969785,-0.19505253204104722,-0.37454259052015254,3.7584955760774794,-0.26798919063466176,-0.9304334625791755,2.8730596916452416,165469.99940648364,23.31,0
-0.49468124124884827,4.239332302587049,0.1381226064460317,-1.4177161894836117,2.0402000651390084,-0.5063682021167278,4.757927545162329,0.38616336877115254,3.597195505468487,-1.258747308245988,165477.6491625297,27.98,0
-1.9669340058551232,-0.3243060914137956,0.5316068654856023,2.0934640576277093,-0.10300694489156159,-0.605386652527144,-1.6770034294479383,1.7466246507948346,1.1148212799098136,0.8530368066514095,165506.07761076163,179.63,0
-3.633817680412541,3.866611648289816,1.2120409591597903,-2.378252992965824,2.9637062996393304,-0.20568619874273816,12.430483007358072,-2.0345490326887474,1.92266570375575,2.767468130185584,165531.01611860993,12.7,0
-1.151710881154481,-2.292976798517315,0.11500251437081388,2.355999541001651,-1.4070646564909322,0.3929167202513356,-5.373697114093686,1.7765233562431897,1.4777692756165224,1.305830131583935,165555.0973646289,3.8,0
0.6120064403673326,0.3252094031813495,1.6817861199047495,1.3504484294064287,1.3176349688642275,-2.1794326860552324,2.2164221562792434,-0.6146673255497608,-1.0690297871966354,2.0292881095844364,165562.79194127815,40.34,0
4.23616294873924,-0.8425574876571383,2.3544126235703184,-1.5567157247831922,-0.30367661237871957,0.5882392545993186,0.7352631776513469,-2.884026112641381,-1.0150207925243802,-0.18394229925352779,165814.84413867458,106.01,0
-1.7950839531699114,-2.2227779706879476,3.515105515624773,0.5191279644657585,-4.208284751920219,3.887356669775093,-1.089378443059488,-2.537998668795046,-0.09637675283734393,-1.0813114501677847,165864.29230888508,42.57,1
2.1873470270270476,-0.11130688821803991,-3.2982171534087104,-0.46802670944819336,2.758927232590578,0.40628168298840556,2.1640739493619128,-2.989500045614684,2.2598474173989094,1.1203453778292907,165911.43244126128,164.79,0
2.0432278533017985,-1.602150944845791,-4.246162503794199,2.162460153277012,-0.7580831094172764,0.29889730194709085,-4.989059220529113,-1.9716010559270956,1.115051182949683,0.7569926432575816,165996.3413686809,50.52,0
-2.708841916258064,4.238168507934671,-0.13839464284479142,0.5019403034747665,0.05460391141697607,-1.0553440189848258,4.633251935773143,-0.38705317895688607,3.2623994563815764,1.6536040719528522,166047.0013893009,7.85,0
-1.391126505671044,0.41544068889011343,0.13241520463868905,-2.845968373064493,0.3755560041549405,1.926489159198061,3.438409186528881,-0.1605524382458159,0.3016570329846533,-1.0043378035107375,166072.95085872186,58.75,0
-4.222820091342205,3.3208457326504375,2.4912253714490524,-2.0322930438227464,-0.6024452582968507,0.4127960376634454,9.887923933019145,-2.0479257626797205,-1.0167747953660573,1.389004780076155,166084.21187843208,98.95,0
-3.041611709927271,2.9052249583880307,0.7681770227816695,-1.619086840902424,0.614775962498748,0.3328457124614177,8.61191532137879,-2.220215520731408,0.9397266108857301,2.0242073880575684,166093.72942877238,7.37,0
3.49482589168073,-0.822587646663282,0.455803823976368,0.3476049226305785,-1.7472391469832211,0.801962569838578,-2.987263407402606,-2.4837650371831463,0.9148030809619676,-0.03591254770855712,166145.8736864066,13.32,0
-2.437816625405352,-3.081233309516143,2.2178810487422567,-0.7652452372694196,-5.795137697878678,5.548321551798918,-2.9165229813483515,-2.236942973827746,1.0613828489302826,-0.2987874465708651,166263.41637640086,152.21,1
1.2991082540789907,-5.240766596208642,3.0690975292407123,1.3057351867799185,5.136138787911174,3.7715176123543834,3.182502433628068,-4.111889863523757,4.177133436965868,0.15796473248610343,166310.89256599682,105.21,1
-0.09784346282500134,3.613450661655061,-1.2527430782798097,-0.712914175556975,3.8003888075033885,-1.2359658802904598,5.618774156281098,-0.3534300284702877,4.221988959689531,0.7819069474450524,166345.64605634546,142.57,0
-1.5960696112875068,-3.890692490067522,-0.4421901415785967,4.600472511777058,-3.1469140344627546,0.8449259840085067,-11.513453526300815,3.589184147487998,-0.26180531256324624,-2.2068842617979034,166366.370923754,73.19,0
2.6114419902107935,-0.4124468693417448,1.9088855955977535,0.8613816111375894,0.7129321424565773,-0.4235486835952082,1.185745913848603,-2.622956155637877,-0.21175859286728982,0.35650996691545944,166373.62970239168,262.27,0
0.07580120960273162,0.5768570175668093,-3.1568897246884142,0.7555411808532388,2.244059963315987,2.076514099929481,4.074899036189731,-5.0592714208023715,5.766812880581609,1.7413600898128463,166393.7640410538,5.23,0
-2.435416295520699,1.9358785588685832,-0.3008659600285408,-1.1153958209567534,0.44063029769544293,1.628112393486542,4.677097535043345,-1.368633482444305,3.327613392270364,0.4262535676123478,166405.01826683426,152.65,0
-1.9811074578700194,-1.9039762734791132,-2.7597609935737015,-1.3076013438418106,1.4882695180645773,0.7797295662426915,1.2172244290729437,0.6361922043670127,0.6987202530629433,3.4095797037847304,166426.29128260925,110.35,0
-1.0195928338215472,3.0719590913900725,-0.030220371432389204,-1.3278354825166816,1.2173134700361192,1.8293556555241453,6.198736638521251,-2.870539122792007,4.37420728064497,-0.9214603140922428,166444.85481533763,25.52,0
-0.708639665156934,-0.9315023126630637,-0.74345226708817,3.1355643593856475,-2.453208882670256,-0.4391695550408085,-5.569147625865955,0.7471884363741366,1.9350073658810698,2.231632361771002,166468.66337307534,237.05,0
-1.5209479916474602,2.11008794645128,0.06629281520706698,-0.520087996203214,1.096688137473579,2.2704960827714973,9.610063449254076,-6.605454515885252,2.6541569803431706,0.9918377709375815,166474.55823210152,23.07,0
-1.3958895361701895,1.7713270392591536,1.303281163316239,0.001630535106890818,-3.99309750506309,0.3154770954500645,0.4303017902110226,-1.2750783445865417,1.5938139177712425,2.9911287508186737,166492.66882537527,144.06,0
2.6638560748787654,-0.4661333328561983,1.0551064401409573,1.0860275275813354,-0.7918908783588743,-0.6106644342672831,-1.747228300012008,-1.5977916462991055,-0.1316744600675468,0.6333929411644525,166513.5320410229,139.22,0
-0.7243545299553331,2.263808545161791,2.7997580998276814,-0.4373372352089169,0.8075765239781998,-1.4088689092175906,6.301807543580713,-1.4121159364215967,-0.22908069989128044,2.194422365570775,166582.20794993895,93.13,0
0.28044437848951587,-2.4163148068845564,-1.0398667840714118,2.7994683874035826,-1.3590166592747484,-0.4381143106703956,-6.5231870728942285,1.2459401657324038,1.2598452296942055,2.2280422334708225,166584.1847902008,54.88,0
-1.9409014824748319,3.189484354251424,0.380306545551262,-1.9312946767047943,1.237680834672891,0.5139262980625733,3.4940435662554576,1.7500971954159743,3.4787790721344343,-1.4361635010826612,166592.75036949068,9.31,0
-1.1724265512107297,1.6366763085025473,-0.036781236126592454,-0.8229326324307267,-0.5705950721689486,2.968813702624078,5.648669193430141,-4.97022403618076,2.7625840408434197,-0.6257834668406801,166661.56579406024,50.35,0
-0.8021809126151256,-2.2149178801428544,-0.8813429137118112,2.049903434493718,-2.942942539514024,1.559187510923605,-7.420857684630578,1.3716641975814068,2.4994061136233263,0.39645403459015394,166754.65584173275,29.68,0
-0.3606022982871192,-1.4368566825303102,-2.0037047870113724,-0.8639138551995862,0.9132319830398024,1.4334579047937273,1.2914134770022423,-1.481612558560469,0.20185724936082305,0.8212700163282142,166756.65016317338,103.13,0
1.8369358976123267,-0.17907650126982433,0.6758430223089394,0.3577065213186409,0.15020987753507709,-0.2641512054968107,0.6707297659242782,-2.13333481239548,2.6483052615457705,3.581885569310595,166772.51074414866,93.26,0
-1.6843526687397954,1.5548161222743635,-0.7605654782353086,-0.560284831225432,2.1294369567634974,-1.1819840422728523,6.170941381765923,-1.1138436762798276,-0.005696066903597696,2.8072053971480786,166861.21531528386,157.96,0
3.823665688410586,-1.6392937154613587,2.7033258503644495,-0.12460464158160578,2.0793931993888792,-0.2702050985325977,2.692660586337012,-3.3340690396587807,-1.1456721994961856,0.9047776080104522,166881.11785685236,1.97,0
-1.160247709812543,1.1806369135244181,-0.49511863560397096,-0.8969855305665895,0.9752501346982743,0.11800482662216225,3.9593090094846444,-0.9400630425841205,0.3354117478455193,0.6245030849538807,166894.06944727642,108.64,0
-0.6610248721951459,-0.3922570554396754,0.6376389352762721,1.7572425651697656,-1.0645947398212203,-0.6650014129762036,-1.4679857075347507,0.11059350172410043,0.5232124855370683,2.006920456765851,166933.00888623542,182.23,0
-0.6388189635667233,0.139966543092937,-1.1764586947208624,-2.107169095258775,1.1952734419061892,-2.0326300282692356,1.2907128670428178,2.8590476357826144,-2.9183142222213108,2.0399850641111406,166996.92427771518,102.23,0
1.4332686153376923,-0.6463384832492058,0.9887951005725277,0.288580580494749,0.8793343737172195,-0.12721999321216973,1.3731222834558878,-1.8951134790878443,1.8836184093722725,2.941274463260582,167037.9527307461,10.07,0
1.0909946278752325,-1.3374365850900898,-0.6747341581128286,2.122652986048541,-3.8866779168646177,0.5236900445300878,-7.9912496220341085,0.51595831022639,1.3576401474524697,0.35972501479989494,167070.90236531652,6.51,0
-2.213864776165937,-0.4113076833025894,0.9291974094536708,2.9110036991082437,1.4169830911734387,0.6203121340369598,2.395609929049029,-1.7585952851176707,1.5761842959027472,-0.14953525833523007,167103.69556426207,77.39,1
1.2636662540124837,-2.7451776134819257,-0.5813338824968111,2.3017753626244666,3.152707213425326,-0.4193340619766953,-0.5070309580044176,-1.1049888784175088,0.3272765170660207,0.9920781009558113,167119.47911678464,80.73,1
-0.9367013670886466,0.8061194158799594,-1.3064819135383998,-0.38001173691049905,0.8390210752302368,0.9345348933637259,0.7002332920793614,0.21521162418516782,2.7026339572349505,-0.6081488488148861,167229.1811985803,65.57,0
-1.9786740648584247,-1.8202640041092928,0.9125078403737559,3.361281373739545,-1.395091868593164,-0.6510207301711339,-5.123577704691635,2.58585365536401,-0.45482145120499196,0.22881837033312613,167246.21402122127,282.85,0
-1.0992182439389018,2.109560559447179,0.4749763274751835,-3.755077164676912,3.206380824545005,1.4116567209043693,8.978270371128245,-1.6113765361106986,1.8910996242509848,-0.17635278996309145,167281.77232237114,33.99,0
0.09841862221079711,1.2293131222244327,1.8947706387383136,-0.8565368747679094,-0.9126080424041187,-0.3000360944402867,2.440963038715012,-0.9611762007756068,0.671742452430891,2.05422494267915,167283.59871468676,27.22,0
-0.2525836067716447,-2.862726826857008,-0.5632615119333186,2.304123127387682,-3.670269251277447,1.6998627018244006,-8.032510404405151,0.5776815339322028,1.777822978590371,0.7646740176442097,167303.8243436639,64.65,0
-0.023716793551913917,3.6054681157833968,0.2187841751764159,-2.044819532891627,4.263374064705343,1.133799073126594,9.019734501449612,-2.7797608239794602,4.683613513037105,-1.592966602504006,167354.86076830953,114.52,0
1.6933254039494814,-1.7164251367260035,1.1245095848458604,1.0553577630049327,-3.1305955430567347,1.3483921640864847,-5.456759373913699,-0.6778401223292503,0.480794789523907,-0.7111922814694778,167363.25091774136,180.47,0
-1.8229925171034678,0.20416088456732484,-1.0487229048716835,-2.469716375597541,-0.7949043997741715,0.40960984169163245,3.5812737518865787,-0.6651121557175047,-1.0740366840116324,3.353827476640597,167422.09339336748,191.92,1
-0.9096252121436832,-0.5135691217162163,0.4301882378592492,1.8871590918960717,-0.7214535149649789,0.12983569376068438,0.01929055906745809,-1.5103017059469694,2.7099106020856647,3.6604991114760854,167460.9344883322,37.16,0
0.34474897678568317,-1.608959641521015,-0.25740895951381093,1.6592466334474978,-0.9508003072224018,0.4537836370801041,-3.483312446499464,-0.26504982657573317,2.493472496051038,2.303885976296229,167495.4781549803,66.5,0
-1.3100956355934517,0.21989475063088126,-0.5877630100109292,-0.6490874197334398,0.1801966925541727,0.6147566363780186,2.089108318744173,-0.5369071236768912,-0.24737855537154463,0.12873442694450965,167514.4492995377,127.1,0
0.7059756711402145,1.282778106929072,-1.6820180292711504,-1.299305739737866,3.671615947901508,0.8778471441237035,4.671587632284376,-1.878657987027509,3.6209718784465332,-0.36430953230880525,167524.49086998374,44.85,0
4.105910199334391,-2.9632592358378047,0.9984181485019262,-0.7050979869590472,-0.530663221693971,2.694446877503081,-3.357268088580169,-2.5847020881135996,2.67535627317103,-0.05656161643518787,167544.22367771572,16.87,0
0.3634866873924376,-1.3464212063637384,-0.5329353784698185,-2.0138304491434784,0.6301162368379676,0.43793547912850894,0.7326194843427404,0.3253495565185549,-1.4280690016799273,0.9193037030405647,167568.24374749043,144.58,1
1.0724701515219635,-3.427646626232271,-1.3552650727989852,3.6420009349246194,-3.324524892138937,1.3155372571697095,-11.18192628607416,1.0825278418673543,2.466207996094859,-0.1774927406872584,167585.07658957253,1.01,0
-1.0207278756615055,0.8177020782232444,-0.2749667900329379,-1.4503395698609496,0.1809484031463504,0.5998208744066367,3.3731117743270267,-0.9359674993167945,-0.3907981190974601,0.19410167193089034,167595.06125508,83.34,0
-0.14909916207388862,-0.9830413896211437,-0.46165372396144755,3.045673333244837,-1.003866289244418,-0.6115714317549864,-4.364910530034845,0.5132651821845331,2.010520586806131,1.7804672926194827,167600.42245359262,8.65,0
-0.09202431300724967,-0.4087088671596535,-1.901945212805505,-2.4357768527179076,2.1994876871004516,1.2722605354153411,0.5691713410782537,1.478507559880156,2.1628266772229185,-0.5375453728597592,167600.80156733634,19.17,0
3.1333615858020565,0.42708021982885613,2.525790161565837,-1.0382017927516176,-0.9980864139788241,0.14747502387117206,1.7963212756801052,-3.1005694814336997,-0.5617779311733433,0.5039412856263802,167601.20794236343,23.99,0
0.12915307488268168,-6.099551432042339,-2.018881790934395,5.661030256428796,-2.5615642467308266,1.2827240927677817,-14.680559720195644,2.811302928846601,1.8326569757492472,-0.29545527421606477,167603.303579649,54.42,0
-2.6537923035868745,0.6424589710266662,1.8983012439850744,1.963871528784742,1.3271205800818906,1.6631647877008533,4.4308771361352335,-2.4515687974824356,3.615423791241926,-0.3649296664027546,167660.42856066267,93.0,1
3.059653647197501,-0.2265012545065459,2.568567884911226,-0.2077015990637563,3.1221811743439405,-1.1316407100991035,4.946300016046771,-2.984024949779262,-0.6045379750635305,1.372258278726823,167732.9070468038,73.99,0
-1.5859507064740979,0.3334920781786469,-1.7836600161123786,-1.0622548515273815,1.1031618665112528,1.8385992568626004,5.278910528597355,-3.34103965199069,2.762462866654693,2.5537018601638866,167798.86476457556,4.72,0
0.6069741822261714,0.01217455760961561,-2.3406334280295913,0.445568863965599,-0.9923571901058654,1.1783831957915536,1.2051346017941005,-4.2102240185665,0.9013401460025624,1.3744150290185542,167814.8767932398,9.6,0
0.40126110951956895,-1.4434897843833747,0.2872351446332726,0.9408803701320015,-2.525250743905201,1.5512097441579324,-3.715811933640405,-1.0125134416293093,2.416043831032269,1.5018354691556277,167857.07225039531,45.95,0
-0.1887202806736682,-0.5786385793549675,-1.3960097925101693,-0.7879805749295368,0.601484010807472,0.05714027820201756,0.9107715774610703,-0.24024368447798206,-1.2360437436107081,0.5330207649427045,167880.84898770155,27.71,0
-3.462693894858776,1.9540154935743022,2.119515328470155,-3.0638316051391024,-1.2482345948658264,1.6822130872655252,6.478445504512123,-0.6210917939466879,-1.0174208877085502,-0.4186583019392316,167923.943894182,23.8,0
0.8421953589692757,-0.5718268890476115,0.8357985853265865,1.8569596347986455,-3.460362588483412,0.8509763033083454,-1.6525720988608597,-3.587275282774614,-0.4310536593558725,0.8795954458064283,167962.5209603296,221.39,1
0.26751783953009833,1.348957300537537,4.774626292177337,-0.9289240307886653,-0.12270537136096837,-0.38687959576339975,5.019967610005812,-1.4260254605516154,-2.3170135986734506,-0.9630440807313605,168136.2238612226,147.94,0
0.5062081838087329,-0.7932201252133595,2.531445784273109,0.12006032870025418,-2.596466173479545,1.0869827637077727,-1.940492460564238,-0.551027613114077,-1.3202800105299048,-1.4719423778960445,168147.67067924514,77.51,0
-0.711896463170435,-0.7076465449250056,1.4437824654160532,1.233877238807043,-2.2791669968768584,0.19452111253848758,-1.9707471800368417,-0.09061908403376762,-0.3815216078215249,0.8887760464829462,168147.9065616191,390.19,1
-1.6736338363508314,-1.0433859656994298,0.22072789058969966,1.84768861048782,-3.139201246629171,1.687360254542313,-3.653408896989929,-0.4588364739934384,2.6370352082317803,1.3354477938511322,168200.5165916811,5.37,0
-1.1028831100306733,1.951314705547274,0.8680965152743612,-2.620455956687236,1.4784904997176378,2.4730340390980547,6.5047407057762525,-2.114430867889813,2.2985890236675894,-2.2488643490372295,168218.8938738542,240.45,0
-1.7584575190890233,1.6085613607620735,0.32374562631873727,-1.9464936744612635,2.6177802659552465,1.3268529149903008,8.383901920164202,-2.5719033842043837,1.6266954553510675,0.3232085394503834,168272.71142811544,75.3,0
-0.12744117042796832,1.9258884897091584,-1.3425631332138597,-0.38201203774882797,2.0640669640486253,2.864786682202025,1.2002868478478228,-0.9843984553976578,7.364402863845651,-3.4148050628016904,168340.7998914665,36.12,0
1.4278241233144442,-2.6268704133202014,1.7975785414643113,0.039215800114653754,-1.0558761848031921,2.2326551288575254,-2.1637158906765164,-1.612176314976503,1.5086215617820573,0.4340796709720671,168375.42276471356,79.63,0
-0.25101408971039074,0.08448826760970363,-2.9986983178625417,-0.07970485564189056,0.3059804534971894,-0.1769331850078727,-0.437099968393865,-0.1968851507578504,1.7596005288601693,2.4350175696274095,168426.53499718968,92.78,0
-3.4215315326546136,1.6884344350677865,0.5601450698650439,-0.6815320554505027,-0.40965579321013856,2.800049532332811,6.368240493884974,-3.3665405063819254,2.9639270459004567,0.14109188831023278,168444.25841896413,99.41,0
-1.4808850863910556,-0.07975302552340224,-0.01631773372992862,-3.1349124226174,1.9330606206973655,1.1448701949318687,2.085376792943124,2.6822199466907,0.17340223575127012,-1.5923848365013678,168539.29346518338,43.24,0
3.014961046845521,1.3687557917970457,-4.129004669586003,0.07137316751798917,5.458589886511433,-4.06586595532097,2.0804925024981777,0.5945957828190802,1.1561201212131316,3.311564278593739,168585.4427085933,37.52,0
-0.44638049016641435,1.4057557311719282,-2.4398812994176478,1.7649723192589502,0.17498963767883635,-0.4046668884772538,4.816172535051473,-5.45021655107484,1.6085041687424801,4.109636999736078,168627.23933112598,1.72,0
1.2935812518367238,1.8810428973801687,2.7152100729409874,-0.9489177002777527,-0.6384634397964524,-0.6577678703610854,5.532174701885032,-3.6619135313378166,-0.10279066275327065,2.8012290849769026,168629.5162055459,170.73,0
0.49875949764638605,-3.200794436854035,-1.7494730108719176,3.7654130681135802,-1.2232090496329535,-0.15741300322603832,-8.778147509736737,1.613492755177182,2.5923807881408707,2.181400834205596,168630.9848484573,61.1,0
-1.5045112577210253,-0.4842015070642529,0.1439216588734915,-3.1034009969705294,1.1369704638723195,2.237287412782675,3.9295620734056165,-0.16619291316073903,-0.2934623084528645,-1.0803362358863366,168655.1886626481,15.76,0
0.6540628331007221,0.5240237540165551,1.123890648641463,-0.21349854627304432,-0.8165718017262451,0.44351398724704366,1.977261321579921,-2.5122350499773196,2.757360837288415,3.393966146516333,168791.09676664195,164.85,0
2.3027014322651276,-1.0859046176537381,-3.462378854181316,-0.760710802240032,2.873511380014678,3.361847030020631,-2.528393026379196,-0.8719288234365524,6.252592190198849,-3.504206381021824,168826.80172704943,161.18,0
-0.8428555056126493,1.367227142181501,-2.082492169573922,-0.7028545395176375,-1.0575256350249238,-1.4256930847361975,2.664781365094228,-1.22065568111773,-2.5872192212963907,2.7344754001556795,168855.69903344364,51.54,1
-1.2655610289729773,3.79440857396357,1.8173612736410223,-3.368299313325186,2.6615994652536727,0.6873939771743028,9.226846164524993,-0.9328498837343937,1.6158977542862938,-1.786189353145561,168878.80650093182,135.67,0
-0.5236971341071144,1.0405934413152598,1.6429839503604806,1.0678089893101173,-0.16004053100448135,-1.683133979829789,2.513771884635749,-0.8149591541100183,-0.8667435597629194,2.2452903059705225,169059.70720342483,398.29,0
-1.0593817781912473,-1.4563073667465574,3.0534474722462144,-1.329102584314728,0.2758654957365858,1.9118723624023721,2.7039698952409004,-0.6115037370802467,0.253076096917644,0.32948016128992486,169089.2009376435,22.74,1
-0.32034531093284757,-0.6319060220494559,-2.7141697355758714,-0.15954028358505512,2.5120220565212588,0.6240557264582698,1.207183661016926,-0.531384865531151,2.503015115672648,1.1987835347052738,169167.936702207,121.04,0
2.2787719107581874,-0.03780802356855828,2.2856302148141205,-0.09038995829059249,-0.33474159862842967,0.07156832540778554,1.3089728979582183,-2.4363232453662675,-0.44667997094201173,0.10337502325789572,169189.33328901872,113.56,0
0.7566612319175212,-1.0644135698054176,-1.5565302321805865,-2.273774131259164,2.3430423031774668,2.5663026271565643,-0.15226761927709465,0.5517234474214332,2.387214326970718,-2.993852753907761,169338.8729132094,18.07,0
-3.4928925240230573,0.6046596438948049,0.017823729939027144,-2.490922072499481,0.609899756200135,1.707689739550743,6.111565856071445,-0.7315281023585408,0.9754869389197148,1.9006076398058216,169349.62900933044,7.74,0
2.7714651758517377,-1.7392551294098686,2.531208222042319,0.39357135512180275,1.1387724131790669,0.0886757335360331,1.0588208277372966,-2.4121492001370144,-0.8746320265978789,0.3374354849915533,169407.7184348096,253.42,0
-3.0099289045067468,1.4736255220284076,0.66416092939104,-2.468984052141278,1.1396243546511347,2.009755694911551,6.0137041097544754,-0.395561202891789,2.118433516976466,-0.32994466595573857,169442.18963609304,23.82,0
0.6145363560363867,-1.4043258605891153,-0.6631566474382851,1.2436223293622306,-2.072047579116405,1.1790830065611808,-4.05941940802865,-1.0308426164340827,4.065916227240865,3.2751900736369417,169471.7585712166,134.06,0
1.9251545294323658,0.49230021080191433,2.7771993477883345,-0.1283187920004425,2.4492657651511527,-0.9591106943866422,5.9929158238838705,-3.2995570374434124,-0.069712152010583,1.9734586041866107,169514.618946512,1.27,0
0.6627121889834969,2.006111236352347,1.1284426485215597,-0.5510083534846049,-2.6394259461774623,-0.16497188251120734,0.689190502058907,-1.5156687564157636,0.906702374897765,1.4310421618910698,169537.1744795793,2.38,0
-3.8525883370685663,1.6977478848419665,0.6524534611148711,1.3935341628148832,-0.9485319195455713,-0.765070849566501,4.22769589239132,-0.9230476980760358,-1.9232166111237503,0.8737445731859937,169541.6368536268,267.53,1
3.74745785200419,-2.2039368798355103,0.5832388056368141,-0.15286843986631027,-3.0920516182449576,2.506074502260443,-5.981403928774817,-2.042398772292676,2.040295786599929,-0.6506852349720178,169547.5301925245,18.73,0
-0.5122986508878541,1.2745758709668484,-0.4661505532386072,-1.3039451796612056,1.550666825731789,1.7770565166462364,6.016300747860286,-3.5171540967502155,2.075337036830038,-0.2559678665629028,169548.97156313877,77.09,0
1.035068389231403,-1.491407088729354,0.5215323806365543,1.6579754585390418,-1.1828598686400877,0.04114433494836571,-3.607323439372412,-0.24211152374097122,0.3573917782025524,0.6249427379534993,169550.06903955922,55.19,0
1.1565502849686797,-0.35621311512135456,1.5295688155780198,1.0852788153289765,-1.2703491858288427,-0.3393788241485901,-1.6505734849274887,-0.6692258804379492,-0.4097840790523364,0.18628721105748247,169568.13723792424,6.24,0
-2.927826051076794,-2.2665535888802966,-1.2750950969005144,0.11861676984403036,-4.1803000579045175,4.827768682595522,0.6626842704339803,-5.1168438992224585,0.675773780964466,1.2578882526794632,169755.0250018072,12.54,0
-3.5192391820036986,-1.8362985863987942,4.416652087736328,-2.0527302947485735,-3.234934564787687,5.338414822836725,1.7925136041656418,-1.2844451910455614,2.196490273796661,-0.5714040567591028,169952.51048519037,55.81,1
-1.8706821700398801,3.4132809011310647,1.2148877731409087,-2.021764163776644,2.2097142725751135,0.5642276509510183,9.31729632877507,-2.199972994759122,1.8089250848302325,-0.17676634315841633,169960.41328556096,14.35,0
-4.193604037610839,1.1973138151499625,-0.08571372667402355,-0.5355262801989593,-1.131978253243985,-0.2738843599453022,4.412896537786594,-0.14788084391105805,-0.6419851970326211,3.6002921633428917,169979.71828551788,103.13,0
-2.3294729184121987,2.417629540466141,0.4608777965239983,-1.7583381279573982,1.5398285569660723,1.1669362294233818,8.127917662154273,-2.4159894138481657,2.1246520796416277,0.793548207457714,170031.3375674583,35.97,0
2.370614764368323,-2.355829750529068,0.6868425363631632,0.23796219784001016,0.37208857602933554,1.6180177034367733,-0.7440550211184802,-2.8814091070431544,3.569083277143545,3.0188079030224686,170037.47460276823,7.38,0
-1.3858630744956042,1.5353851001664354,-0.3949652828531033,-1.3685183237449197,3.405436263131014,0.30573326285386715,6.613571887533495,-0.979618891178605,1.9996262681763828,0.4829931749281564,170049.6234776382,44.05,0
-0.1775426435881532,0.7833929075226189,-0.45487323451977435,1.563666695295785,-2.1486503967465547,-1.265100592737086,-1.1620554308389344,-0.7821974922714116,-1.4411395711187045,1.2176371388254803,170054.2631295068,82.32,1
2.322582974846277,0.47045024024875315,1.5525635864206495,-0.2731791463821618,0.8772042998450051,-0.36941536945423187,2.85596502651146,-2.7492379690336284,1.0397616239063996,1.7264898894147036,170104.6968255738,9.97,0
-1.551941887731731,-1.0195139802839255,-2.681303977618133,-1.3685440114833023,2.1690230600944864,0.35235798575362387,2.2268850855746014,0.4455706033272546,1.341421805706216,3.265091323343009,170150.930989835,18.81,0
-3.3515207204198005,0.7422084663299319,0.07497040235989649,-1.8171504158865446,-0.7627542897956694,2.274769970579293,5.428048827852195,-2.0443639402245086,1.1741030527180316,1.5428917126120947,170180.5591806914,128.58,0
-0.18333699313495333,-0.549892598339544,1.7078200125876055,1.3340154693700415,-1.6252808901123372,0.04070397598892365,-1.661588755163745,-0.20086224524236973,-0.09212689888584369,0.43953210714848123,170183.53199735584,169.03,0
1.6678032424621252,-4.140536018446513,-0.6224782683218191,2.7628410089574684,-0.30859861554067314,1.8352857344034945,-8.087521064595366,0.45497246395387037,3.3553416581995976,-0.3416014546861539,170206.21258114322,114.76,0
-1.1245179101550256,-0.3690541737493247,-0.7828616705699174,-2.407929155420003,0.4730004294865271,0.4984510724467681,0.10508443545345036,2.5002062751082414,-0.7107341001833338,-0.3329433581440011,170320.3984703118,27.43,0
5.668531111624267,1.251247046606606,3.8086625611432705,-3.717242260453154,0.25693245443708523,0.5783632264812151,7.034019560832673,-6.301062810378522,-0.11460608990721499,1.8300168334637374,170380.98382859209,21.67,0
2.1602118293864843,0.8003738573362253,-2.9681735319785134,0.729145659417612,1.4697049785243623,-0.7904598244981116,0.5268659611833166,-2.3053197520523163,1.4602905401719615,0.87184709251018,170417.21664607537,52.78,0
-0.7787344636412254,-1.102333610071081,-1.4724988272611086,-0.5360912142017602,0.4588928290530403,1.9683667000540024,3.0176166708758356,-3.2241318057588706,0.2400802972672046,0.8725226306575258,170469.83499142688,84.17,0
-2.3754307429978407,3.656656247470435,0.7751493457687886,-3.488636091884507,4.312841325738919,1.0184250338015586,11.569510622118596,-1.5006796093547345,4.12067212734016,0.7047446864800819,170489.68524728875,327.08,0
2.4032162027046944,-4.253649380190764,-0.7402939125021837,1.3020835892717821,-2.7655928676542323,3.115854056672851,-8.228983949186407,-1.4509125513221683,3.7504889255961866,1.2752574645069363,170491.3191650031,10.17,0
1.178940270997791,0.7182608226023699,2.6420492754085347,-0.08115170040621922,0.8166812468242237,-0.3638874819232848,4.5894585767593385,-2.947241550957446,-0.2335138772345171,1.107308434344374,170495.2961165629,4.29,0
-1.2430509828822984,-5.616710564334674,-3.367809159610622,6.588439090922416,-4.458430629720366,-0.02608595270099479,-18.644853610024697,5.790713589916798,0.43871924993148903,-0.5051887633686174,170534.06264456938,78.05,0
0.607562054796769,-3.3868567967639462,-0.37673892366653017,2.3943112179143293,-0.21481605015650118,0.870446095658146,-6.598958751625737,1.3347407489279264,2.404294813175878,0.6689461296571384,170601.31514562242,117.03,0
2.2502671443905946,-1.6120766175277605,2.3887547096267236,0.2559955380923826,-0.48729728709871767,0.28503351116848513,-0.7284713701703036,-1.5546902185210558,-1.4358618789458646,-0.15506023678328074,170665.8446135908,122.75,0
-4.141142925020717,1.7774275216089772,-0.36508105830335846,-0.7117095263494242,-1.0361519888285087,-3.2702895805500245,4.826424344028534,1.5494705749224469,-3.5799199902657657,6.454660542851658,170669.0317818206,74.75,0
3.053194361479211,-2.0123652969777863,0.657216910740839,0.35797001613518287,-2.0457794218014427,1.7646471030748072,-6.100170470949949,-0.4322189193911198,0.6642593933572295,-2.544461594349653,170678.42894638624,201.16,0
-0.8737652508118326,-1.4062677637853873,2.3641053144491946,0.01113242143144011,0.4087714619565337,1.1624291437723482,2.9791609982747485,-1.7970162834498535,-0.20779843449633817,1.1631866028890516,170689.33789313253,30.32,1
2.8596083017450864,-1.119765987028943,2.8800492647826212,-0.23293062273314136,1.0009891572286214,-0.580517431720025,0.8566586449269725,-1.1079826989071404,-2.680664326014769,-1.132506686044739,170732.61495168626,160.33,0
2.572799457677686,-3.409038239737149,0.8541215688115629,0.551937674638979,-3.128879867844383,1.7191416030137203,-8.19889596873287,0.5800919343605089,-0.45134602180439476,-1.4322147724222951,170977.15543076175,224.35,0
2.0286044391425433,-2.2293954579242516,0.6095120585231097,1.1902781145196462,-0.8361070341093162,1.1688557527774337,-3.5526982378364664,-1.3860305949484948,1.2835134456803607,0.18934978272943748,171065.12815698254,123.09,0
0.5422650093612501,-3.417317640031011,-0.8492330169450792,1.3662398644176201,-6.098396572777874,3.339942829138525,-11.286910973767496,0.5186466250785255,2.706252793673799,0.040312297655749285,171081.3052980167,25.1,0
2.4698917779683907,-0.9568663247611979,-3.500499020708213,-0.28451763578575684,1.2967478159406527,-0.7567092700092399,1.2625888138557242,-3.1634423593238443,-1.3115962407724706,2.7536657384216996,171090.8086038104,15.2,0
0.324001490691455,2.6484911940351807,-0.3798465699564795,-1.6124788850433371,1.8084049528912172,-0.7977919457111724,5.191101702686985,-1.090273476782214,0.5779891392039707,0.19993147504605246,171129.42209554242,52.63,0
-0.7930966451750983,0.13987113974873722,-1.3994139506485102,-1.1879022762005165,0.08665928729237893,2.342681484800348,-0.3335851922199067,0.05343283278738897,3.203361346888329,-1.4536631373423234,171159.28853771635,40.22,0
-1.4010042084953853,-0.18763422002057295,-0.46476910576850106,-1.0874376853505556,-0.7205807310359704,0.5517228889939881,0.8651902088361211,0.32740196013126655,-1.4386856679362081,0.08795194507193382,171189.35834096433,137.61,0
3.0836757701907938,-2.9445093205644555,2.755591296343031,1.1061514983996636,2.4306049787154302,-1.1518664313789408,-1.5425623588107822,0.4686410599236479,-3.3518600475717744,-1.6538068402946107,171273.93859646955,7.85,0
2.0193864237789434,-2.3360141922952375,0.7017225661194229,2.506965695545589,-1.7468701209825466,0.49487737243657726,-5.8725653394206,-0.6055621127067345,-0.3445791114427741,-1.2110075483952025,171289.03571173814,20.37,0
2.1429881213619577,1.3068628313127857,-2.379991602599384,0.766920315941245,2.3674341303782223,-1.4867256892864666,1.6653920480866191,-1.8771313414331217,0.9465199120835399,0.4540013996364507,171301.4613902973,91.58,0
0.9437518014894395,-1.46086446019481,-1.9629765040990872,0.7043200559716354,2.257634167714667,-0.19374944334374244,-1.892442507195902,0.7272803019723353,1.8247736087897364,0.7805778421078566,171384.75959317,730.77,1
2.13099272944113,-2.7931843654826998,-0.47245298739110186,1.388674027021468,-2.3041451719508466,2.0114293981930356,-5.741456094068968,-1.9315142066927882,3.3315805510826064,1.9304378436468368,171444.90496146842,26.14,0
0.4450003820333145,1.7200923745954122,2.8038526370869765,-0.8602186352090033,0.629891588763877,-0.38162128258469075,5.533320433482793,-2.2853858005620973,0.21813445343419902,1.0926214680618942,171501.14917296724,32.83,0
2.5998503873101884,-0.8656844888998789,1.392612319486644,-1.1959897567916284,-1.0157821545920318,2.5425442985227686,1.1965685395619723,-4.366864964117752,3.1837612686843775,1.6236741753702573,171558.74977903935,64.34,0
3.270762509782357,-3.192860647272383,1.3181406627750416,0.30016182917365186,-0.5938033671828857,1.5814431092549104,-4.172466125852363,-1.228865008107507,0.2302002544424563,-0.8299093442294376,171584.3167694151,12.19,0
1.4821480885772875,-2.7239801830076926,2.5571995976773363,1.08670942962369,0.9836165265488608,1.361361148236054,1.3254650510539265,-3.317893383500261,0.7050847578064998,1.3003921320683716,171634.46666508817,129.08,0
0.025981630038511172,-2.0453403088733024,-2.431758416880474,-0.03653555800131003,0.008339592852939948,1.119063044785305,-1.7831562000431598,-0.5862032494748166,-0.39365894306647475,0.36701315072815377,171737.00160186784,39.57,0
-0.9104643884264381,-1.0484006495364369,2.2327509517545945,0.6738506410655365,-4.1908239590837715,1.622174028162622,-4.732077980189674,0.9869584439875383,-0.7904538961371477,-1.9387376515691859,171787.28161901774,162.8,0
-0.16370988964022448,0.2264362221032361,2.4913234515434395,1.0502766805019819,1.6679152455813004,-0.7801063243275796,4.48654350749967,-2.0314255143859805,0.366917682707968,2.0286423723066846,171904.77399731634,42.01,0
1.881477073390939,-0.8759057093263138,-2.2220121345042765,-1.4141447542723316,1.6831834570102524,2.0407188352788266,-2.207198307941165,0.3266666095693953,2.5021055664156204,-3.1711251560342824,171912.89960693577,21.91,0
3.219000051381516,-1.578703303580868,0.03276757130537711,0.9494688110962435,-0.41036828225883826,0.2777922885297839,-2.5574769010385374,-2.3077652449874275,1.8121831415010798,2.0070635825962397,171920.07175330402,10.94,0
-1.3923295750007418,2.487871118000094,0.04086658754409811,-1.645037690731174,2.019002649555654,-0.047967713319254326,6.928851860880667,-1.3275706168297876,1.3441839400345228,0.8683533219781475,172011.60279785836,1.24,0
0.5977716429698593,-0.02779875639913254,2.6323517986934464,0.43620176908701225,2.0001251462594944,-1.297839974775558,4.215167081182116,-1.3560704383244078,-1.4184343417149332,1.2528404545923677,172045.05572140706,50.38,0
0.1406230170695717,1.3551381095548969,-1.5730097143111212,-1.0655475853532577,3.617288034256064,1.149319015176977,6.5670587437910735,-3.377497081936004,3.6815204992752824,0.6088308304413624,172136.04598058897,8.37,0
0.07120954280690017,0.7553375700240601,-2.368442026190899,-0.22769388768047827,0.8507687592575316,0.9759927610754029,-1.0781966771123008,0.3036561270493898,3.976260850176902,-0.5892994041503758,172166.500694605,33.31,0
2.8622316392190066,-4.960450670775151,0.19421656890324102,2.1014492173835055,-3.7261456187552184,2.8813455679728985,-12.143576236368364,0.6999105424779575,-0.028948555742047688,-3.674746201527789,172166.57354198833,58.84,0
1.8755257922180284,-0.5486535496687241,1.8112012293077546,-0.6482121761744344,1.2216977818014052,0.30891396835165574,3.1602932215387223,-2.7142225837499425,1.3965142108575168,2.445013638813087,172218.84544637086,21.96,0
-6.173032327060239,2.283851381778008,1.7147964763275767,0.47776058019566703,-2.750179767601159,1.4027464440706967,8.50200709266498,-3.974295971991202,-0.022603666929866373,3.3048701163160192,172229.21634579438,13.52,0
1.4755528252920866,-1.5824804722326904,1.679163334055841,1.5108027558602446,-0.9412171556573026,0.4945669898536742,-1.2926100013144708,-2.2061608646086226,0.38144588318477135,1.1427212717313193,172259.8707189797,97.88,0
0.146162157261842,-2.840040930269637,-0.5338819974646156,2.2663873662034426,-3.6288046112655303,1.8952934481205084,-8.954573420806861,1.0314019502905984,1.535098773684103,-0.8604882581356048,172303.1136272525,191.68,0
-2.4185108205486117,0.4885016357573073,-0.4428767811620229,-1.4239199477346103,-0.9702351166966201,0.04852662342111601,2.969791827910458,-0.05697741836152326,-1.4352537608999993,2.3059812813740166,172313.11075442983,7.88,0
-1.6431546985494592,-0.8765199998543947,0.6512709301622199,1.9234545203023152,-0.04972588824076685,-0.4514653975075515,-1.2292707426312695,0.9952983501055133,1.8338901256488893,2.657646029076389,172322.70910334255,11.99,0
1.029541674335926,-2.5467536437125236,-0.49416226390810536,2.7588085688544375,-0.9470025509683855,0.11063265850081813,-6.429232520656988,0.6887848553341878,1.7381830727057124,1.0522674549210778,172390.16979109266,210.25,0
0.727596867128856,-2.235143447088123,1.8081006695704287,1.7229388159498016,-0.26651700700314607,0.6356361630546824,-1.5702184987400778,-1.2224041214092554,-0.19697151737692886,0.2255079166237428,172423.44386184582,3.5,0
0.7904702109889934,-4.657942464625114,-1.3933281662835664,3.7100846834884065,-3.619112079475438,0.9636342172843475,-13.798094108025603,3.2290615965926976,0.5676528500563933,-0.9331517544029413,172443.01430016072,248.01,0
2.699335103395133,-2.8106549029922823,-0.15717532341490936,0.45426797252581286,-3.1673043563203844,2.0747350027621105,-6.397729442701556,-1.550995921244431,1.7880769037927282,1.0327480089314014,172514.4499687017,1.3,0
-1.0237250030701073,-0.13300261878911834,0.31366527993397963,0.8864373258678029,1.2620240047680351,-0.04932884268470613,2.5760009808999893,-1.1385015943747583,0.8669562186760957,1.4175835421749983,172608.64335935263,43.32,1
-0.9744544864578902,-1.5478023907004335,1.458281263263117,-0.3735256683541983,3.321828023976261,2.4390295487950686,5.478050377511414,-2.724603635686316,2.628070834820127,0.3255589557511146,172698.69181317117,110.36,1
-0.6980104730737346,2.0595565991929767,-0.7149378019645094,-2.781591540295268,4.120572122738532,2.2414101917804197,9.34194911216491,-3.4682152873024368,4.8604473485514,0.2852430575146867,172723.57112167578,182.36,0
-1.7243075057991364,3.30038184552311,0.7209120525072956,-2.9279291846473186,2.8701619098318822,1.0574079257474363,9.301985606657285,-1.662605648276839,3.088414127986708,-0.0746723700546319,172751.21394384338,25.78,0
